0 2 
392 840 
15 7 
1 385
1 429
1 1090
1 1303
1 1751
1 2214
1 2654
1 2906
1 3526
1 3722
1 4172
1 4559
1 4825
1 5103
1 5833
2 28
2 440
2 915
2 1560
2 1905
2 2069
2 2670
2 3089
2 3225
2 3869
2 3955
2 4422
2 4937
2 5233
2 5498
3 319
3 697
3 1137
3 1550
3 1825
3 2072
3 2490
3 3106
3 3245
3 3666
3 4057
3 4348
3 5073
3 5449
3 5846
4 266
4 509
4 1105
4 1226
4 1719
4 2188
4 2409
4 2811
4 3479
4 3586
4 4176
4 4551
4 4841
4 5394
4 5742
5 69
5 764
5 947
5 1418
5 1856
5 2352
5 2742
5 2819
5 3524
5 3530
5 4203
5 4367
5 4974
5 5292
5 5522
6 33
6 473
6 962
6 1512
6 1799
6 2293
6 2395
6 3025
6 3194
6 3544
6 4061
6 4568
6 4839
6 5258
6 5743
7 300
7 499
7 818
7 1181
7 1692
7 2130
7 2359
7 2821
7 3411
7 3866
7 4031
7 4472
7 4829
7 5228
7 5590
8 330
8 615
8 932
8 1300
8 1784
8 2064
8 2632
8 2756
8 3205
8 3784
8 4128
8 4572
8 4970
8 5218
8 5855
9 49
9 705
9 921
9 1316
9 1680
9 1982
9 2627
9 2939
9 3454
9 3555
9 4006
9 4438
9 4759
9 5400
9 5565
10 367
10 406
10 986
10 1432
10 1773
10 2250
10 2479
10 2774
10 3165
10 3653
10 3936
10 4679
10 5065
10 5422
10 5528
11 324
11 746
11 852
11 1379
11 1676
11 2272
11 2624
11 2802
11 3511
11 3734
11 4104
11 4617
11 4900
11 5428
11 5598
12 250
12 448
12 1166
12 1291
12 1637
12 2319
12 2489
12 2976
12 3444
12 3836
12 4299
12 4656
12 5078
12 5151
12 5629
13 199
13 512
13 1123
13 1190
13 1585
13 2295
13 2719
13 2847
13 3207
13 3783
13 4002
13 4586
13 5016
13 5374
13 5555
14 271
14 566
14 1010
14 1528
14 1775
14 2006
14 2361
14 3008
14 3429
14 3720
14 4040
14 4628
14 5019
14 5199
14 5601
15 82
15 753
15 1072
15 1273
15 1683
15 2190
15 2530
15 3016
15 3494
15 3875
15 4139
15 4634
15 4963
15 5219
15 5600
16 175
16 683
16 1050
16 1440
16 1739
16 2268
16 2650
16 2910
16 3216
16 3834
16 4286
16 4408
16 4933
16 5397
16 5804
17 155
17 552
17 871
17 1417
17 1590
17 2173
17 2697
17 2761
17 3183
17 3868
17 4021
17 4669
17 4945
17 5197
17 5537
18 227
18 559
18 803
18 1442
18 1875
18 2136
18 2710
18 2894
18 3249
18 3649
18 4285
18 4655
18 4947
18 5351
18 5726
19 230
19 721
19 1096
19 1216
19 1832
19 2313
19 2605
19 3130
19 3169
19 3668
19 4077
19 4576
19 5093
19 5381
19 5512
20 64
20 553
20 954
20 1371
20 1944
20 2240
20 2704
20 2830
20 3274
20 3659
20 4170
20 4411
20 4743
20 5390
20 5607
21 317
21 442
21 798
21 1441
21 1617
21 2165
21 2721
21 2792
21 3304
21 3642
21 4136
21 4355
21 4863
21 5461
21 5828
22 208
22 755
22 913
22 1344
22 1634
22 2016
22 2434
22 3013
22 3518
22 3817
22 4101
22 4659
22 4994
22 5304
22 5651
23 73
23 589
23 841
23 1540
23 1601
23 2222
23 2524
23 2752
23 3329
23 3900
23 4204
23 4553
23 5052
23 5131
23 5835
24 102
24 482
24 1154
24 1357
24 1609
24 2041
24 2401
24 2955
24 3178
24 3675
24 4030
24 4495
24 4752
24 5250
24 5805
25 339
25 769
25 855
25 1317
25 1929
25 2294
25 2487
25 2866
25 3486
25 3704
25 4255
25 4530
25 4861
25 5179
25 5662
26 81
26 673
26 933
26 1196
26 1599
26 2121
26 2543
26 3035
26 3438
26 3821
26 4178
26 4610
26 5031
26 5281
26 5685
27 51
27 466
27 906
27 1261
27 1762
27 2078
27 2564
27 3062
27 3305
27 3919
27 4224
27 4501
27 4983
27 5454
27 5728
28 78
28 454
28 791
28 1351
28 1828
28 2082
28 2591
28 2799
28 3260
28 3916
28 4309
28 4490
28 4744
28 5104
28 5675
29 217
29 679
29 1113
29 1224
29 1898
29 2068
29 2549
29 2856
29 3237
29 3782
29 4199
29 4674
29 4817
29 5099
29 5564
30 75
30 419
30 857
30 1474
30 1669
30 2186
30 2370
30 3083
30 3516
30 3617
30 4298
30 4327
30 5075
30 5450
30 5673
31 61
31 655
31 867
31 1416
31 1575
31 2117
31 2541
31 3036
31 3218
31 3841
31 4166
31 4542
31 4833
31 5346
31 5520
32 191
32 459
32 830
32 1475
32 1890
32 2009
32 2499
32 2985
32 3399
32 3779
32 4215
32 4364
32 4858
32 5287
32 5658
33 231
33 585
33 1146
33 1410
33 1657
33 2089
33 2369
33 2814
33 3146
33 3775
33 3997
33 4324
33 4709
33 5315
33 5553
34 1
34 417
34 1169
34 1561
34 1782
34 2201
34 2426
34 2931
34 3263
34 3542
34 4296
34 4594
34 4965
34 5484
34 5683
35 193
35 591
35 1102
35 1565
35 1706
35 2096
35 2634
35 2789
35 3370
35 3758
35 4091
35 4371
35 4872
35 5130
35 5869
36 296
36 704
36 887
36 1531
36 1902
36 2209
36 2664
36 2875
36 3264
36 3672
36 3927
36 4476
36 4935
36 5333
36 5702
37 42
37 723
37 868
37 1275
37 1696
37 2067
37 2509
37 2940
37 3373
37 3762
37 4010
37 4615
37 4784
37 5467
37 5677
38 14
38 735
38 897
38 1251
38 1631
38 2057
38 2666
38 2807
38 3365
38 3896
38 4305
38 4374
38 4942
38 5260
38 5527
39 70
39 546
39 1025
39 1375
39 1745
39 2224
39 2642
39 2817
39 3369
39 3878
39 4081
39 4421
39 4816
39 5252
39 5826
40 125
40 525
40 1116
40 1425
40 1894
40 2141
40 2681
40 2974
40 3206
40 3691
40 3990
40 4345
40 4713
40 5405
40 5856
41 310
41 496
41 987
41 1479
41 1607
41 2000
41 2398
41 2869
41 3173
41 3579
41 4095
41 4506
41 4862
41 5354
41 5735
42 9
42 635
42 1045
42 1314
42 1660
42 2336
42 2531
42 2816
42 3353
42 3719
42 4150
42 4573
42 4810
42 5165
42 5552
43 116
43 711
43 785
43 1530
43 1743
43 2192
43 2623
43 3032
43 3427
43 3761
43 4111
43 4515
43 5011
43 5485
43 5632
44 183
44 773
44 877
44 1182
44 1749
44 1963
44 2703
44 2925
44 3285
44 3535
44 3964
44 4396
44 4761
44 5162
44 5870
45 337
45 641
45 827
45 1221
45 1732
45 2166
45 2449
45 2765
45 3281
45 3725
45 4243
45 4482
45 5028
45 5469
45 5718
46 18
46 550
46 973
46 1473
46 1816
46 2307
46 2646
46 2905
46 3393
46 3830
46 4159
46 4356
46 4716
46 5185
46 5759
47 94
47 570
47 822
47 1456
47 1779
47 2262
47 2568
47 2779
47 3157
47 3820
47 4108
47 4369
47 5008
47 5142
47 5777
48 90
48 402
48 1104
48 1292
48 1757
48 2003
48 2637
48 2850
48 3310
48 3644
48 4291
48 4417
48 4792
48 5463
48 5697
49 45
49 577
49 1126
49 1308
49 1876
49 2210
49 2712
49 2895
49 3491
49 3847
49 4137
49 4638
49 5053
49 5180
49 5515
50 382
50 741
50 948
50 1553
50 1800
50 2316
50 2431
50 3126
50 3466
50 3569
50 3972
50 4681
50 4722
50 5171
50 5741
51 204
51 629
51 1071
51 1348
51 1806
51 2114
51 2639
51 2962
51 3497
51 3552
51 3975
51 4688
51 4779
51 5238
51 5823
52 316
52 540
52 793
52 1511
52 1602
52 2017
52 2520
52 3050
52 3174
52 3786
52 4279
52 4463
52 4916
52 5363
52 5688
53 269
53 748
53 1149
53 1428
53 1697
53 2265
53 2529
53 3023
53 3481
53 3607
53 4272
53 4641
53 4802
53 5421
53 5724
54 93
54 447
54 1066
54 1493
54 1907
54 2258
54 2540
54 2948
54 3241
54 3763
54 4000
54 4494
54 4772
54 5137
54 5666
55 55
55 580
55 881
55 1502
55 1947
55 2260
55 2636
55 3109
55 3495
55 3682
55 4084
55 4487
55 4883
55 5475
55 5535
56 173
56 781
56 882
56 1256
56 1764
56 1968
56 2393
56 3107
56 3223
56 3713
56 4121
56 4377
56 4991
56 5418
56 5840
57 203
57 472
57 1139
57 1453
57 1817
57 1981
57 2573
57 3071
57 3522
57 3814
57 3940
57 4585
57 4929
57 5367
57 5800
58 106
58 675
58 1002
58 1326
58 1571
58 2101
58 2714
58 3029
58 3193
58 3750
58 4189
58 4544
58 4785
58 5212
58 5581
59 160
59 634
59 799
59 1336
59 1576
59 2345
59 2688
59 2865
59 3525
59 3863
59 4247
59 4322
59 5002
59 5416
59 5505
60 99
60 445
60 1119
60 1376
60 1795
60 2249
60 2506
60 2762
60 3416
60 3531
60 3993
60 4646
60 4714
60 5183
60 5562
61 213
61 667
61 936
61 1465
61 1866
61 2158
61 2686
61 2747
61 3212
61 3912
61 4050
61 4375
61 4838
61 5306
61 5541
62 163
62 539
62 1098
62 1374
62 1679
62 2076
62 2373
62 3060
62 3177
62 3776
62 3959
62 4665
62 4966
62 5408
62 5664
63 72
63 578
63 951
63 1498
63 1770
63 2157
63 2569
63 2805
63 3325
63 3618
63 4156
63 4690
63 4724
63 5470
63 5610
64 165
64 422
64 1108
64 1392
64 1584
64 2138
64 2413
64 3120
64 3278
64 3844
64 4041
64 4416
64 4738
64 5355
64 5606
65 95
65 684
65 1095
65 1542
65 1819
65 2039
65 2718
65 2838
65 3408
65 3731
65 4244
65 4633
65 4809
65 5477
65 5655
66 274
66 678
66 1030
66 1304
66 1891
66 2242
66 2727
66 3045
66 3192
66 3561
66 4226
66 4682
66 4730
66 5216
66 5671
67 262
67 642
67 955
67 1178
67 1865
67 2080
67 2517
67 2886
67 3296
67 3848
67 3971
67 4637
67 4836
67 5146
67 5659
68 270
68 694
68 968
68 1538
68 1663
68 2211
68 2659
68 2754
68 3214
68 3740
68 3953
68 4639
68 5001
68 5349
68 5630
69 74
69 698
69 900
69 1510
69 1612
69 2161
69 2446
69 2959
69 3336
69 3597
69 4239
69 4520
69 5033
69 5164
69 5695
70 264
70 526
70 829
70 1360
70 1811
70 2102
70 2428
70 3038
70 3455
70 3777
70 4179
70 4477
70 5006
70 5189
70 5795
71 281
71 677
71 846
71 1483
71 1722
71 2168
71 2622
71 2764
71 3335
71 3744
71 4025
71 4588
71 5026
71 5253
71 5760
72 390
72 508
72 981
72 1334
72 1753
72 2318
72 2386
72 3135
72 3188
72 3694
72 4308
72 4613
72 5063
72 5232
72 5737
73 89
73 489
73 1093
73 1222
73 1718
73 2182
73 2552
73 2981
73 3210
73 3700
73 3974
73 4528
73 4923
73 5320
73 5783
74 142
74 532
74 790
74 1389
74 1804
74 2228
74 2521
74 3015
74 3439
74 3829
74 4221
74 4424
74 4766
74 5209
74 5568
75 123
75 630
75 1075
75 1522
75 1924
75 2159
75 2411
75 2848
75 3363
75 3824
75 3979
75 4346
75 4975
75 5324
75 5819
76 120
76 692
76 1037
76 1563
76 1725
76 2306
76 2583
76 3116
76 3447
76 3548
76 4089
76 4578
76 5023
76 5322
76 5661
77 105
77 644
77 873
77 1378
77 1768
77 2205
77 2364
77 2845
77 3418
77 3881
77 4038
77 4700
77 4979
77 5414
77 5569
78 241
78 587
78 1062
78 1341
78 1582
78 2050
78 2733
78 2913
78 3332
78 3742
78 4223
78 4427
78 4852
78 5371
78 5694
79 254
79 474
79 1153
79 1248
79 1627
79 2227
79 2657
79 3010
79 3446
79 3630
79 4157
79 4507
79 5010
79 5163
79 5775
80 345
80 452
80 950
80 1342
80 1691
80 2339
80 2424
80 3095
80 3315
80 3846
80 4132
80 4386
80 4980
80 5403
80 5843
81 252
81 517
81 952
81 1322
81 1760
81 2179
81 2555
81 2884
81 3433
81 3658
81 3948
81 4516
81 4988
81 5268
81 5740
82 368
82 425
82 850
82 1508
82 1630
82 2056
82 2417
82 2836
82 3267
82 3839
82 4054
82 4543
82 5039
82 5133
82 5547
83 293
83 395
83 1159
83 1235
83 1813
83 2047
83 2536
83 2880
83 3482
83 3629
83 3937
83 4453
83 4848
83 5310
83 5860
84 59
84 752
84 918
84 1263
84 1895
84 1972
84 2689
84 3092
84 3242
84 3828
84 3987
84 4398
84 4993
84 5339
84 5801
85 11
85 712
85 879
85 1236
85 1616
85 2236
85 2441
85 3075
85 3156
85 3890
85 3946
85 4571
85 5095
85 5434
85 5874
86 346
86 696
86 912
86 1415
86 1958
86 2135
86 2599
86 2942
86 3271
86 3701
86 4125
86 4529
86 4774
86 5221
86 5842
87 248
87 511
87 800
87 1232
87 1656
87 2002
87 2366
87 2840
87 3327
87 3818
87 4216
87 4317
87 4757
87 5353
87 5748
88 226
88 685
88 1100
88 1310
88 1681
88 2219
88 2700
88 2930
88 3196
88 3854
88 3947
88 4315
88 4961
88 5132
88 5502
89 290
89 551
89 883
89 1324
89 1690
89 2015
89 2648
89 3030
89 3339
89 3575
89 4007
89 4653
89 4739
89 5369
89 5844
90 206
90 715
90 1103
90 1271
90 1851
90 2063
90 2404
90 2961
90 3311
90 3648
90 4187
90 4557
90 4952
90 5173
90 5548
91 349
91 574
91 1080
91 1279
91 1919
91 1992
91 2550
91 3131
91 3262
91 3592
91 4190
91 4390
91 4720
91 5480
91 5542
92 325
92 423
92 858
92 1413
92 1667
92 1999
92 2590
92 3087
92 3508
92 3871
92 4167
92 4591
92 4706
92 5200
92 5785
93 3
93 717
93 1120
93 1437
93 1801
93 2315
93 2649
93 3014
93 3442
93 3632
93 3956
93 4596
93 4905
93 5111
93 5583
94 16
94 670
94 1009
94 1567
94 1899
94 2142
94 2584
94 3056
94 3345
94 3613
94 4274
94 4433
94 4950
94 5298
94 5871
95 180
95 604
95 836
95 1523
95 1703
95 2176
95 2471
95 2904
95 3211
95 3771
95 4287
95 4680
95 5080
95 5447
95 5619
96 171
96 716
96 890
96 1482
96 1572
96 2231
96 2630
96 2876
96 3306
96 3851
96 4033
96 4667
96 4881
96 5277
96 5878
97 214
97 565
97 839
97 1264
97 1645
97 2261
97 2547
97 2859
97 3328
97 3772
97 4177
97 4554
97 5043
97 5191
97 5768
98 338
98 722
98 804
98 1485
98 1649
98 2191
98 2653
98 3048
98 3379
98 3903
98 4105
98 4391
98 4850
98 5271
98 5608
99 279
99 708
99 809
99 1398
99 1614
99 2255
99 2458
99 2878
99 3471
99 3631
99 3961
99 4380
99 5064
99 5417
99 5624
100 333
100 618
100 811
100 1362
100 1597
100 2194
100 2610
100 2901
100 3364
100 3799
100 4134
100 4399
100 4787
100 5102
100 5818
101 383
101 653
101 1122
101 1359
101 1869
101 2149
101 2567
101 3093
101 3383
101 3558
101 4058
101 4631
101 4788
101 5380
101 5813
102 31
102 775
102 1125
102 1536
102 1915
102 2113
102 2494
102 2806
102 3346
102 3538
102 4290
102 4458
102 4931
102 5288
102 5631
103 373
103 558
103 1138
103 1420
103 1831
103 2270
103 2367
103 3101
103 3462
103 3888
103 3989
103 4566
103 5022
103 5309
103 5769
104 243
104 533
104 1135
104 1454
104 1887
104 2022
104 2708
104 2934
104 3234
104 3902
104 4236
104 4376
104 4893
104 5466
104 5841
105 321
105 488
105 1092
105 1188
105 1893
105 2323
105 2354
105 3051
105 3181
105 3849
105 4138
105 4320
105 4824
105 5110
105 5709
106 280
106 579
106 1040
106 1229
106 1608
106 1990
106 2602
106 2967
106 3461
106 3689
106 4042
106 4389
106 5044
106 5376
106 5634
107 57
107 623
107 923
107 1274
107 1586
107 2266
107 2390
107 2750
107 3457
107 3635
107 4071
107 4575
107 4814
107 5360
107 5511
108 194
108 650
108 911
108 1494
108 1603
108 2011
108 2656
108 2933
108 3441
108 3726
108 4202
108 4400
108 4777
108 5442
108 5489
109 77
109 497
109 1134
109 1305
109 1814
109 2085
109 2493
109 3011
109 3320
109 3766
109 4062
109 4473
109 4919
109 5159
109 5866
110 278
110 590
110 878
110 1411
110 1838
110 1965
110 2593
110 2883
110 3368
110 3624
110 4090
110 4362
110 4869
110 5285
110 5799
111 211
111 522
111 1048
111 1533
111 1884
111 2030
111 2537
111 2763
111 3282
111 3652
111 3998
111 4425
111 4959
111 5356
111 5774
112 236
112 495
112 910
112 1327
112 1789
112 2253
112 2360
112 3031
112 3397
112 3625
112 4220
112 4549
112 4973
112 5235
112 5667
113 188
113 418
113 953
113 1517
113 1711
113 2223
113 2425
113 3021
113 3268
113 3842
113 4233
113 4363
113 4859
113 5126
113 5627
114 374
114 480
114 1172
114 1514
114 1715
114 2111
114 2561
114 3057
114 3493
114 3578
114 4102
114 4392
114 4969
114 5254
114 5556
115 334
115 397
115 884
115 1365
115 1652
115 2033
115 2508
115 2947
115 3405
115 3832
115 4116
115 4620
115 4843
115 5283
115 5499
116 306
116 706
116 837
116 1451
116 1855
116 1974
116 2679
116 2992
116 3287
116 3865
116 4049
116 4496
116 5014
116 5465
116 5689
117 311
117 778
117 1000
117 1532
117 1937
117 2148
117 2693
117 2977
117 3215
117 3909
117 4133
117 4645
117 4760
117 5215
117 5847
118 365
118 537
118 970
118 1266
118 1620
118 2221
118 2629
118 2863
118 3258
118 3803
118 4098
118 4481
118 4928
118 5452
118 5534
119 351
119 602
119 1162
119 1509
119 1960
119 2334
119 2678
119 2832
119 3372
119 3861
119 4155
119 4603
119 5027
119 5117
119 5699
120 46
120 649
120 1054
120 1366
120 1824
120 2297
120 2661
120 3125
120 3286
120 3790
120 4014
120 4696
120 5087
120 5152
120 5696
121 172
121 588
121 1061
121 1210
121 1796
121 2010
121 2671
121 3028
121 3417
121 3764
121 4188
121 4511
121 4946
121 5202
121 5518
122 295
122 409
122 996
122 1439
122 1908
122 2049
122 2722
122 2996
122 3239
122 3647
122 4045
122 4508
122 4968
122 5423
122 5721
123 229
123 500
123 805
123 1301
123 1809
123 1966
123 2566
123 2827
123 3349
123 3553
123 4072
123 4536
123 4823
123 5229
123 5732
124 62
124 709
124 1067
124 1276
124 1797
124 2296
124 2475
124 2999
124 3307
124 3749
124 4213
124 4454
124 5047
124 5439
124 5595
125 10
125 611
125 1036
125 1372
125 1574
125 2203
125 2732
125 2801
125 3208
125 3893
125 4162
125 4404
125 5067
125 5105
125 5566
126 114
126 421
126 860
126 1302
126 1724
126 2300
126 2631
126 2899
126 3500
126 3679
126 3992
126 4560
126 4854
126 5184
126 5561
127 158
127 428
127 1143
127 1489
127 1805
127 2305
127 2492
127 3098
127 3319
127 3885
127 4231
127 4648
127 5042
127 5399
127 5625
128 80
128 557
128 1175
128 1211
128 1759
128 2005
128 2720
128 2956
128 3141
128 3581
128 3967
128 4577
128 4897
128 5366
128 5638
129 225
129 767
129 1042
129 1252
129 1712
129 1997
129 2467
129 2937
129 3424
129 3889
129 4075
129 4334
129 4758
129 5331
129 5490
130 366
130 765
130 1064
130 1564
130 1695
130 2244
130 2482
130 2818
130 3498
130 3813
130 4011
130 4519
130 4938
130 5206
130 5756
131 297
131 432
131 899
131 1461
131 1781
131 2074
131 2410
131 2795
131 3253
131 3678
131 4126
131 4545
131 4896
131 5166
131 5618
132 84
132 462
132 865
132 1551
132 1583
132 1983
132 2522
132 3059
132 3158
132 3673
132 3939
132 4337
132 4797
132 5116
132 5827
133 292
133 661
133 848
133 1337
133 1878
133 2052
133 2738
133 3073
133 3217
133 3757
133 4192
133 4319
133 4955
133 5327
133 5530
134 149
134 733
134 1106
134 1320
134 1835
134 2286
134 2387
134 3132
134 3377
134 3646
134 3951
134 4537
134 4941
134 5413
134 5752
135 101
135 736
135 1158
135 1549
135 1923
135 2045
135 2724
135 3052
135 3292
135 3798
135 4222
135 4574
135 4914
135 5201
135 5551
136 170
136 674
136 1164
136 1507
136 1589
136 2273
136 2433
136 2984
136 3381
136 3615
136 4267
136 4611
136 4898
136 5264
136 5822
137 154
137 592
137 845
137 1406
137 1881
137 2026
137 2519
137 3114
137 3279
137 3655
137 4060
137 4699
137 4801
137 5273
137 5853
138 288
138 407
138 975
138 1355
138 1839
138 2131
138 2496
138 2943
138 3273
138 3709
138 4227
138 4489
138 5020
138 5139
138 5750
139 218
139 665
139 838
139 1199
139 1956
139 2118
139 2557
139 3027
139 3224
139 3598
139 4001
139 4479
139 5090
139 5249
139 5757
140 24
140 691
140 1160
140 1349
140 1642
140 2332
140 2612
140 3094
140 3294
140 3736
140 4130
140 4689
140 4888
140 5194
140 5500
141 151
141 521
141 997
141 1391
141 1569
141 2106
141 2728
141 2766
141 3362
141 3780
141 4297
141 4444
141 4844
141 5121
141 5796
142 164
142 657
142 786
142 1476
142 1847
142 2023
142 2736
142 2920
142 3191
142 3907
142 3973
142 4430
142 5007
142 5122
142 5653
143 386
143 394
143 972
143 1487
143 1917
143 2126
143 2577
143 2759
143 3300
143 3692
143 4250
143 4372
143 4911
143 5379
143 5559
144 87
144 490
144 927
144 1520
144 1592
144 2225
144 2481
144 2858
144 3352
144 3767
144 3960
144 4676
144 5096
144 5341
144 5549
145 53
145 507
145 843
145 1297
145 1873
145 2349
145 2379
145 2749
145 3180
145 3656
145 3954
145 4378
145 4846
145 5127
145 5880
146 115
146 453
146 792
146 1385
146 1911
146 2048
146 2525
146 2990
146 3361
146 3765
146 3970
146 4394
146 4721
146 5364
146 5811
147 210
147 393
147 789
147 1404
147 1748
147 2243
147 2502
147 2997
147 3507
147 3792
147 3985
147 4365
147 4957
147 5318
147 5868
148 135
148 682
148 1059
148 1390
148 1791
148 2075
148 2436
148 2769
148 3452
148 3728
148 3930
148 4403
148 4822
148 5279
148 5715
149 19
149 467
149 1058
149 1295
149 1763
149 2234
149 2497
149 2918
149 3472
149 3769
149 3944
149 4335
149 4962
149 5203
149 5674
150 320
150 556
150 1022
150 1213
150 1666
150 1991
150 2705
150 2946
150 3450
150 3663
150 3981
150 4474
150 5077
150 5248
150 5733
151 362
151 567
151 813
151 1546
151 1756
151 2021
151 2556
151 3090
151 3473
151 3593
151 3986
151 4602
151 5051
151 5435
151 5877
152 179
152 699
152 828
152 1191
152 1758
152 2150
152 2647
152 3044
152 3145
152 3876
152 3957
152 4687
152 5060
152 5330
152 5817
153 166
153 751
153 1031
153 1284
153 1716
153 2200
153 2663
153 2833
153 3184
153 3835
153 4163
153 4558
153 4811
153 5431
153 5493
154 387
154 408
154 787
154 1448
154 1769
154 2322
154 2399
154 2813
154 3199
154 3567
154 4086
154 4605
154 4904
154 5361
154 5646
155 112
155 693
155 1097
155 1541
155 1900
155 1971
155 2717
155 3047
155 3348
155 3537
155 4194
155 4442
155 5066
155 5175
155 5767
156 143
156 485
156 835
156 1343
156 1641
156 2099
156 2607
156 2982
156 3331
156 3735
156 3952
156 4385
156 4715
156 5205
156 5797
157 76
157 668
157 1005
157 1547
157 1951
157 2342
157 2478
157 2979
157 3513
157 3732
157 4251
157 4354
157 5045
157 5347
157 5845
158 289
158 626
158 1021
158 1340
158 1761
158 2155
158 2594
158 3078
158 3340
158 3591
158 3943
158 4670
158 4860
158 5336
158 5729
159 5
159 612
159 880
159 1381
159 1675
159 2127
159 2474
159 2892
159 3312
159 3825
159 3996
159 4484
159 5024
159 5182
159 5744
160 263
160 460
160 999
160 1197
160 1672
160 2104
160 2459
160 2938
160 3510
160 3683
160 4264
160 4492
160 4820
160 5291
160 5711
161 133
161 739
161 925
161 1288
161 1941
161 2311
161 2403
161 2975
161 3302
161 3906
161 4252
161 4383
161 4870
161 5169
161 5670
162 287
162 756
162 969
162 1393
162 1953
162 1978
162 2420
162 2966
162 3283
162 3716
162 4191
162 4564
162 4718
162 5409
162 5755
163 83
163 600
163 1148
163 1289
163 1670
163 2335
163 2515
163 3105
163 3149
163 3867
163 4046
163 4436
163 5013
163 5231
163 5712
164 168
164 520
164 891
164 1457
164 1942
164 2174
164 2652
164 2909
164 3492
164 3887
164 4127
164 4423
164 4798
164 5214
164 5626
165 340
165 663
165 1145
165 1443
165 1798
165 2220
165 2581
165 2823
165 3162
165 3733
165 4013
165 4432
165 4917
165 5459
165 5531
166 145
166 481
166 1079
166 1402
166 1605
166 2312
166 2438
166 3113
166 3425
166 3596
166 3926
166 4527
166 4749
166 5314
166 5731
167 356
167 782
167 917
167 1555
167 1940
167 2181
167 2551
167 3066
167 3233
167 3695
167 4193
167 4509
167 5049
167 5401
167 5650
168 17
168 582
168 889
168 1313
168 1747
168 2184
168 2391
168 3080
168 3213
168 3894
168 4275
168 4640
168 5056
168 5113
168 5501
169 126
169 690
169 1069
169 1430
169 1910
169 2288
169 2668
169 3012
169 3154
169 3754
169 4147
169 4622
169 4958
169 5476
169 5705
170 376
170 750
170 834
170 1452
170 1618
170 2330
170 2383
170 2757
170 3443
170 3536
170 4154
170 4632
170 4745
170 5410
170 5637
171 12
171 486
171 1006
171 1464
171 1693
171 2216
171 2729
171 2770
171 3520
171 3636
171 3968
171 4654
171 4840
171 5303
171 5809
172 32
172 686
172 832
172 1568
172 1912
172 2090
172 2571
172 2860
172 3323
172 3671
172 4135
172 4415
172 5091
172 5156
172 5545
173 60
173 491
173 965
173 1438
173 1579
173 2071
173 2523
173 2829
173 3488
173 3688
173 3925
173 4658
173 4999
173 5472
173 5612
174 329
174 593
174 1167
174 1427
174 1794
174 2109
174 2510
174 2949
174 3432
174 3879
174 4124
174 4666
174 4736
174 5276
174 5571
175 313
175 420
175 908
175 1557
175 1581
175 2065
175 2443
175 2922
175 3387
175 3619
175 4112
175 4694
175 5081
175 5247
175 5802
176 224
176 477
176 922
176 1345
176 1874
176 2269
176 2655
176 2953
176 3412
176 3554
176 4237
176 4556
176 4794
176 5153
176 5832
177 7
177 763
177 940
177 1187
177 1909
177 2169
177 2480
177 3102
177 3403
177 3853
177 4300
177 4609
177 4906
177 5373
177 5858
178 48
178 610
178 1073
178 1193
178 1857
178 2256
178 2603
178 3129
178 3277
178 3882
178 4212
178 4358
178 4892
178 5383
178 5698
179 107
179 687
179 1085
179 1368
179 1772
179 2226
179 2620
179 2851
179 3468
179 3685
179 3941
179 4467
179 4725
179 5308
179 5810
180 355
180 743
180 1051
180 1422
180 1959
180 2154
180 2638
180 2854
180 3172
180 3608
180 4261
180 4691
180 4899
180 5404
180 5787
181 88
181 762
181 820
181 1409
181 1843
181 2274
181 2702
181 2771
181 3334
181 3562
181 4019
181 4685
181 5009
181 5478
181 5584
182 388
182 461
182 825
182 1198
182 1628
182 2153
182 2485
182 2755
182 3401
182 3884
182 4302
182 4538
182 4926
182 5462
182 5684
183 15
183 465
183 990
183 1495
183 1808
183 2171
183 2680
183 2864
183 3168
183 3684
183 3945
183 4612
183 4864
183 5188
183 5609
184 302
184 560
184 961
184 1268
184 1687
184 2196
184 2356
184 2809
184 3324
184 3752
184 4229
184 4457
184 4849
184 5441
184 5570
185 318
185 476
185 859
185 1386
185 1823
185 1975
185 2558
185 2780
185 3515
185 3730
185 4248
185 4323
185 4726
185 5114
185 5714
186 108
186 609
186 958
186 1330
186 1765
186 2163
186 2532
186 2842
186 3396
186 3872
186 4027
186 4686
186 5085
186 5460
186 5736
187 245
187 707
187 1082
187 1225
187 1587
187 2235
187 2562
187 2941
187 3230
187 3715
187 4018
187 4341
187 4755
187 5453
187 5704
188 52
188 483
188 957
188 1253
188 1661
188 2301
188 2644
188 2903
188 3469
188 3550
188 4012
188 4497
188 4971
188 5305
188 5682
189 21
189 548
189 960
189 1496
189 1771
189 2290
189 2460
189 3123
189 3318
189 3614
189 4276
189 4678
189 4867
189 5348
189 5751
190 209
190 492
190 931
190 1183
190 1653
190 2218
190 2616
190 3064
190 3426
190 3572
190 4148
190 4650
190 4813
190 5256
190 5536
191 148
191 724
191 1147
191 1497
191 1897
191 2137
191 2579
191 2921
191 3187
191 3541
191 4100
191 4531
191 5040
191 5234
191 5645
192 255
192 451
192 1127
192 1405
192 1807
192 2263
192 2737
192 2952
192 3164
192 3717
192 4228
192 4382
192 4960
192 5456
192 5644
193 8
193 783
193 963
193 1209
193 1596
193 2001
193 2412
193 2963
193 3238
193 3702
193 4280
193 4569
193 4837
193 5302
193 5771
194 124
194 779
194 1068
194 1244
194 1700
194 2055
194 2684
194 2815
194 3420
194 3714
194 4140
194 4373
194 4740
194 5370
194 5875
195 202
195 410
195 794
195 1332
195 1752
195 2348
195 2468
195 3049
195 3358
195 3794
195 4277
195 4420
195 4747
195 5340
195 5713
196 323
196 405
196 905
196 1395
196 1717
196 2299
196 2741
196 3067
196 3246
196 3565
196 4017
196 4395
196 4845
196 5387
196 5494
197 322
197 494
197 819
197 1231
197 1842
197 2145
197 2421
197 2826
197 3293
197 3664
197 4268
197 4533
197 4776
197 5097
197 5753
198 372
198 648
198 1078
198 1293
198 1889
198 2054
198 2381
198 3065
198 3321
198 3739
198 3999
198 4664
198 4748
198 5160
198 5808
199 363
199 688
199 946
199 1380
199 1916
199 2119
199 2735
199 3077
199 3431
199 3557
199 4301
199 4384
199 5034
199 5226
199 5639
200 377
200 541
200 892
200 1519
200 1701
200 2287
200 2357
200 2824
200 3284
200 3603
200 4026
200 4426
200 4780
200 5396
200 5727
201 137
201 433
201 967
201 1208
201 1786
201 2289
201 2534
201 2790
201 3456
201 3697
201 4094
201 4532
201 4783
201 5473
201 5830
202 260
202 398
202 941
202 1548
202 1885
202 1970
202 2380
202 2914
202 3384
202 3822
202 4073
202 4478
202 5048
202 5274
202 5876
203 129
203 680
203 1055
203 1354
203 1713
203 2320
203 2559
203 3017
203 3186
203 3681
203 4064
203 4465
203 4765
203 5389
203 5560
204 63
204 596
204 869
204 1486
204 1664
204 1973
204 2682
204 2810
204 3496
204 3590
204 4088
204 4316
204 4826
204 5407
204 5678
205 353
205 478
205 1003
205 1450
205 1864
205 2146
205 2694
205 2917
205 3151
205 3880
205 4070
205 4534
205 4878
205 5471
205 5507
206 38
206 643
206 1029
206 1363
206 1861
206 2133
206 2513
206 2746
206 3190
206 3917
206 3976
206 4582
206 4976
206 5395
206 5593
207 23
207 583
207 797
207 1272
207 1862
207 2020
207 2586
207 2993
207 3155
207 3911
207 4052
207 4692
207 4939
207 5481
207 5641
208 284
208 544
208 1007
208 1189
208 1943
208 2095
208 2422
208 2902
208 3243
208 3606
208 4253
208 4522
208 4832
208 5227
208 5812
209 275
209 457
209 1161
209 1285
209 1906
209 1986
209 2685
209 3005
209 3527
209 3913
209 3983
209 4336
209 5003
209 5323
209 5746
210 153
210 784
210 944
210 1394
210 1945
210 1988
210 2516
210 2988
210 3406
210 3539
210 4122
210 4616
210 4986
210 5313
210 5668
211 240
211 651
211 898
211 1195
211 1580
211 2125
211 2739
211 2760
211 3487
211 3904
211 4175
211 4419
211 5038
211 5457
211 5495
212 47
212 464
212 992
212 1445
212 1870
212 2254
212 2461
212 2897
212 3299
212 3746
212 3969
212 4410
212 5072
212 5393
212 5852
213 56
213 621
213 862
213 1492
213 1858
213 2167
213 2470
213 2987
213 3140
213 3810
213 4099
213 4604
213 4891
213 5468
213 5879
214 150
214 446
214 1012
214 1246
214 1698
214 2151
214 2672
214 3054
214 3227
214 3601
214 4284
214 4406
214 4995
214 5425
214 5779
215 315
215 689
215 1015
215 1408
215 1954
215 2152
215 2528
215 2853
215 3201
215 3657
215 4196
215 4352
215 4927
215 5443
215 5572
216 357
216 493
216 949
216 1282
216 1853
216 2019
216 2596
216 2804
216 3265
216 3661
216 4235
216 4331
216 5055
216 5482
216 5701
217 176
217 450
217 1026
217 1215
217 1686
217 2278
217 2423
217 2861
217 3143
217 3858
217 4109
217 4449
217 4778
217 5392
217 5665
218 157
218 771
218 1089
218 1544
218 1646
218 2281
218 2406
218 2954
218 3138
218 3862
218 4311
218 4455
218 4754
218 5195
218 5700
219 212
219 504
219 924
219 1265
219 1955
219 2132
219 2658
219 2879
219 3326
219 3845
219 3966
219 4661
219 4762
219 5337
219 5772
220 128
220 498
220 1140
220 1214
220 1896
220 2208
220 2535
220 2928
220 3422
220 3860
220 4260
220 4381
220 4856
220 5143
220 5635
221 181
221 761
221 943
221 1426
221 1840
221 2328
221 2606
221 3117
221 3251
221 3745
221 4097
221 4660
221 4710
221 5193
221 5513
222 343
222 638
222 831
222 1516
222 1740
222 1994
222 2695
222 2915
222 3357
222 3729
222 4312
222 4550
222 4717
222 5118
222 5770
223 20
223 624
223 1044
223 1335
223 1632
223 2139
223 2504
223 2751
223 3463
223 3566
223 4201
223 4443
223 4996
223 5236
223 5640
224 2
224 700
224 823
224 1518
224 1613
224 2120
224 2415
224 2800
224 3291
224 3874
224 4092
224 4475
224 5012
224 5382
224 5496
225 103
225 575
225 1041
225 1296
225 1734
225 2115
225 2365
225 2888
225 3499
225 3564
225 4043
225 4701
225 4771
225 5432
225 5669
226 261
226 732
226 1151
226 1177
226 1721
226 2197
226 2683
226 2745
226 3505
226 3738
226 4240
226 4595
226 4901
226 5317
226 5636
227 299
227 505
227 983
227 1203
227 1846
227 2215
227 2435
227 2980
227 3523
227 3650
227 3934
227 4504
227 4818
227 5378
227 5649
228 109
228 754
228 928
228 1184
228 1591
228 2108
228 2608
228 2890
228 3272
228 3563
228 4271
228 4500
228 4742
228 5266
228 5814
229 178
229 718
229 1121
229 1230
229 1812
229 2025
229 2582
229 3127
229 3355
229 3748
229 3978
229 4565
229 4786
229 5112
229 5652
230 190
230 710
230 930
230 1484
230 1946
230 2239
230 2635
230 3046
230 3309
230 3570
230 3995
230 4704
230 4847
230 5192
230 5622
231 361
231 437
231 1129
231 1185
231 1688
231 2233
231 2374
231 2798
231 3139
231 3568
231 4263
231 4598
231 4909
231 5388
231 5510
232 326
232 725
232 812
232 1503
232 1662
232 1962
232 2368
232 3037
232 3421
232 3556
232 4082
232 4353
232 4910
232 5438
232 5613
233 392
233 455
233 998
233 1262
233 1723
233 2344
233 2372
233 3076
233 3380
233 3549
233 4037
233 4526
233 4903
233 5402
233 5577
234 308
234 435
234 863
234 1513
234 1830
234 2314
234 2495
234 2839
234 3252
234 3616
234 4242
234 4344
234 4842
234 5240
234 5723
235 174
235 404
235 1013
235 1501
235 1699
235 2252
235 2527
235 2972
235 3330
235 3785
235 4208
235 4600
235 4796
235 5300
235 5557
236 91
236 640
236 971
236 1204
236 1877
236 2024
236 2628
236 3058
236 3359
236 3587
236 4068
236 4503
236 4821
236 5167
236 5807
237 232
237 572
237 817
237 1373
237 1821
237 2097
237 2507
237 3033
237 3298
237 3721
237 3929
237 4498
237 4732
237 5245
237 5706
238 152
238 568
238 982
238 1369
238 1573
238 2128
238 2578
238 2995
238 3322
238 3585
238 4258
238 4405
238 4884
238 5352
238 5633
239 244
239 658
239 821
239 1312
239 1615
239 2283
239 2589
239 2870
239 3360
239 3589
239 4217
239 4621
239 4876
239 5458
239 5831
240 286
240 430
240 916
240 1280
240 1792
240 2092
240 2544
240 3069
240 3289
240 3827
240 4294
240 4599
240 5059
240 5124
240 5834
241 283
241 503
241 1111
241 1524
241 1604
241 2195
241 2451
241 2945
241 3474
241 3826
241 4120
241 4547
241 4874
241 5479
241 5525
242 237
242 562
242 1074
242 1429
242 1918
242 2086
242 2385
242 2919
242 3434
242 3620
242 4023
242 4328
242 4727
242 5359
242 5672
243 117
243 749
243 1024
243 1241
243 1820
243 1969
243 2462
243 2844
243 3460
243 3604
243 4066
243 4413
243 4894
243 5343
243 5657
244 358
244 536
244 1057
244 1323
244 1810
244 2185
244 2598
244 3020
244 3209
244 3706
244 4107
244 4493
244 5062
244 5135
244 5642
245 205
245 439
245 993
245 1470
245 1746
245 2207
245 2419
245 2783
245 3152
245 3759
245 4230
245 4636
245 5041
245 5444
245 5554
246 159
246 614
246 984
246 1467
246 1901
246 2008
246 2514
246 2812
246 3430
246 3708
246 3924
246 4387
246 4985
246 5316
246 5519
247 41
247 571
247 1056
247 1526
247 1880
247 1964
247 2574
247 3121
247 3316
247 3576
247 4266
247 4441
247 4734
247 5293
247 5617
248 4
248 581
248 824
248 1254
248 1922
248 2175
248 2723
248 3136
248 3464
248 3686
248 4083
248 4584
248 4887
248 5198
248 5719
249 34
249 647
249 875
249 1202
249 1736
249 2061
249 2677
249 3097
249 3414
249 3599
249 4186
249 4597
249 5069
249 5145
249 5716
250 384
250 734
250 1128
250 1194
250 1621
250 1967
250 2713
250 3018
250 3256
250 3662
250 3921
250 4351
250 5092
250 5275
250 5763
251 344
251 563
251 1156
251 1223
251 1651
251 2308
251 2414
251 3019
251 3276
251 3886
251 4129
251 4502
251 4795
251 5278
251 5781
252 258
252 411
252 1086
252 1472
252 1648
252 2073
252 2716
252 3068
252 3147
252 3609
252 4055
252 4672
252 4922
252 5474
252 5850
253 58
253 695
253 938
253 1201
253 1849
253 2189
253 2418
253 2872
253 3436
253 3870
253 4044
253 4434
253 4751
253 5243
253 5620
254 182
254 744
254 876
254 1446
254 1927
254 2304
254 2505
254 2786
254 3484
254 3529
254 3962
254 4548
254 4987
254 5294
254 5766
255 25
255 569
255 926
255 1270
255 1654
255 2347
255 2469
255 2862
255 3259
255 3670
255 4304
255 4393
255 4803
255 5123
255 5758
256 216
256 598
256 1039
256 1180
256 1793
256 2341
256 2626
256 2822
256 3236
256 3899
256 4174
256 4563
256 4719
256 5186
256 5602
257 273
257 772
257 974
257 1309
257 1829
257 2058
257 2440
257 2958
257 3337
257 3753
257 4005
257 4581
257 4967
257 5342
257 5687
258 370
258 513
258 1060
258 1463
258 1665
258 2043
258 2392
258 3122
258 3409
258 3914
258 4024
258 4429
258 4913
258 5406
258 5594
259 222
259 449
259 1049
259 1490
259 1852
259 2172
259 2396
259 3061
259 3437
259 3811
259 4056
259 4452
259 4868
259 5129
259 5508
260 195
260 510
260 1087
260 1525
260 1728
260 2059
260 2432
260 2748
260 3528
260 3559
260 4282
260 4627
260 4895
260 5486
260 5773
261 354
261 468
261 942
261 1377
261 1803
261 2070
261 2600
261 3070
261 3280
261 3727
261 4036
261 4333
261 4908
261 5284
261 5546
262 35
262 554
262 808
262 1306
262 1714
262 1987
262 2397
262 2825
262 3254
262 3920
262 4165
262 4703
262 5094
262 5244
262 5703
263 196
263 519
263 861
263 1384
263 1815
263 2213
263 2611
263 2835
263 3153
263 3588
263 4173
263 4339
263 4885
263 5106
263 5745
264 305
264 659
264 1046
264 1329
264 1702
264 2327
264 2445
264 2767
264 3185
264 3612
264 4029
264 4651
264 4835
264 5384
264 5854
265 219
265 576
265 907
265 1227
265 1921
265 1976
265 2457
265 2896
265 3350
265 3804
265 4306
265 4647
265 4773
265 5307
265 5865
266 301
266 616
266 939
266 1356
266 1633
266 1985
266 2730
266 3009
266 3220
266 3676
266 4118
266 4624
266 4723
266 5098
266 5806
267 247
267 431
267 1150
267 1397
267 1845
267 2343
267 2452
267 3000
267 3313
267 3768
267 4123
267 4539
267 4851
267 5120
267 5788
268 127
268 633
268 902
268 1350
268 1754
268 2180
268 2595
268 3001
268 3435
268 3705
268 3980
268 4469
268 4853
268 5220
268 5747
269 100
269 619
269 802
269 1249
269 1841
269 2333
269 2533
269 3002
269 3171
269 3808
269 3984
269 4464
269 5005
269 5311
269 5857
270 251
270 628
270 1168
270 1250
270 1611
270 2060
270 2503
270 3081
270 3390
270 3850
270 4206
270 4579
270 4806
270 5155
270 5789
271 341
271 595
271 1077
271 1207
271 1677
271 2282
271 2526
271 2898
271 3222
271 3891
271 4295
271 4470
271 4812
271 5319
271 5654
272 130
272 731
272 1176
272 1412
272 1872
272 2193
272 2592
272 2927
272 3477
272 3788
272 4153
272 4379
272 4737
272 5115
272 5573
273 121
273 434
273 1130
273 1283
273 1930
273 2035
273 2430
273 2971
273 3366
273 3600
273 4076
273 4562
273 4920
273 5187
273 5491
274 220
274 654
274 994
274 1383
274 1778
274 2036
274 2501
274 2808
274 3394
274 3654
274 4180
274 4626
274 4866
274 5144
274 5707
275 364
275 414
275 874
275 1435
275 1685
275 2206
275 2675
275 3133
275 3467
275 3718
275 4168
275 4318
275 5082
275 5230
275 5614
276 138
276 780
276 985
276 1325
276 1818
276 2247
276 2407
276 2885
276 3235
276 3843
276 4004
276 4592
276 4932
276 5140
276 5623
277 27
277 443
277 1081
277 1562
277 1863
277 2051
277 2740
277 2777
277 3303
277 3627
277 4218
277 4360
277 4992
277 5141
277 5648
278 352
278 542
278 842
278 1403
278 1682
278 1996
278 2442
278 2841
278 3308
278 3634
278 4020
278 4349
278 4925
278 5100
278 5616
279 185
279 728
279 1142
279 1361
279 1577
279 2217
279 2618
279 2882
279 3275
279 3910
279 3928
279 4652
279 5079
279 5259
279 5829
280 249
280 631
280 995
280 1243
280 1938
280 2292
280 2454
280 2776
280 3261
280 3641
280 4051
280 4521
280 4882
280 5430
280 5503
281 30
281 758
281 1043
281 1338
281 1595
281 2079
281 2615
281 2775
281 3166
281 3574
281 4232
281 4684
281 4873
281 5101
281 5782
282 201
282 506
282 1114
282 1347
282 1720
282 2271
282 2570
282 2877
282 3198
282 3873
282 4238
282 4326
282 4707
282 5210
282 5514
283 303
283 719
283 893
283 1500
283 1638
283 2202
283 2429
283 2846
283 3367
283 3643
283 4257
283 4325
283 4879
283 5119
283 5524
284 65
284 549
284 956
284 1458
284 1705
284 2246
284 2512
284 2849
284 3197
284 3812
284 4093
284 4313
284 4808
284 5445
284 5776
285 257
285 599
285 1076
285 1269
285 1932
285 2037
285 2358
285 2855
285 3247
285 3760
285 3942
285 4418
285 4731
285 5269
285 5722
286 304
286 737
286 1034
286 1367
286 1694
286 2081
286 2389
286 2787
286 3231
286 3543
286 4117
286 4514
286 4889
286 5109
286 5798
287 294
287 399
287 814
287 1471
287 1934
287 2062
287 2363
287 2784
287 3376
287 3791
287 4246
287 4561
287 5000
287 5242
287 5591
288 332
288 774
288 1155
288 1447
288 1624
288 2187
288 2456
288 3004
288 3485
288 3638
288 4171
288 4332
288 5004
288 5412
288 5851
289 36
289 601
289 1035
289 1539
289 1913
289 2029
289 2575
289 2874
289 3453
289 3545
289 3988
289 4357
289 4930
289 5297
289 5563
290 110
290 747
290 966
290 1488
290 1674
290 2077
290 2621
290 3006
290 3489
290 3883
290 4003
290 4485
290 4934
290 5261
290 5784
291 379
291 438
291 853
291 1267
291 1833
291 1998
291 2376
291 2887
291 3470
291 3626
291 3949
291 4702
291 4918
291 5251
291 5532
292 169
292 713
292 815
292 1228
292 1647
292 2162
292 2402
292 3104
292 3204
292 3583
292 4288
292 4683
292 4902
292 5301
292 5791
293 79
293 777
293 851
293 1245
293 1777
293 1979
293 2439
293 3086
293 3378
293 3856
293 4035
293 4366
293 5050
293 5419
293 5582
294 336
294 637
294 1014
294 1242
294 1871
294 2183
294 2565
294 3063
294 3391
294 3711
294 4016
294 4625
294 4799
294 5172
294 5605
295 238
295 543
295 847
295 1424
295 1867
295 2147
295 2669
295 2929
295 3386
295 3707
295 4241
295 4587
295 5046
295 5262
295 5611
296 282
296 403
296 833
296 1352
296 1939
296 2257
296 2488
296 2957
296 3338
296 3809
296 4225
296 4570
296 5068
296 5436
296 5686
297 360
297 564
297 1174
297 1257
297 1925
297 1993
297 2743
297 2857
297 3232
297 3703
297 4289
297 4370
297 4954
297 5290
297 5790
298 267
298 463
298 1117
298 1515
298 1860
298 2094
298 2463
298 2881
298 3179
298 3680
298 3991
298 4491
298 5058
298 5158
298 5574
299 68
299 547
299 1112
299 1287
299 1854
299 2129
299 2538
299 2791
299 3385
299 3793
299 3982
299 4695
299 4886
299 5487
299 5643
300 98
300 760
300 1023
300 1449
300 1623
300 2232
300 2645
300 2778
300 3343
300 3551
300 4144
300 4567
300 4804
300 5350
300 5681
301 221
301 745
301 945
301 1407
301 1733
301 2144
301 2588
301 2970
301 3521
301 3778
301 4079
301 4630
301 5088
301 5161
301 5585
302 246
302 597
302 807
302 1192
302 1848
302 2087
302 2473
302 2926
302 3202
302 3690
302 4149
302 4439
302 5015
302 5362
302 5604
303 111
303 671
303 826
303 1545
303 1836
303 2284
303 2667
303 3079
303 3189
303 3710
303 4214
303 4448
303 4769
303 5325
303 5864
304 381
304 742
304 1152
304 1186
304 1639
304 2267
304 2388
304 3091
304 3160
304 3595
304 4015
304 4412
304 4981
304 5464
304 5739
305 26
305 740
305 989
305 1399
305 1950
305 1984
305 2651
305 2781
305 3221
305 3582
305 4119
305 4607
305 4998
305 5424
305 5550
306 43
306 436
306 844
306 1505
306 1926
306 2279
306 2665
306 2916
306 3150
306 3546
306 3931
306 4535
306 4984
306 5147
306 5824
307 335
307 535
307 976
307 1307
307 1671
307 2230
307 2453
307 2924
307 3506
307 3540
307 4278
307 4629
307 4834
307 5108
307 5778
308 239
308 620
308 959
308 1318
308 1629
308 2004
308 2382
308 3115
308 3341
308 3795
308 4028
308 4590
308 5057
308 5420
308 5543
309 186
309 502
309 935
309 1400
309 1598
309 2251
309 2572
309 2794
309 3269
309 3534
309 4249
309 4623
309 4729
309 5429
309 5521
310 187
310 527
310 1171
310 1382
310 1678
310 2245
310 2500
310 2965
310 3356
310 3787
310 4034
310 4555
310 4972
310 5134
310 5615
311 327
311 484
311 840
311 1239
311 1859
311 2122
311 2706
311 2871
311 3148
311 3724
311 4270
311 4468
311 4830
311 5128
311 5717
312 259
312 613
312 870
312 1281
312 1708
312 2042
312 2400
312 3053
312 3314
312 3665
312 4074
312 4343
312 4819
312 5207
312 5764
313 162
313 759
313 1118
313 1255
313 1766
313 2107
313 2375
313 2788
313 3402
313 3580
313 4185
313 4368
313 5083
313 5149
313 5692
314 228
314 441
314 849
314 1277
314 1933
314 1995
314 2725
314 3026
314 3219
314 3774
314 4293
314 4601
314 5089
314 5296
314 5558
315 272
315 424
315 864
315 1346
315 1914
315 2198
315 2476
315 3007
315 3371
315 3622
315 4059
315 4614
315 4768
315 5213
315 5693
316 312
316 487
316 1091
316 1333
316 1886
316 2259
316 2466
316 2893
316 3266
316 3571
316 4198
316 4340
316 4990
316 5239
316 5816
317 177
317 586
317 1027
317 1419
317 1735
317 2084
317 2484
317 3119
317 3200
317 3800
317 3950
317 4673
317 4807
317 5357
317 5492
318 22
318 627
318 1101
318 1455
318 1710
318 2091
318 2691
318 2782
318 3288
318 3908
318 4087
318 4589
318 4767
318 5451
318 5567
319 378
319 656
319 1038
319 1238
319 1783
319 2229
319 2518
319 3074
319 3142
319 3660
319 4078
319 4483
319 4815
319 5426
319 5720
320 197
320 605
320 856
320 1559
320 1588
320 2178
320 2539
320 2951
320 3440
320 3699
320 4067
320 4512
320 5084
320 5170
320 5793
321 85
321 606
321 1019
321 1431
321 1673
321 2164
321 2416
321 2753
321 3159
321 3669
321 4210
321 4461
321 5054
321 5289
321 5762
322 207
322 632
322 903
322 1364
322 1643
322 2018
322 2378
322 3022
322 3398
322 3741
322 4142
322 4546
322 4956
322 5365
322 5690
323 276
323 524
323 1008
323 1469
323 1868
323 2100
323 2585
323 2900
323 3167
323 3837
323 3935
323 4698
323 4753
323 5326
323 5647
324 242
324 530
324 1131
324 1504
324 1731
324 2276
324 2715
324 3128
324 3478
324 3864
324 4281
324 4552
324 4775
324 5335
324 5765
325 141
325 666
325 1136
325 1423
325 1931
325 2098
325 2643
325 2973
325 3410
325 3605
325 4110
325 4541
325 4705
325 5222
325 5786
326 37
326 720
326 1018
326 1436
326 1837
326 2329
326 2744
326 2793
326 3451
326 3602
326 4096
326 4330
326 4735
326 5150
326 5680
327 198
327 622
327 1033
327 1481
327 1707
327 2325
327 2625
327 2797
327 3161
327 3640
327 4211
327 4662
327 4746
327 5329
327 5862
328 298
328 545
328 1094
328 1421
328 1904
328 2302
328 2405
328 3096
328 3480
328 3584
328 4008
328 4618
328 5032
328 5328
328 5663
329 342
329 529
329 1084
329 1260
329 1920
329 2350
329 2641
329 2964
329 3290
329 3805
329 4143
329 4517
329 4880
329 5257
329 5517
330 96
330 573
330 919
330 1543
330 1635
330 2160
330 2464
330 2944
330 3182
330 3915
330 4273
330 4329
330 4944
330 5148
330 5540
331 350
331 561
331 1165
331 1247
331 1744
331 2204
331 2377
331 2907
331 3354
331 3674
331 4259
331 4350
331 4764
331 5415
331 5839
332 369
332 646
332 1083
332 1462
332 1738
332 2277
332 2486
332 2843
332 3270
332 3781
332 4195
332 4397
332 4949
332 5125
332 5780
333 139
333 396
333 1099
333 1321
333 1785
333 2156
333 2362
333 2936
333 3375
333 3594
333 4207
333 4649
333 4924
333 5312
333 5749
334 156
334 528
334 801
334 1328
334 1882
334 1961
334 2662
334 2852
334 3295
334 3651
334 4069
334 4460
334 5074
334 5107
334 5734
335 140
335 766
335 1001
335 1315
335 1850
335 2013
335 2690
335 2834
335 3248
335 3770
335 4262
335 4401
335 4782
335 5358
335 5533
336 144
336 584
336 1110
336 1566
336 1668
336 2027
336 2604
336 2773
336 3195
336 3877
336 4197
336 4456
336 4978
336 5483
336 5738
337 104
337 523
337 1173
337 1259
337 1594
337 2124
337 2660
337 2983
337 3144
337 3698
337 3933
337 4677
337 4789
337 5157
337 5873
338 389
338 514
338 866
338 1237
338 1788
338 2212
338 2560
338 2986
338 3428
338 3892
338 4265
338 4608
338 5017
338 5345
338 5836
339 39
339 518
339 1070
339 1401
339 1957
339 2088
339 2698
339 3118
339 3504
339 3628
339 4254
339 4435
339 4855
339 5280
339 5725
340 66
340 730
340 901
340 1212
340 1952
340 2012
340 2546
340 3003
340 3203
340 3637
340 3963
340 4437
340 5076
340 5178
340 5838
341 234
341 516
341 980
341 1387
341 1704
341 2170
341 2427
341 2820
341 3137
341 3833
341 4146
341 4347
341 4791
341 5136
341 5516
342 285
342 555
342 1016
342 1234
342 1619
342 2275
342 2580
342 3111
342 3459
342 3533
342 4080
342 4619
342 4790
342 5372
342 5576
343 235
343 594
343 920
343 1353
343 1570
343 2317
343 2408
343 2831
343 3423
343 3819
343 3994
343 4480
343 5035
343 5334
343 5710
344 86
344 681
344 934
344 1278
344 1606
344 2291
344 2353
344 2868
344 3250
344 3751
344 4181
344 4583
344 4828
344 5241
344 5504
345 347
345 475
345 796
345 1558
345 1822
345 2177
345 2699
345 2969
345 3170
345 3897
345 4114
345 4431
345 4953
345 5377
345 5526
346 184
346 479
346 1132
346 1491
346 1892
346 2309
346 2597
346 3042
346 3476
346 3547
346 4106
346 4414
346 4890
346 5321
346 5587
347 192
347 401
347 1170
347 1552
347 1827
347 2093
347 2609
347 2978
347 3317
347 3802
347 4209
347 4518
347 4763
347 5224
347 5497
348 233
348 770
348 977
348 1480
348 1834
348 2110
348 2548
348 2758
348 3297
348 3577
348 4205
348 4450
348 4964
348 5263
348 5691
349 328
349 625
349 896
349 1527
349 1741
349 2237
349 2472
349 3134
349 3449
349 3801
349 4161
349 4388
349 4750
349 5446
349 5825
350 375
350 676
350 904
350 1535
350 1689
350 2280
350 2491
350 2932
350 3415
350 3621
350 4113
350 4593
350 4943
350 5211
350 5859
351 119
351 470
351 1011
351 1433
351 1742
351 2264
351 2553
351 2867
351 3229
351 3901
351 4065
351 4606
351 4805
351 5138
351 5730
352 44
352 636
352 810
352 1414
352 1684
352 1989
352 2687
352 2968
352 3244
352 3756
352 4039
352 4488
352 5070
352 5411
352 5588
353 268
353 469
353 1017
353 1331
353 1593
353 2103
353 2450
353 3124
353 3517
353 3687
353 4245
353 4657
353 5029
353 5455
353 5597
354 132
354 672
354 1133
354 1499
354 1750
354 2140
354 2455
354 3072
354 3257
354 3855
354 4145
354 4342
354 4948
354 5386
354 5580
355 29
355 458
355 979
355 1388
355 1755
355 2007
355 2394
355 2960
355 3419
355 3532
355 4048
355 4471
355 5018
355 5270
355 5592
356 371
356 416
356 1115
356 1434
356 1936
356 2014
356 2384
356 2912
356 3503
356 3789
356 4234
356 4486
356 4865
356 5208
356 5867
357 97
357 456
357 1109
357 1206
357 1730
357 2199
357 2498
357 3110
357 3407
357 3696
357 4047
357 4499
357 4781
357 5196
357 5596
358 391
358 501
358 1124
358 1534
358 1802
358 2346
358 2465
358 2785
358 3255
358 3859
358 3977
358 4459
358 4877
358 5154
358 5603
359 223
359 738
359 806
359 1205
359 1767
359 2238
359 2619
359 2873
359 3351
359 3796
359 4183
359 4643
359 4977
359 5286
359 5578
360 331
360 702
360 1157
360 1459
360 1787
360 2066
360 2676
360 3040
360 3502
360 3806
360 4158
360 4510
360 4800
360 5267
360 5579
361 167
361 768
361 937
361 1286
361 1844
361 2337
361 2692
361 2891
361 3240
361 3747
361 4182
361 4451
361 4912
361 5255
361 5849
362 13
362 426
362 991
362 1529
362 1776
362 2123
362 2711
362 2768
362 3483
362 3857
362 4085
362 4675
362 4997
362 5488
362 5837
363 131
363 714
363 1032
363 1290
363 1879
363 2143
363 2674
363 2889
363 3347
363 3645
363 4256
363 4407
363 4982
363 5217
363 5544
364 253
364 538
364 1144
364 1258
364 1774
364 2134
364 2444
364 2828
364 3413
364 3918
364 4131
364 4524
364 4989
364 5344
364 5660
365 277
365 400
365 1088
365 1339
365 1737
365 2326
365 2554
365 3088
365 3458
365 3838
365 4169
365 4644
365 4921
365 5338
365 5861
366 189
366 652
366 872
366 1370
366 1790
366 2040
366 2726
366 3112
366 3175
366 3723
366 4160
366 4440
366 4827
366 5204
366 5656
367 314
367 607
367 1028
367 1444
367 1888
367 2303
367 2617
367 3085
367 3301
367 3852
367 4292
367 4402
367 5030
367 5375
367 5820
368 265
368 703
368 788
368 1358
368 1650
368 2285
368 2613
368 2803
368 3519
368 3840
368 4141
368 4321
368 4907
368 5237
368 5589
369 136
369 662
369 964
369 1220
369 1659
369 2298
369 2709
369 2923
369 3404
369 3633
369 4200
369 4513
369 4756
369 5223
369 5529
370 147
370 639
370 888
370 1460
370 1644
370 1977
370 2614
370 2837
370 3226
370 3610
370 4307
370 4663
370 4741
370 5332
370 5708
371 40
371 645
371 1107
371 1521
371 1726
371 1980
371 2448
371 3024
371 3342
371 3639
371 4053
371 4580
371 4915
371 5433
371 5863
372 309
372 603
372 895
372 1478
372 1655
372 2053
372 2563
372 2796
372 3465
372 3560
372 4219
372 4668
372 5071
372 5440
372 5872
373 215
373 617
373 894
373 1506
373 1622
373 2083
373 2707
373 2994
373 3490
373 3773
373 4184
373 4445
373 5037
373 5299
373 5523
374 67
374 412
374 1063
374 1319
374 1780
374 2331
374 2701
374 3103
374 3395
374 3807
374 4164
374 4447
374 4711
374 5368
374 5509
375 122
375 727
375 1020
375 1233
375 1935
375 2105
375 2477
375 2772
375 3475
375 3823
375 4152
375 4693
375 4951
375 5427
375 5761
376 256
376 669
376 1052
376 1294
376 1729
376 2321
376 2483
376 3041
376 3501
376 3905
376 4032
376 4540
376 4793
376 5190
376 5794
377 200
377 444
377 1065
377 1179
377 1709
377 2112
377 2696
377 3099
377 3176
377 3693
377 3958
377 4466
377 4728
377 5398
377 5676
378 291
378 534
378 1141
378 1200
378 1903
378 2248
378 2731
378 2991
378 3509
378 3831
378 4310
378 4409
378 4875
378 5174
378 5621
379 146
379 664
379 795
379 1477
379 1625
379 2241
379 2542
379 3043
379 3512
379 3895
379 3922
379 4428
379 5036
379 5225
379 5815
380 71
380 515
380 988
380 1311
380 1658
380 2351
380 2545
380 3039
380 3448
380 3755
380 4115
380 4523
380 4857
380 5265
380 5628
381 348
381 427
381 854
381 1556
381 1948
381 2116
381 2601
381 3055
381 3514
381 3573
381 4022
381 4359
381 5025
381 5181
381 5586
382 359
382 660
382 816
382 1298
382 1727
382 2031
382 2371
382 3100
382 3388
382 3743
382 4283
382 4361
382 4708
382 5168
382 5679
383 161
383 531
383 1163
383 1240
383 1600
383 2324
383 2673
383 3082
383 3344
383 3667
383 3938
383 4338
383 4712
383 5391
383 5575
384 380
384 413
384 886
384 1554
384 1578
384 2310
384 2576
384 3084
384 3163
384 3611
384 4303
384 4635
384 4733
384 5246
384 5538
385 50
385 729
385 1047
385 1219
385 1826
385 2338
385 2437
385 2950
385 3382
385 3898
385 3932
385 4446
385 5021
385 5177
385 5792
386 6
386 776
386 885
386 1396
386 1883
386 2028
386 2355
386 2989
386 3400
386 3797
386 4009
386 4462
386 4770
386 5272
386 5539
387 113
387 415
387 929
387 1217
387 1636
387 2046
387 2640
387 2998
387 3333
387 3623
387 3965
387 4525
387 4936
387 5437
387 5506
388 134
388 701
388 978
388 1468
388 1640
388 2340
388 2511
388 3108
388 3389
388 3815
388 4103
388 4314
388 5061
388 5385
388 5848
389 307
389 757
389 1053
389 1299
389 1610
389 2038
389 2587
389 2935
389 3445
389 3816
389 4063
389 4642
389 4940
389 5282
389 5599
390 54
390 471
390 1004
390 1218
390 1626
390 2044
390 2734
390 2911
390 3392
390 3712
390 3923
390 4697
390 4831
390 5448
390 5754
391 92
391 608
391 914
391 1466
391 1928
391 2034
391 2633
391 3034
391 3228
391 3737
391 4269
391 4505
391 4871
391 5295
391 5821
392 118
392 726
392 909
392 1537
392 1949
392 2032
392 2447
392 2908
392 3374
392 3677
392 4151
392 4671
392 5086
392 5176
392 5803
1 6449
1 6881
1 7904
1 9097
1 9572
1 10801
1 11610
2 5932
2 6915
2 7873
2 8618
2 9414
2 10284
2 11661
3 6155
3 7132
3 7856
3 8761
3 9636
3 10087
3 11500
4 6139
4 7217
4 7840
4 9054
4 9818
4 10088
4 10967
5 6424
5 6986
5 8021
5 8951
5 9986
5 10377
5 11548
6 6556
6 7189
6 8336
6 8758
6 9537
6 10122
6 11107
7 6382
7 6965
7 8252
7 8891
7 9671
7 10500
7 11758
8 6418
8 7374
8 7666
8 9184
8 9830
8 10229
8 11006
9 6332
9 6723
9 7907
9 8673
9 9246
9 10847
9 11196
10 6634
10 7157
10 8032
10 8716
10 9565
10 10841
10 10994
11 6684
11 7541
11 8282
11 9146
11 9365
11 10772
11 11094
12 6401
12 6771
12 7632
12 9106
12 9802
12 10852
12 11471
13 6186
13 6877
13 7925
13 9045
13 9720
13 10751
13 11075
14 6488
14 7267
14 8049
14 9225
14 9500
14 10367
14 11654
15 6663
15 6990
15 8221
15 8752
15 9341
15 10409
15 11699
16 6420
16 7522
16 8208
16 8824
16 9883
16 10524
16 11617
17 6612
17 7468
17 7672
17 8656
17 9713
17 10327
17 11665
18 6024
18 6852
18 8349
18 8679
18 9685
18 10516
18 11360
19 6342
19 7123
19 7752
19 9083
19 10066
19 10680
19 11582
20 6015
20 6912
20 7647
20 8970
20 9394
20 10526
20 11733
21 6037
21 6774
21 7631
21 8769
21 9826
21 10098
21 11543
22 6702
22 6725
22 7959
22 8543
22 9469
22 10594
22 11393
23 6720
23 7256
23 7896
23 9186
23 9935
23 10892
23 11567
24 6699
24 7553
24 7561
24 8503
24 9369
24 10306
24 11626
25 5984
25 7292
25 7787
25 8817
25 9493
25 10773
25 11630
26 6597
26 7525
26 7750
26 8470
26 9569
26 10245
26 11713
27 5902
27 7290
27 7777
27 9132
27 9596
27 10877
27 11712
28 5967
28 7095
28 8125
28 9197
28 9571
28 10523
28 11449
29 6508
29 7508
29 8109
29 8589
29 9793
29 10712
29 11389
30 6322
30 7404
30 8342
30 9047
30 9495
30 10287
30 10926
31 5975
31 7016
31 8124
31 8421
31 9362
31 10446
31 11592
32 5886
32 6991
32 7879
32 9118
32 9313
32 10649
32 11564
33 6300
33 7211
33 7926
33 8882
33 9342
33 10154
33 11755
34 6328
34 6829
34 7788
34 8657
34 9780
34 10677
34 10966
35 6444
35 7192
35 7922
35 8711
35 9558
35 10548
35 11452
36 6651
36 7076
36 8377
36 8682
36 9952
36 10662
36 11228
37 6584
37 7012
37 7655
37 9224
37 9608
37 10291
37 11187
38 6493
38 7170
38 8309
38 9123
38 9988
38 10890
38 11199
39 5931
39 6878
39 7951
39 8701
39 9316
39 10216
39 11317
40 6167
40 7049
40 8363
40 8731
40 9959
40 10541
40 11045
41 6034
41 7431
41 7656
41 8535
41 10071
41 10408
41 11448
42 6544
42 7476
42 7610
42 8508
42 9718
42 10824
42 11653
43 6241
43 7203
43 7851
43 8592
43 9404
43 10337
43 11488
44 6631
44 7450
44 8122
44 8722
44 9914
44 10121
44 11744
45 6364
45 7243
45 8036
45 9234
45 9290
45 10804
45 10943
46 6018
46 6795
46 7715
46 8451
46 9357
46 10248
46 11691
47 6506
47 6741
47 8207
47 9223
47 9705
47 10433
47 11133
48 6165
48 6875
48 7654
48 8935
48 10021
48 10776
48 11161
49 6453
49 6872
49 8301
49 8628
49 9604
49 10153
49 11561
50 6677
50 7004
50 7946
50 8944
50 9981
50 10569
50 11145
51 6149
51 6733
51 7615
51 8436
51 9511
51 10242
51 10975
52 6278
52 7321
52 7578
52 8413
52 9902
52 10393
52 11527
53 6486
53 6917
53 7608
53 8928
53 9322
53 10545
53 11168
54 6583
54 7343
54 7805
54 8474
54 9775
54 10641
54 11309
55 6035
55 6769
55 7687
55 8581
55 9282
55 10625
55 11184
56 6318
56 7009
56 8203
56 8454
56 9271
56 10868
56 11470
57 5916
57 7139
57 7829
57 9238
57 9306
57 10797
57 11512
58 6661
58 7516
58 7963
58 9178
58 9298
58 10392
58 10961
59 6629
59 7442
59 7968
59 8921
59 9320
59 10310
59 11177
60 6717
60 7279
60 8335
60 8551
60 9731
60 10425
60 11140
61 6095
61 7266
61 8148
61 8664
61 9408
61 10572
61 11186
62 6633
62 7308
62 8087
62 8783
62 9424
62 10912
62 11603
63 6405
63 6758
63 7645
63 8897
63 9964
63 10577
63 11748
64 6675
64 7477
64 8369
64 8744
64 9668
64 10640
64 11254
65 6311
65 7201
65 7966
65 8860
65 9410
65 10905
65 11743
66 6714
66 7288
66 8358
66 8780
66 9321
66 10261
66 11262
67 6046
67 7497
67 8310
67 8974
67 9699
67 10898
67 11453
68 6638
68 6752
68 7662
68 9154
68 9388
68 10647
68 11536
69 6350
69 7259
69 8236
69 8727
69 9694
69 10470
69 11725
70 6239
70 7172
70 7601
70 8612
70 9677
70 10298
70 11291
71 6147
71 6905
71 8279
71 8668
71 9562
71 10220
71 11405
72 6685
72 7125
72 7773
72 9211
72 10048
72 10369
72 11716
73 6423
73 6931
73 8380
73 9236
73 10025
73 10340
73 11259
74 6551
74 7338
74 8024
74 8946
74 9520
74 10081
74 11596
75 6135
75 7472
75 8077
75 8529
75 9811
75 10527
75 11529
76 6294
76 7492
76 7563
76 9189
76 9855
76 10631
76 11002
77 6673
77 7420
77 7725
77 8669
77 9951
77 10314
77 11342
78 6033
78 6742
78 7810
78 9060
78 9444
78 10786
78 11648
79 6654
79 7542
79 8094
79 8878
79 9650
79 10238
79 11128
80 6109
80 7258
80 8288
80 8945
80 10056
80 10740
80 11215
81 6604
81 7358
81 8210
81 9226
81 10074
81 10206
81 11115
82 5898
82 6896
82 7955
82 8652
82 9787
82 10514
82 10950
83 6254
83 7193
83 7692
83 8641
83 9878
83 10301
83 11649
84 5983
84 7041
84 7619
84 9149
84 9487
84 10719
84 11290
85 6521
85 7046
85 8372
85 9066
85 10062
85 10825
85 10974
86 6484
86 7319
86 8296
86 9059
86 9614
86 10268
86 11158
87 5970
87 7146
87 7916
87 8880
87 9867
87 10463
87 11674
88 5881
88 6798
88 8178
88 8432
88 9628
88 10591
88 11732
89 6497
89 6958
89 7901
89 8623
89 10079
89 10619
89 11077
90 6402
90 7152
90 8327
90 8735
90 9333
90 10494
90 11175
91 5972
91 7018
91 8110
91 9031
91 9769
91 10876
91 11312
92 6210
92 7054
92 7799
92 8814
92 9739
92 10862
92 11293
93 5938
93 7378
93 8205
93 8768
93 9508
93 10830
93 11325
94 5955
94 7001
94 7609
94 8660
94 9512
94 10172
94 11248
95 6719
95 7126
95 7803
95 8614
95 9447
95 10258
95 11408
96 5966
96 7439
96 8083
96 8873
96 9846
96 10602
96 11067
97 5977
97 7481
97 8170
97 9032
97 10012
97 10867
97 11606
98 6106
98 7160
98 7730
98 9177
98 9499
98 10805
98 11231
99 6564
99 7550
99 8328
99 8602
99 9351
99 10460
99 11517
100 6134
100 6787
100 7844
100 8773
100 9592
100 10508
100 11682
101 6174
101 7484
101 7628
101 9006
101 9834
101 10823
101 10946
102 6007
102 6767
102 7680
102 8765
102 10059
102 10236
102 11185
103 6014
103 7363
103 7724
103 8544
103 9998
103 10200
103 11222
104 6678
104 7475
104 8200
104 8846
104 9428
104 10315
104 11394
105 6366
105 7102
105 7566
105 8498
105 9578
105 10469
105 11247
106 6680
106 7067
106 8227
106 8496
106 9563
106 10866
106 11263
107 5944
107 6861
107 7713
107 8445
107 9359
107 10584
107 11329
108 6665
108 7174
108 8259
108 8756
108 9615
108 10411
108 11194
109 6041
109 7480
109 8330
109 8670
109 9518
109 10471
109 11501
110 6225
110 7474
110 7931
110 8507
110 9663
110 10103
110 11568
111 6156
111 7357
111 7746
111 8829
111 9477
111 10575
111 11485
112 5922
112 7423
112 7657
112 9170
112 9859
112 10643
112 11061
113 5893
113 7202
113 8319
113 9128
113 9524
113 10510
113 11009
114 6646
114 6817
114 7793
114 8456
114 9627
114 10239
114 11423
115 5996
115 7494
115 8090
115 8547
115 9880
115 10180
115 11072
116 6681
116 7375
116 7927
116 9233
116 9661
116 10612
116 11644
117 6031
117 6768
117 7783
117 8984
117 9258
117 10333
117 11004
118 5958
118 7034
118 7622
118 8733
118 9281
118 10110
118 11589
119 6514
119 7276
119 8248
119 9099
119 9343
119 10130
119 11238
120 6143
120 7495
120 8001
120 8883
120 10039
120 10274
120 11396
121 6301
121 6799
121 8146
121 8717
121 9976
121 10371
121 10985
122 6317
122 7554
122 7690
122 8692
122 9618
122 10784
122 11357
123 6009
123 7260
123 8346
123 8538
123 9449
123 10504
123 11711
124 5907
124 7021
124 7954
124 9207
124 9980
124 10113
124 11078
125 6229
125 6781
125 8145
125 8665
125 9633
125 10228
125 11692
126 6272
126 6775
126 7670
126 8973
126 9305
126 10186
126 11052
127 6138
127 7348
127 7612
127 9070
127 9516
127 10131
127 11362
128 6118
128 6754
128 8126
128 8591
128 9354
128 10102
128 11265
129 6173
129 6749
129 8295
129 8739
129 9600
129 10726
129 11286
130 5993
130 7461
130 7897
130 8433
130 9594
130 10721
130 11159
131 6468
131 7303
131 7862
131 8874
131 9523
131 10638
131 11672
132 6199
132 7294
132 8060
132 8571
132 9536
132 10395
132 11188
133 6438
133 7506
133 8162
133 9191
133 9790
133 10741
133 11385
134 6197
134 6793
134 7864
134 8409
134 9541
134 10472
134 11124
135 6069
135 7178
135 7584
135 8434
135 9269
135 10138
135 11205
136 6087
136 6981
136 8230
136 8448
136 9801
136 10182
136 11049
137 5908
137 6899
137 8228
137 8517
137 9474
137 10179
137 11425
138 5995
138 6765
138 8299
138 8480
138 9287
138 10778
138 11058
139 6213
139 6951
139 8267
139 8831
139 9953
139 10633
139 11271
140 6425
140 7002
140 7972
140 8700
140 9510
140 10256
140 11081
141 5943
141 7245
141 7708
141 8568
141 9842
141 10512
141 11751
142 5884
142 7237
142 7823
142 8960
142 10068
142 10123
142 11514
143 6217
143 7409
143 7694
143 8959
143 9929
143 10148
143 11241
144 6463
144 7560
144 7626
144 8455
144 9368
144 10159
144 11657
145 6074
145 6867
145 8078
145 8771
145 9464
145 10846
145 11287
146 5947
146 7479
146 8364
146 8934
146 10077
146 10290
146 11275
147 6150
147 7161
147 8357
147 9195
147 9727
147 10762
147 10931
148 6099
148 7557
148 7855
148 9051
148 9331
148 10908
148 11279
149 6288
149 7135
149 8247
149 9212
149 9767
149 10323
149 11154
150 6595
150 7386
150 7650
150 8401
150 9816
150 10099
150 11100
151 6216
151 7502
151 8337
151 9180
151 9933
151 10444
151 11191
152 6592
152 7388
152 7821
152 8747
152 9363
152 10431
152 11387
153 6013
153 6813
153 7727
153 8572
153 9736
153 10648
153 11451
154 6617
154 7365
154 7675
154 9064
154 9844
154 10615
154 11093
155 6333
155 7180
155 8163
155 8512
155 9318
155 10356
155 11225
156 6589
156 7521
156 7740
156 9137
156 9309
156 10826
156 11719
157 6006
157 7273
157 8350
157 8416
157 9648
157 10302
157 11515
158 6389
158 6800
158 7891
158 9065
158 9817
158 10864
158 11084
159 6032
159 6740
159 7957
159 9062
159 9983
159 10697
159 11306
160 6548
160 7207
160 7703
160 9013
160 9355
160 10406
160 11421
161 6658
161 7014
161 7969
161 9141
161 9992
161 10150
161 11264
162 6176
162 6836
162 7743
162 8770
162 9863
162 10853
162 11037
163 6377
163 6727
163 7858
163 8695
163 10050
163 10390
163 11132
164 6285
164 7422
164 8306
164 8953
164 9249
164 10376
164 11594
165 5992
165 7353
165 8104
165 8465
165 10045
165 10185
165 10959
166 6674
166 6946
166 7649
166 9185
166 9559
166 10250
166 11249
167 6247
167 6952
167 7860
167 8579
167 9494
167 10585
167 11531
168 6101
168 6770
168 8031
168 9174
168 9684
168 10650
168 11414
169 6130
169 7399
169 8176
169 8753
169 9868
169 10707
169 11399
170 6647
170 7537
170 7833
170 8908
170 9386
170 10586
170 11246
171 6080
171 7168
171 8398
171 8453
171 9928
171 10665
171 10978
172 6125
172 7240
172 7723
172 8477
172 9799
172 10402
172 11621
173 6483
173 6971
173 8303
173 8586
173 9265
173 10396
173 11017
174 6624
174 7464
174 7802
174 8662
174 9629
174 10170
174 11613
175 6427
175 7555
175 8012
175 9176
175 9560
175 10531
175 11615
176 6499
176 7410
176 7625
176 9088
176 9407
176 10212
176 11609
177 6003
177 7205
177 7749
177 8774
177 9442
177 10506
177 11638
178 6501
178 6828
178 8244
178 9206
178 9440
178 10611
178 11676
179 6447
179 6932
179 7598
179 8458
179 9857
179 10865
179 11300
180 6571
180 7367
180 7859
180 8532
180 9747
180 10716
180 11092
181 6308
181 7380
181 8199
181 8471
181 9637
181 10670
181 11483
182 6067
182 7228
182 8008
182 9037
182 9434
182 10499
182 11484
183 6329
183 7408
183 7828
183 8738
183 9539
183 10693
183 11591
184 6081
184 7186
184 7888
184 8972
184 10002
184 10812
184 11605
185 6390
185 6975
185 7808
185 8674
185 9722
185 10920
185 11640
186 6546
186 7134
186 8091
186 9027
186 9381
186 10465
186 10954
187 6244
187 6996
187 7767
187 9144
187 9491
187 10155
187 11285
188 6460
188 7015
188 8079
188 8570
188 9315
188 10777
188 11760
189 6692
189 7030
189 8285
189 9133
189 10073
189 10266
189 11598
190 6195
190 7540
190 7868
190 8574
190 9873
190 10551
190 11327
191 6070
191 6884
191 8182
191 8995
191 9851
191 10718
191 11689
192 6579
192 7478
192 7742
192 9077
192 9745
192 10689
192 11417
193 6503
193 6874
193 8311
193 8561
193 9621
193 10815
193 11334
194 6028
194 7412
194 8192
194 8653
194 9252
194 10300
194 11097
195 6215
195 7058
195 8226
195 8505
195 9422
195 10757
195 10932
196 5959
196 7361
196 8329
196 8464
196 9835
196 10561
196 10933
197 6064
197 6994
197 8151
197 8487
197 10057
197 10457
197 11534
198 6166
198 7509
198 7837
198 8886
198 9552
198 10755
198 11441
199 5906
199 6739
199 7678
199 8523
199 9616
199 10312
199 11724
200 6303
200 7389
200 8118
200 8469
200 9412
200 10623
200 11153
201 5933
201 7036
201 7621
201 8989
201 10016
201 10722
201 11142
202 6058
202 7501
202 7737
202 9003
202 9421
202 10219
202 11224
203 6416
203 6724
203 8383
203 8597
203 9429
203 10546
203 11113
204 6648
204 7558
204 7753
204 8836
204 9625
204 10385
204 11538
205 5961
205 6987
205 8378
205 8975
205 9831
205 10432
205 11038
206 6356
206 7325
206 7741
206 8446
206 9473
206 10895
206 11152
207 6131
207 7444
207 7770
207 8957
207 9382
207 10515
207 11269
208 6214
208 6745
208 7614
208 8702
208 9467
208 10462
208 11555
209 6145
209 6871
209 7848
209 8851
209 9724
209 10325
209 11260
210 6354
210 6809
210 7871
210 9227
210 9451
210 10635
210 11717
211 6062
211 7424
211 8218
211 9209
211 10032
211 10857
211 11493
212 5981
212 6730
212 8204
212 9152
212 9630
212 10533
212 11337
213 6433
213 7490
213 8138
213 8463
213 9751
213 10370
213 11180
214 6141
214 7179
214 8338
214 9112
214 9286
214 10739
214 11690
215 6412
215 6856
215 7900
215 8813
215 9762
215 10491
215 11556
216 6683
216 7165
216 8290
216 8742
216 9498
216 10502
216 11474
217 6473
217 7530
217 7905
217 9240
217 9792
217 10553
217 11371
218 6511
218 7212
218 8166
218 8732
218 9809
218 10699
218 11738
219 5987
219 6845
219 8028
219 8962
219 10024
219 10357
219 11323
220 6560
220 7488
220 8229
220 9198
220 9961
220 10690
220 11442
221 6524
221 7099
221 8058
221 9084
221 9547
221 10532
221 11658
222 5946
222 7269
222 8297
222 9019
222 9607
222 10400
222 11368
223 6005
223 7261
223 7825
223 8681
223 10026
223 10771
223 11759
224 6223
224 7312
224 7575
224 9028
224 9601
224 10883
224 11355
225 6615
225 7526
225 7796
225 8605
225 9551
225 10507
225 11169
226 6257
226 6849
226 7881
226 8693
226 9427
226 10664
226 11252
227 6690
227 7451
227 8121
227 8627
227 9660
227 10192
227 11618
228 6512
228 7286
228 8107
228 8947
228 9658
228 10842
228 11202
229 5923
229 7466
229 7807
229 8492
229 9919
229 10731
229 11574
230 6036
230 7210
230 7618
230 9235
230 9468
230 10913
230 10935
231 6669
231 6900
231 7986
231 8415
231 9339
231 10882
231 11684
232 6625
232 7159
232 7679
232 8805
232 9995
232 10874
232 11540
233 6563
233 7175
233 7600
233 8615
233 9272
233 10788
233 11584
234 5925
234 7316
234 8000
234 9009
234 9532
234 10702
234 11304
235 5956
235 7335
235 7669
235 8964
235 9675
235 10489
235 11088
236 6052
236 6993
236 8175
236 9107
236 9416
236 10344
236 11616
237 6133
237 7149
237 8256
237 9221
237 9709
237 10144
237 11060
238 6395
238 7458
238 8132
238 8837
238 9591
238 10618
238 11432
239 5930
239 6904
239 8242
239 8948
239 9702
239 10758
239 11179
240 6636
240 7222
240 8313
240 8703
240 9765
240 10878
240 11479
241 6471
241 7092
241 7691
241 8728
241 9785
241 10899
241 11625
242 6557
242 6898
242 8065
242 8797
242 9949
242 10556
242 11507
243 6116
243 7230
243 8365
243 9239
243 9624
243 10637
243 11660
244 6157
244 6824
244 7915
244 8999
244 9337
244 10401
244 11064
245 6082
245 7387
245 8023
245 9039
245 9480
245 10627
245 11335
246 6307
246 6734
246 7789
246 9073
246 9772
246 10897
246 11206
247 6529
247 7003
247 7979
247 9080
247 9946
247 10183
247 11412
248 6668
248 6869
248 7769
248 9153
248 9515
248 10351
248 11456
249 6177
249 6943
249 7843
249 8435
249 9847
249 10654
249 11345
250 6693
250 7539
250 7846
250 8992
250 9602
250 10389
250 11579
251 6353
251 6834
251 8108
251 8467
251 9894
251 10521
251 11403
252 6040
252 6851
252 7693
252 9205
252 9293
252 10319
252 11288
253 6211
253 7305
253 8194
253 8600
253 9737
253 10353
253 11057
254 6281
254 7519
254 7599
254 9056
254 9945
254 10582
254 11411
255 6144
255 6936
255 7921
255 8563
255 9471
255 10147
255 11541
256 5962
256 7445
256 8254
256 8849
256 9455
256 10271
256 11718
257 6093
257 7400
257 7917
257 8493
257 9261
257 10634
257 11351
258 5998
258 6759
258 8167
258 8900
258 9542
258 10666
258 10960
259 6513
259 7552
259 8235
259 8412
259 9943
259 10092
259 10936
260 5882
260 7045
260 8217
260 8802
260 10013
260 10891
260 11127
261 6547
261 6750
261 7902
261 8616
261 10008
261 10606
261 11645
262 6261
262 6921
262 8025
262 9173
262 9250
262 10439
262 11104
263 6296
263 7485
263 7994
263 9193
263 9708
263 10223
263 11303
264 6516
264 6940
264 7586
264 8684
264 9756
264 10708
264 11373
265 6163
265 7416
265 7798
265 8425
265 9997
265 10391
265 11102
266 6585
266 7428
266 8048
266 8803
266 9716
266 10589
266 11089
267 6111
267 7270
267 8150
267 8845
267 9396
267 10349
267 11535
268 5912
268 6812
268 8044
268 8866
268 9595
268 10140
268 11301
269 6158
269 7421
269 7565
269 9200
269 9749
269 10208
269 11537
270 6228
270 6959
270 8257
270 8575
270 9948
270 10270
270 11627
271 6510
271 7448
271 8215
271 8998
271 9967
271 10116
271 10972
272 6716
272 7233
272 7635
272 8937
272 9485
272 10308
272 11255
273 6537
273 6960
273 7929
273 8912
273 9367
273 10799
273 11667
274 6290
274 7213
274 7912
274 8488
274 9609
274 10334
274 11239
275 6220
275 7191
275 8394
275 8918
275 9683
275 10870
275 11410
276 6552
276 6826
276 7710
276 9044
276 9334
276 10817
276 11400
277 6287
277 7360
277 7664
277 9145
277 9676
277 10496
277 11491
278 6616
278 6887
278 7620
278 8778
278 9534
278 10454
278 11604
279 6012
279 7111
279 8352
279 9090
279 9242
279 10203
279 11487
280 6376
280 6937
280 8211
280 9127
280 9613
280 10756
280 11518
281 6330
281 7528
281 7668
281 9110
281 9777
281 10473
281 11478
282 6426
282 7098
282 8386
282 8598
282 9965
282 10313
282 11380
283 6191
283 7333
283 7801
283 8988
283 9385
283 10821
283 11129
284 6705
284 6983
284 7768
284 8804
284 9584
284 10440
284 11296
285 5965
285 6948
285 8283
285 9159
285 9666
285 10752
285 11482
286 6465
286 7103
286 8224
286 8573
286 10051
286 10168
286 11602
287 6644
287 7443
287 8277
287 8760
287 9488
287 10663
287 11121
288 6264
288 7048
288 7784
288 8617
288 10038
288 10307
288 11190
289 6504
289 7038
289 8291
289 8626
289 9641
289 10447
289 11656
290 5909
290 6780
290 7826
290 8486
290 9755
290 10429
290 10997
291 6203
291 7559
291 8116
291 8411
291 9344
291 10706
291 11620
292 6539
292 6876
292 8056
292 8510
292 10004
292 10542
292 11232
293 6601
293 7291
293 8392
293 8405
293 9862
293 10096
293 11261
294 6553
294 6966
294 8085
294 8549
294 9345
294 10765
294 11434
295 5900
295 7503
295 7639
295 8545
295 9585
295 10124
295 11554
296 6092
296 6736
296 8395
296 8481
296 9622
296 10194
296 11189
297 6603
297 7512
297 7980
297 9063
297 9774
297 10685
297 10983
298 6606
298 6928
298 7564
298 8852
298 9673
298 10767
298 11722
299 6023
299 6818
299 8137
299 8410
299 9931
299 10639
299 11509
300 6470
300 7056
300 8201
300 8737
300 9955
300 10795
300 11492
301 6227
301 6823
301 7961
301 8979
301 9377
301 10237
301 11703
302 6206
302 7504
302 7643
302 8719
302 9819
302 10187
302 11497
303 6464
303 7383
303 8103
303 8968
303 9865
303 10580
303 10925
304 5913
304 6820
304 7758
304 8420
304 9985
304 10304
304 11698
305 6652
305 7176
305 7570
305 8909
305 9599
305 10105
305 11521
306 6573
306 6753
306 8073
306 9210
306 9807
306 10720
306 11234
307 6622
307 6882
307 8066
307 8527
307 9556
307 10501
307 11438
308 5997
308 7471
308 8105
308 8457
308 9507
308 10127
308 11146
309 6643
309 7253
309 8030
309 8671
309 9640
309 10691
309 11003
310 6245
310 7062
310 8029
310 8440
310 9679
310 10608
310 10989
311 6162
311 7116
311 7765
311 8720
311 9926
311 10167
311 11147
312 6011
312 7289
312 7674
312 9042
312 9783
312 10259
312 11427
313 6545
313 6942
313 8314
313 8763
313 9409
313 10230
313 11681
314 6221
314 7520
314 8101
314 9220
314 9446
314 10632
314 11729
315 5896
315 7373
315 7890
315 8509
315 9423
315 10806
315 11333
316 6594
316 7470
316 8075
316 8806
316 9686
316 10152
316 11331
317 6709
317 6923
317 8009
317 8938
317 9439
317 10191
317 11218
318 5960
318 6842
318 7611
318 8698
318 9395
318 10335
318 11015
319 6146
319 7084
319 8158
319 8685
319 9361
319 10135
319 11450
320 6338
320 7052
320 7958
320 8987
320 9712
320 10714
320 11666
321 6170
321 7070
321 8169
321 9120
321 9725
321 10705
321 11624
322 6010
322 7307
322 8082
322 9135
322 10030
322 10413
322 11376
323 5986
323 7088
323 7850
323 8646
323 9461
323 10282
323 10980
324 5948
324 7077
324 8141
324 8638
324 9545
324 10210
324 11565
325 6056
325 7247
325 7571
325 8472
325 9746
325 10165
325 11042
326 6363
326 7317
326 7818
326 8793
326 9358
326 10845
326 11586
327 6160
327 7469
327 8119
327 8424
327 9311
327 10578
327 11310
328 6370
328 7355
328 8052
328 9190
328 9856
328 10836
328 11105
329 6621
329 6891
329 8385
329 8791
329 9575
329 10111
329 11436
330 6161
330 6841
330 8356
330 8936
330 9798
330 10112
330 11490
331 6298
331 7065
331 8266
331 8904
331 9752
331 10453
331 10979
332 6044
332 6988
332 8196
332 8919
332 9832
332 10676
332 11136
333 6666
333 6831
333 8070
333 8578
333 9268
333 10136
333 11256
334 6181
334 7329
334 8133
334 8939
334 9891
334 10621
334 11736
335 6088
335 7162
335 8123
335 8526
335 9326
335 10249
335 11338
336 6481
336 7427
336 8289
336 8905
336 9917
336 10316
336 10986
337 5954
337 7549
337 8271
337 9052
337 9665
337 10904
337 11585
338 5999
338 7394
338 7964
338 9049
338 9968
338 10481
338 11236
339 6439
339 7391
339 7731
339 8709
339 9620
339 10549
339 11292
340 6598
340 6889
340 8390
340 8447
340 9612
340 10837
340 11504
341 6256
341 7239
341 8100
341 8910
341 9655
341 10781
341 10969
342 6337
342 7277
342 7583
342 8506
342 10028
342 10914
342 11178
343 5885
343 6925
343 7952
343 8497
343 9827
343 10339
343 11614
344 6413
344 7413
344 7924
344 8518
344 9527
344 10082
344 11173
345 6442
345 7254
345 8183
345 8721
345 9294
345 10346
345 11273
346 5917
346 7447
346 8081
346 8552
346 9370
346 10793
346 11372
347 6388
347 7208
347 8234
347 9231
347 9773
347 10320
347 11458
348 6030
348 7529
348 7700
348 8754
348 9853
348 10388
348 11542
349 6462
349 7417
349 8171
349 8630
349 10060
349 10860
349 11753
350 6538
350 7301
350 8113
350 8478
350 10041
350 10588
350 11117
351 6258
351 6918
351 7940
351 8500
351 10017
351 10157
351 11053
352 6659
352 7074
352 7771
352 8569
352 9452
352 10829
352 11282
353 6515
353 7334
353 8177
353 8929
353 9330
353 10780
353 11469
354 6119
354 6939
354 7875
354 8898
354 10018
354 10881
354 11752
355 6073
355 6933
355 7677
355 8843
355 9397
355 10195
355 11720
356 6122
356 7467
356 8089
356 9102
356 9393
356 10269
356 11074
357 5945
357 7385
357 8371
357 9196
357 9937
357 10610
357 11435
358 6001
358 7498
358 7719
358 8871
358 9426
358 10434
358 11749
359 6022
359 7347
359 8007
359 8818
359 9415
359 10888
359 11295
360 6008
360 7418
360 7996
360 8730
360 9251
360 10156
360 11352
361 6608
361 7127
361 8185
361 8611
361 9701
361 10394
361 11165
362 5897
362 7437
362 7706
362 8476
362 9619
362 10715
362 11465
363 6324
363 6888
363 7697
363 9134
363 9922
363 10336
363 11386
364 6599
364 7143
364 8042
364 8442
364 9911
364 10570
364 11398
365 6641
365 6910
365 8134
365 8767
365 9245
365 10688
365 10990
366 6277
366 7026
366 7976
366 8651
366 9936
366 10809
366 11023
367 6687
367 7115
367 7945
367 8713
367 9623
367 10673
367 11365
368 5990
368 7131
368 7729
368 9232
368 9740
368 10264
368 11707
369 6632
369 7055
369 7910
369 8741
369 9476
369 10275
369 11083
370 6306
370 6870
370 7636
370 9071
370 9823
370 10137
370 11750
371 6051
371 7397
371 7567
371 8828
371 9304
371 10281
371 10964
372 6383
372 7514
372 7919
372 8564
372 9757
372 10213
372 11069
373 6048
373 7296
373 7634
373 8601
373 9770
373 10525
373 11125
374 6189
374 7551
374 7652
374 9020
374 9820
374 10418
374 11082
375 6079
375 7435
375 8140
375 9058
375 9550
375 10768
375 11063
376 6347
376 7031
376 7720
376 8459
376 9329
376 10567
376 11578
377 6273
377 7341
377 7949
377 8889
377 9850
377 10903
377 11281
378 6445
378 7377
378 7716
378 9208
378 9800
378 10280
378 11211
379 6187
379 6868
379 8246
379 8748
379 9904
379 10141
379 11395
380 6540
380 7020
380 8020
380 8811
380 9475
380 10416
380 11243
381 6574
381 7190
381 7763
381 9007
381 9419
381 10397
381 10970
382 6671
382 6922
382 7644
382 8521
382 9849
382 10417
382 11123
383 6266
383 7398
383 7607
383 8892
383 9328
383 10142
383 11721
384 6361
384 7064
384 8388
384 8406
384 9453
384 10614
384 10944
385 6688
385 7114
385 7813
385 8894
385 9939
385 10093
385 11080
386 5979
386 7122
386 8088
386 8850
386 9837
386 10090
386 10940
387 6105
387 6833
387 8040
387 8516
387 9652
387 10710
387 11034
388 6650
388 7040
388 8071
388 8677
388 9598
388 10403
388 11563
389 6697
389 7459
389 7920
389 8444
389 9259
389 10539
389 11356
390 6365
390 6819
390 8316
390 8956
390 9314
390 10669
390 11632
391 6649
391 6756
391 7755
391 9117
391 9567
391 10651
391 11101
392 6053
392 7369
392 7735
392 8899
392 9776
392 10415
392 11035
393 6459
393 7309
393 8153
393 9130
393 9908
393 10217
393 11496
394 6076
394 6862
394 7663
394 8423
394 9704
394 10879
394 11328
395 6218
395 6866
395 7869
395 8856
395 9916
395 10811
395 11244
396 5895
396 6848
396 8074
396 9072
396 9695
396 10240
396 11022
397 6434
397 7236
397 7898
397 9219
397 9580
397 10563
397 10982
398 6393
398 7376
398 7936
398 8844
398 9273
398 10279
398 11343
399 6068
399 6782
399 7782
399 9057
399 9285
399 10285
399 10927
400 6517
400 7331
400 7648
400 8696
400 9715
400 10704
400 11181
401 5887
401 7025
401 8072
401 8887
401 9971
401 10233
401 11018
402 6260
402 6865
402 7999
402 8833
402 9804
402 10833
402 11025
403 5928
403 7028
403 8255
403 8819
403 9645
403 10350
403 11195
404 6550
404 7220
404 7941
404 8879
404 9882
404 10456
404 11655
405 5911
405 7505
405 8243
405 8548
405 10011
405 10199
405 11223
406 6566
406 7238
406 8209
406 9151
406 10036
406 10682
406 11156
407 6263
407 6785
407 7733
407 8649
407 10044
407 10278
407 11544
408 6293
408 7336
408 7990
408 8762
408 10031
408 10235
408 11581
409 6422
409 7500
409 8035
409 8633
409 9350
409 10089
409 11430
410 6558
410 7063
410 7686
410 9214
410 9653
410 10364
410 11444
411 6614
411 7268
411 7754
411 8786
411 9973
411 10629
411 11426
412 5904
412 7390
412 7699
412 8537
412 9682
412 10709
412 11257
413 6534
413 6919
413 8370
413 8872
413 9886
413 10428
413 11240
414 5953
414 6955
414 7605
414 8986
414 10061
414 10529
414 11041
415 6123
415 6807
415 7676
415 8610
415 9982
415 10642
415 11008
416 6451
416 7000
416 7824
416 9215
416 9462
416 10379
416 11570
417 6198
417 7285
417 8263
417 8542
417 9667
417 10873
417 11235
418 6112
418 6897
418 8334
418 8607
418 9877
418 10725
418 11103
419 6565
419 7023
419 8344
419 9216
419 9869
419 10775
419 11381
420 6057
420 7438
420 7576
420 9222
420 9693
420 10101
420 10998
421 5952
421 7396
421 7975
421 8676
421 9803
421 10254
421 11730
422 6094
422 6777
422 7909
422 8942
422 9256
422 10374
422 11219
423 6271
423 6863
423 8260
423 8694
423 9548
423 10106
423 11112
424 6286
424 7342
424 7948
424 8798
424 9779
424 10880
424 10958
425 6367
425 7310
425 7884
425 8634
425 9514
425 10487
425 10924
426 6309
426 7226
426 7766
426 9018
426 9432
426 10738
426 11551
427 6358
427 7432
427 8147
427 8775
427 9555
427 10760
427 11402
428 6527
428 6797
428 7987
428 8593
428 9267
428 10422
428 10955
429 6576
429 7324
429 8220
429 8750
429 9277
429 10537
429 11754
430 6528
430 6783
430 8038
430 9113
430 9761
430 10386
430 11348
431 6630
431 7249
431 8258
431 8734
431 9733
431 10911
431 11213
432 6653
432 7460
432 8376
432 8658
432 9920
432 10562
432 11505
433 6017
433 7166
433 8287
433 9204
433 9681
433 10552
433 11131
434 6431
434 6796
434 7977
434 8961
434 9912
434 10624
434 11571
435 5903
435 7027
435 8223
435 8782
435 9781
435 10759
435 11639
436 6268
436 6728
436 7616
436 8810
436 10003
436 10412
436 11524
437 6415
437 7263
437 7817
437 8648
437 9557
437 10100
437 11378
438 6237
438 6913
438 8233
438 9035
438 9390
438 10378
438 11569
439 5982
439 6766
439 8039
439 9179
439 9900
439 10448
439 11289
440 6047
440 7195
440 8274
440 8672
440 10005
440 10906
440 11679
441 6500
441 6980
441 8055
441 8414
441 9336
441 10318
441 11307
442 6536
442 7517
442 8225
442 9162
442 9707
442 10893
442 10984
443 6132
443 7007
443 7604
443 9230
443 9874
443 10509
443 11055
444 6279
444 7035
444 8149
444 8438
444 9360
444 10528
444 11636
445 6061
445 7112
445 8245
445 8585
445 9898
445 10513
445 11476
446 6152
446 7104
446 7880
446 8559
446 9866
446 10441
446 11668
447 6670
447 7536
447 8321
447 9078
447 9418
447 10355
447 11670
448 6490
448 7523
448 8155
448 8603
448 9735
448 10461
448 11597
449 6098
449 6794
449 8368
449 8429
449 9581
449 10117
449 11320
450 6525
450 7403
450 8164
450 9005
450 9553
450 10292
450 11315
451 6457
451 7264
451 8047
451 8625
451 9549
451 10399
451 11111
452 5894
452 6764
452 7878
452 8888
452 10047
452 10498
452 11680
453 6496
453 7120
453 8387
453 8468
453 9254
453 10717
453 11629
454 6397
454 6825
454 7935
454 9237
454 9913
454 10243
454 11073
455 6642
455 7414
455 8284
455 9175
455 9833
455 10118
455 11550
456 6582
456 7402
456 7985
456 8779
456 9758
456 10735
456 11226
457 5924
457 6778
457 7658
457 9069
457 9457
457 10748
457 11688
458 5989
458 7136
458 8004
458 8624
458 9698
458 10188
458 11126
459 6050
459 7533
459 8339
459 9093
459 9990
459 10262
459 11150
460 5934
460 7295
460 7585
460 8924
460 10006
460 10343
460 11464
461 6509
461 6911
461 8340
461 9029
461 9726
461 10915
461 11267
462 5883
462 7482
462 8045
462 8642
462 9840
462 10368
462 11388
463 5890
463 7299
463 8005
463 8916
463 9972
463 10283
463 11552
464 6126
464 7091
464 8002
464 8764
464 9723
464 10352
464 11664
465 6369
465 7198
465 8139
465 8647
465 9576
465 10660
465 11714
466 6129
466 7493
466 8046
466 8582
466 9634
466 10115
466 11498
467 6645
467 6859
467 8212
467 8943
467 9402
467 10596
467 11522
468 6640
468 6961
468 7613
468 9040
468 9895
468 10173
468 11036
469 6280
469 7255
469 7718
469 8821
469 9848
469 10209
469 11076
470 6559
470 6773
470 8239
470 8715
470 9651
470 10247
470 11445
471 6315
471 6880
471 7594
471 8983
471 9489
471 10554
471 11741
472 5988
472 7251
472 7595
472 9163
472 9458
472 10360
472 11026
473 5927
473 7133
473 7596
473 8746
473 9854
473 10534
473 11481
474 6086
474 7105
474 7738
474 8971
474 9538
474 10162
474 11545
475 6114
475 7057
475 7944
475 8513
475 9646
475 10838
475 11284
476 6373
476 7164
476 7590
476 9111
476 9257
476 10119
476 11209
477 6159
477 7024
477 7689
477 8930
477 10053
477 10597
477 11098
478 6662
478 7456
478 8069
478 8687
478 9486
478 10684
478 11139
479 6355
479 7229
479 8011
479 8865
479 9519
479 10166
479 11172
480 6541
480 7008
480 8106
480 9160
480 9263
480 10361
480 11440
481 5910
481 6992
481 8129
481 8869
481 9496
481 10338
481 11201
482 5937
482 7465
482 7974
482 8907
482 9987
482 10107
482 11014
483 6063
483 7151
483 7709
483 8885
483 9284
483 10126
483 11506
484 6190
484 7454
484 8092
484 9157
484 9366
484 10769
484 11643
485 6059
485 7395
485 8193
485 8776
485 9347
485 10886
485 11197
486 6440
486 7097
486 8292
486 8640
486 10070
486 10854
486 11311
487 6472
487 7339
487 8269
487 8491
487 10023
487 10120
487 11135
488 6252
488 7177
488 7630
488 8842
488 9253
488 10459
488 11367
489 5926
489 6924
489 7744
489 9081
489 9841
489 10427
489 11047
490 6310
490 6968
490 7998
490 9026
490 9942
490 10843
490 11611
491 6430
491 7096
491 7800
491 9089
491 10027
491 10227
491 11731
492 5918
492 7197
492 7960
492 8562
492 9687
492 10896
492 11520
493 6104
493 6901
493 8272
493 8926
493 9969
493 10363
493 11155
494 6635
494 7188
494 7983
494 8927
494 9909
494 10324
494 11217
495 6526
495 6737
495 8057
495 9048
495 9794
495 10482
495 11475
496 6696
496 6956
496 7911
496 9142
496 9963
496 10519
496 11330
497 6480
497 7227
497 7934
497 9136
497 10029
497 10331
497 11302
498 6542
498 7320
498 7914
498 9140
498 9957
498 10894
498 11033
499 6532
499 7110
499 7865
499 8838
499 9460
499 10149
499 11401
500 6188
500 7081
500 8128
500 8901
500 9734
500 10645
500 11526
501 6320
501 6895
501 8332
501 9033
501 10037
501 10744
501 11467
502 6235
502 7354
502 8351
502 9114
502 9954
502 10474
502 11734
503 6340
503 7141
503 7617
503 9025
503 9502
503 10916
503 11253
504 6581
504 7250
504 7702
504 9101
504 9303
504 10151
504 11382
505 6543
505 6738
505 7978
505 8622
505 9760
505 10134
505 10965
506 6334
506 6788
506 8276
506 8757
506 9711
506 10277
506 11220
507 6196
507 7219
507 8198
507 9138
507 9540
507 10244
507 11516
508 6045
508 7527
508 7895
508 8534
508 9907
508 10730
508 11559
509 6686
509 6935
509 7721
509 8639
509 9291
509 10604
509 11422
510 6380
510 7489
510 8059
510 8801
510 9372
510 10289
510 11229
511 5949
511 7147
511 8348
511 8830
511 9568
511 10746
511 11404
512 6232
512 6972
512 7918
512 9183
512 9778
512 10535
512 11756
513 5969
513 7086
513 7830
513 8530
513 9384
513 10909
513 11391
514 6411
514 7306
514 7892
514 8789
514 9925
514 10267
514 11641
515 6250
515 6811
515 8017
515 8787
515 9574
515 10246
515 11230
516 6706
516 6763
516 7568
516 8725
516 9255
516 10218
516 11019
517 6019
517 7304
517 8261
517 9201
517 9950
517 10538
517 11216
518 6243
518 7315
518 8142
518 9105
518 9522
518 10492
518 11710
519 5919
519 6784
519 7965
519 8666
519 9544
519 10094
519 11419
520 6676
520 7543
520 8131
520 8556
520 9531
520 10694
520 10973
521 6378
521 6999
521 7887
521 8858
521 9380
521 10520
521 11164
522 5889
522 6814
522 8315
522 8430
522 9466
522 10171
522 11383
523 6414
523 7368
523 7903
523 8422
523 10076
523 10727
523 11420
524 6209
524 6954
524 8115
524 8452
524 9994
524 10686
524 11109
525 6185
525 7051
525 7579
525 8749
525 9307
525 10384
525 11415
526 6284
526 7332
526 7988
526 8925
526 9748
526 10299
526 11324
527 6120
527 7370
527 8366
527 8915
527 9340
527 10322
527 11358
528 5929
528 7158
528 8041
528 8449
528 9743
528 10729
528 11024
529 6262
529 7556
529 7791
529 8522
529 9690
529 10426
529 11577
530 5905
530 7415
530 7797
530 8800
530 9927
530 10628
530 11200
531 6656
531 7284
531 7707
531 8997
531 9810
531 10816
531 11233
532 6703
532 7366
532 8043
532 9008
532 9521
532 10129
532 11270
533 6164
533 7513
533 8293
533 9192
533 10078
533 10358
533 11494
534 6205
534 7371
534 7580
534 8893
534 10015
534 10603
534 11321
535 6660
535 6839
535 7712
535 8680
535 10046
535 10382
535 11204
536 6128
536 6953
536 7751
536 9182
536 9940
536 10574
536 11353
537 6708
537 7281
537 8186
537 8822
537 9836
537 10225
537 10976
538 6498
538 7140
538 7997
538 9229
538 9529
538 10565
538 11659
539 6231
539 7124
539 7562
539 9002
539 9564
539 10503
539 11587
540 6458
540 7483
540 7882
540 9036
540 9644
540 10451
540 11276
541 6100
541 6985
541 8019
541 8690
541 9535
541 10297
541 11322
542 6443
542 6801
542 8154
542 9203
542 9966
542 10779
542 11705
543 6316
543 7142
543 8318
543 8588
543 9947
543 10139
543 11149
544 6102
544 6973
544 8400
544 8699
544 10001
544 10305
544 11120
545 6478
545 6978
545 7695
545 8704
545 9450
545 10785
545 11151
546 5899
546 6760
546 7943
546 8584
546 9813
546 10802
546 11407
547 6233
547 6838
547 7932
547 8875
547 9490
547 10485
547 11706
548 6554
548 7440
548 7748
548 8540
548 9456
548 10455
548 10939
549 6249
549 6920
549 8270
549 9076
549 9561
549 10450
549 11439
550 5940
550 7265
550 8076
550 8913
550 9905
550 10918
550 11027
551 6620
551 7345
551 7597
551 9079
551 9501
551 10750
551 11250
552 6212
552 7426
552 8249
552 8724
552 9870
552 10452
552 10948
553 6567
553 7209
553 8362
553 8539
553 9525
553 10687
553 11079
554 6432
554 6984
554 8300
554 8678
554 9923
554 10794
554 11214
555 6485
555 6832
555 8111
555 9129
555 9593
555 10423
555 11068
556 6193
556 6892
556 8345
556 9046
556 9610
556 10174
556 11671
557 6246
557 7106
557 8054
557 8461
557 9989
557 10678
557 11642
558 6519
558 7271
558 7588
558 8707
558 9670
558 10667
558 10956
559 5978
559 7022
559 8165
559 8807
559 9688
559 10743
559 10937
560 6580
560 7274
560 7638
560 8404
560 9754
560 10295
560 11119
561 5951
561 7010
561 7659
561 8914
561 10014
561 10598
561 11141
562 6561
562 6974
562 7790
562 9165
562 9276
562 10770
562 11678
563 6175
563 6944
563 8053
563 8629
563 9244
563 10478
563 11532
564 6374
564 7518
564 7747
564 8691
564 9824
564 10372
564 11612
565 6345
565 6982
565 7811
565 8403
565 9861
565 10761
565 11110
566 6179
566 7005
566 8112
566 8533
566 9310
566 10671
566 11208
567 6352
567 7298
567 8197
567 8462
567 9910
567 10858
567 11468
568 6476
568 7248
568 7989
568 9199
568 9264
568 10644
568 10938
569 6596
569 7436
569 7714
569 9228
569 9970
569 10497
569 11207
570 5936
570 7216
570 7696
570 9000
570 9858
570 10189
570 11096
571 6611
571 6786
571 7587
571 8955
571 9597
571 10814
571 11227
572 6437
572 6873
572 7953
572 8659
572 9478
572 10303
572 11437
573 6027
573 7430
573 8143
573 8560
573 9504
573 10875
573 11099
574 6704
574 7328
574 7593
574 8855
574 9374
574 10559
574 11054
575 6194
575 7221
575 8397
575 8494
575 9710
575 10818
575 11046
576 6230
576 6761
576 8037
576 9109
576 9934
576 10410
576 11359
577 6321
577 6779
577 8015
577 8795
577 9789
577 10583
577 11525
578 6639
578 6893
578 7722
578 8743
578 9805
578 10265
578 10993
579 5939
579 7340
579 8173
579 8941
579 9454
579 10620
579 11747
580 6655
580 7144
580 7877
580 8847
580 9398
580 10701
580 11341
581 5941
581 7019
581 7923
581 8903
581 9606
581 10839
581 11021
582 6108
582 7232
582 8262
582 9213
582 9332
582 10407
582 11280
583 5901
583 7080
583 7847
583 8495
583 9554
583 10387
583 11166
584 6667
584 7153
584 8286
584 9082
584 9371
584 10573
584 11446
585 6351
585 7441
585 7661
585 8859
585 9738
585 10329
585 11237
586 6043
586 7244
586 8184
586 8683
586 9662
586 10819
586 11268
587 6591
587 7446
587 8102
587 8407
587 9587
587 10636
587 11455
588 6148
588 7351
588 7667
588 8853
588 9691
588 10380
588 11134
589 6489
589 7011
589 7874
589 9104
589 9353
589 10251
589 11340
590 6386
590 7322
590 7815
590 8867
590 9649
590 10226
590 11044
591 6600
591 6914
591 8294
591 8977
591 9248
591 10362
591 11148
592 6039
592 6722
592 7899
592 8636
592 9674
592 10885
592 11326
593 6292
593 6947
593 8281
593 8745
593 9642
593 10083
593 11299
594 6664
594 6835
594 7947
594 9024
594 9279
594 10160
594 11566
595 6605
595 7313
595 8381
595 8520
595 9247
595 10373
595 11040
596 6593
596 7085
596 8062
596 9100
596 9505
596 10855
596 11137
597 6346
597 7182
597 8375
597 9119
597 9405
597 10464
597 11673
598 6607
598 7183
598 8179
598 8466
598 9764
598 10754
598 11162
599 6124
599 7094
599 8006
599 8726
599 9579
599 10674
599 11461
600 6549
600 7071
600 7870
600 9116
600 10020
600 10861
600 11708
601 6469
601 6805
601 8305
601 8419
601 9786
601 10764
601 11702
602 6142
602 7356
602 7682
602 8980
602 9302
602 10146
602 11633
603 6475
603 6858
603 7685
603 8876
603 9401
603 10196
603 11508
604 6569
604 6967
604 8317
604 8840
604 9903
604 10810
604 11726
605 6618
605 7185
605 7665
605 8993
605 9750
605 10540
605 11576
606 6304
606 7137
606 8160
606 8475
606 9974
606 10579
606 10995
607 6586
607 6938
607 7814
607 8441
607 9921
607 10342
607 11746
608 6084
608 7145
608 7640
608 8531
608 10052
608 10466
608 11051
609 6360
609 7372
609 7671
609 8620
609 9864
609 10626
609 10996
610 6710
610 7173
610 8216
610 9164
610 9924
610 10294
610 11635
611 6208
611 6934
611 8097
611 8567
611 9573
611 10617
611 11715
612 6313
612 6816
612 8157
612 8826
612 9275
612 10753
612 11460
613 6362
613 7425
613 7893
613 9122
613 10033
613 10734
613 10962
614 6072
614 7171
614 8326
614 8632
614 9717
614 10700
614 11108
615 6238
615 7215
615 8068
615 8896
615 9672
615 10424
615 10928
616 5964
616 6949
616 8307
616 8772
616 9262
616 10827
616 11583
617 6381
617 6885
617 7757
617 8418
617 9822
617 10844
617 11016
618 6049
618 6735
618 7913
618 9121
618 9570
618 10518
618 11637
619 6495
619 7078
619 7982
619 8576
619 9759
619 10438
619 11572
620 6251
620 6747
620 7780
620 8766
620 9399
620 10613
620 11549
621 6020
621 6743
621 7970
621 8906
621 9588
621 10672
621 11495
622 5991
622 7148
622 7778
622 9074
622 9319
622 10609
622 11028
623 6314
623 6808
623 7937
623 8554
623 9791
623 10398
623 11363
624 6530
624 7113
624 8393
624 9055
624 9470
624 10800
624 11192
625 6302
625 7093
625 7816
625 9169
625 9417
625 10231
625 11274
626 5994
626 6755
626 7683
626 8965
626 9732
626 10557
626 11580
627 5942
627 7241
627 7832
627 8978
627 9697
627 10128
627 11433
628 6267
628 6916
628 7939
628 8736
628 9586
628 10276
628 11634
629 6448
629 7059
629 7795
629 8608
629 9938
629 10296
629 11486
630 6291
630 7524
630 8278
630 8501
630 9241
630 10177
630 11519
631 6637
631 7282
631 7711
631 8799
631 9984
631 10084
631 11662
632 6349
632 7069
632 7673
632 8922
632 9375
632 10097
632 11562
633 6491
633 7044
633 7886
633 9023
633 9892
633 10581
633 11258
634 6441
634 7061
634 7820
634 8940
634 9411
634 10848
634 11646
635 6075
635 7318
635 8206
635 8667
635 9647
635 10201
635 11457
636 6454
636 6746
636 8127
636 8784
636 9741
636 10348
636 11007
637 6477
637 7119
637 7684
637 8981
637 9788
637 10214
637 11510
638 6183
638 7079
638 7867
638 8861
638 9364
638 10807
638 11278
639 6466
639 7532
639 8135
639 9053
639 9958
639 10421
639 11651
640 6691
640 6776
640 7764
640 8504
640 9289
640 10859
640 10949
641 6002
641 7337
641 8250
641 8812
641 9484
641 10222
641 11499
642 6531
642 7515
642 7863
642 8663
642 9806
642 10109
642 10929
643 6533
643 6840
643 8253
643 8536
643 9517
643 10419
643 11013
644 6698
644 7429
644 7582
644 9038
644 9400
644 10850
644 11318
645 6078
645 7129
645 7760
645 8809
645 9376
645 10493
645 11316
646 6025
646 7101
646 7993
646 8969
646 9875
646 10787
646 10968
647 6711
647 6894
647 8086
647 8994
647 9463
647 10241
647 11122
648 6276
648 7272
648 7928
648 8991
648 9795
648 10486
648 11701
649 6694
649 6976
649 8096
649 9075
649 9589
649 10288
649 11379
650 6682
650 7163
650 7698
650 8546
650 9324
650 10205
650 11631
651 6400
651 7314
651 7606
651 9017
651 9635
651 10544
651 11652
652 6275
652 7401
652 8098
652 9016
652 10075
652 10260
652 11588
653 6000
653 6837
653 7889
653 8654
653 9632
653 10655
653 11167
654 6695
654 7287
654 8093
654 8917
654 9483
654 10835
654 11530
655 5973
655 7225
655 7906
655 8484
655 9631
655 10828
655 11735
656 6021
656 6890
656 8298
656 9167
656 9680
656 10176
656 11143
657 6182
657 7032
657 7866
657 8688
657 9700
657 10163
657 11266
658 5921
658 7463
658 7839
658 8604
658 9433
658 10449
658 11349
659 5920
659 7154
659 8355
659 8408
659 9492
659 10272
659 11308
660 6713
660 6732
660 8191
660 9125
660 9430
660 10742
660 11130
661 6357
661 6879
661 8003
661 8460
661 9999
661 10232
661 11622
662 6283
662 7531
662 8152
662 8473
662 9389
662 10600
662 11459
663 6409
663 6844
663 7794
663 8718
663 9403
663 10774
663 11547
664 6016
664 7349
664 7603
664 8502
664 9828
664 10558
664 11553
665 6384
665 6822
665 7876
665 8706
665 9714
665 10564
665 10999
666 6518
666 7224
666 8389
666 8958
666 9664
666 10211
666 11429
667 6201
667 7082
667 8341
667 8525
667 10072
667 10420
667 11416
668 6568
668 7037
668 8026
668 8755
668 9297
668 10607
668 11170
669 6587
669 7534
669 8180
669 9147
669 9860
669 10692
669 11277
670 6343
670 6855
670 8238
670 9012
670 9796
670 10732
670 11628
671 6219
671 7419
671 7756
671 8708
671 9821
671 10328
671 11686
672 6029
672 6846
672 8033
672 8565
672 9879
672 10511
672 11740
673 6297
673 7118
673 8136
673 9202
673 9654
673 10653
673 11757
674 5963
674 7462
674 8195
674 8479
674 9583
674 10354
674 10971
675 6456
675 7407
675 8120
675 8816
675 9270
675 10599
675 11397
676 6602
676 7449
676 7646
676 9187
676 9509
676 10193
676 11319
677 6570
677 7090
677 7569
677 8848
677 9546
677 10733
677 11595
678 6487
678 7507
678 8320
678 9148
678 10034
678 10404
678 11332
679 6610
679 7204
679 7853
679 8881
679 9753
679 10659
679 11560
680 6452
680 7199
680 7759
680 8825
680 10007
680 10792
680 11737
681 6479
681 6970
681 8308
681 8931
681 9742
681 10592
681 11095
682 6253
682 6815
682 8061
682 9126
682 9378
682 10483
682 11683
683 6282
683 7121
683 7592
683 8645
683 9962
683 10158
683 11245
684 6368
684 7406
684 7838
684 8932
684 9582
684 10822
684 10992
685 6054
685 7344
685 8396
685 8714
685 9915
685 10467
685 11212
686 6136
686 7100
686 8159
686 9022
686 9906
686 10114
686 11344
687 6097
687 7392
687 7861
687 8854
687 9533
687 10763
687 11118
688 6265
688 6969
688 7745
688 8644
688 9482
688 10495
688 11176
689 5974
689 6806
689 8222
689 9171
689 9815
689 10253
689 11163
690 6295
690 6748
690 8359
690 8868
690 9566
690 10863
690 11065
691 6289
691 7538
691 7623
691 8781
691 10040
691 10347
691 10952
692 6207
692 6941
692 8353
692 8870
692 9459
692 10900
692 11511
693 6038
693 6926
693 7973
693 8985
693 9871
693 10703
693 10945
694 6577
694 7006
694 7962
694 9166
694 9513
694 10125
694 11557
695 6151
695 7452
695 8323
695 9098
695 9638
695 10375
695 11472
696 6327
696 7323
696 8080
696 9161
696 9843
696 10790
696 11336
697 5957
697 6751
697 8144
697 8788
697 9744
697 10197
697 11157
698 6312
698 7499
698 8384
698 8863
698 9312
698 10749
698 10941
699 6178
699 6957
699 7602
699 8450
699 9829
699 10530
699 11001
700 6718
700 7491
700 7894
700 9030
700 9838
700 10175
700 11087
701 6305
701 7350
701 8379
701 8950
701 10054
701 10326
701 11183
702 5935
702 7496
702 8391
702 9085
702 9978
702 10273
702 11313
703 6202
703 7411
703 7967
703 8613
703 9657
703 10477
703 10923
704 6492
704 7384
704 7849
704 8580
704 10055
704 10713
704 11413
705 6419
705 7473
705 8240
705 9139
705 9784
705 10181
705 11071
706 6396
706 7138
706 8050
706 8427
706 9852
706 10442
706 11350
707 6103
707 6886
707 8034
707 8920
707 9888
707 10366
707 11298
708 5888
708 7535
708 7641
708 9041
708 10064
708 10190
708 11050
709 6505
709 7117
709 7573
709 9115
709 9392
709 10910
709 11374
710 6115
710 7242
710 7762
710 9011
710 9356
710 10766
710 11210
711 6274
711 7214
711 8347
711 8841
711 9885
711 10490
711 11144
712 6204
712 7457
712 7971
712 8609
712 9889
712 10593
712 11723
713 6200
713 7050
713 8014
713 8790
713 10019
713 10145
713 11251
714 6404
714 7128
714 7705
714 9131
714 9996
714 10789
714 11366
715 6502
715 7156
715 7804
715 8923
715 9890
715 10657
715 10953
716 6461
716 6908
716 7734
716 9124
716 9413
716 10252
716 11745
717 6417
717 7545
717 7574
717 8483
717 9896
717 10480
717 11032
718 6455
718 7072
718 7717
718 8740
718 9975
718 10547
718 11477
719 6613
719 6757
719 7688
719 8402
719 9479
719 10798
719 11138
720 6042
720 7234
720 7792
720 9158
720 9425
720 10601
720 11739
721 6712
721 7455
721 8280
721 8524
721 9325
721 10724
721 11390
722 6140
722 6744
722 7991
722 8490
722 9887
722 10698
722 11647
723 6575
723 6850
723 7704
723 8890
723 9530
723 10566
723 11005
724 6089
724 7544
724 8251
724 8661
724 9260
724 10436
724 11305
725 6248
725 7547
725 7732
725 8751
725 9391
725 10488
725 11677
726 6117
726 7053
726 7624
726 8911
726 9730
726 10517
726 11070
727 6066
727 7548
727 7781
727 9043
727 9465
727 10202
727 11727
728 6344
728 6802
728 8174
728 8550
728 9845
728 10505
728 11056
729 6180
729 7017
729 8361
729 8655
729 9278
729 10679
729 11687
730 6446
730 7043
730 8213
730 8832
730 9728
730 10224
730 11503
731 6107
731 6790
731 7642
731 8566
731 9696
731 10668
731 11607
732 5950
732 6883
732 8268
732 8558
732 9956
732 10901
732 11354
733 6406
733 6945
733 7933
733 8834
733 9659
733 10695
733 11663
734 6399
734 7246
734 8232
734 8689
734 9300
734 10476
734 11409
735 6657
735 7169
735 8027
735 9004
735 9872
735 10479
735 11447
736 6090
736 6950
736 7629
736 8485
736 9266
736 10095
736 11020
737 6335
737 6903
737 7637
737 8426
737 9338
737 10832
737 11418
738 6242
738 7130
738 8399
738 9086
738 9481
738 10104
738 11728
739 6391
739 6726
739 8354
739 8815
739 9327
739 10851
739 11431
740 6588
740 6864
740 7822
740 8439
740 10080
740 10484
740 11085
741 6110
741 7013
741 8275
741 8443
741 9420
741 10332
741 11361
742 6494
742 6789
742 8343
742 8697
742 9721
742 10164
742 11704
743 6323
743 7194
743 7992
743 8675
743 9406
743 10435
743 11346
744 6169
744 6827
744 7836
744 8587
744 9443
744 10184
744 11600
745 6626
745 6909
745 7572
745 8820
745 9932
745 10383
745 11502
746 6482
746 7262
746 8064
746 8884
746 9438
746 10445
746 11697
747 6394
747 7155
747 7660
747 9150
747 9692
747 10143
747 11116
748 5891
748 6830
748 8016
748 9156
748 9348
748 10430
748 10947
749 6026
749 7068
749 8022
749 8583
749 10022
749 10919
749 11106
750 6222
750 7327
750 8117
750 8635
750 9960
750 10656
750 11030
751 6474
751 6902
751 8273
751 8599
751 9703
751 10458
751 11182
752 6701
752 7453
752 8331
752 9218
752 9274
752 10286
752 11523
753 6407
753 7223
753 8095
753 8839
753 9577
753 10309
753 11489
754 6628
754 7364
754 8264
754 9061
754 9503
754 10745
754 11675
755 6590
755 7181
755 7785
755 9168
755 10067
755 10221
755 11347
756 6385
756 6977
756 7938
756 8966
756 9771
756 10907
756 11160
757 6379
757 7311
757 7774
757 8577
757 9993
757 10889
757 11619
758 6359
758 6847
758 8130
758 8643
758 9656
758 10723
758 11086
759 6467
759 7087
759 7883
759 9188
759 9283
759 10813
759 10951
760 6065
760 6997
760 7908
760 8595
760 9918
760 10550
760 11533
761 6055
761 7382
761 7726
761 8528
761 9387
761 10658
761 11443
762 6520
762 7546
762 7775
762 8555
762 9899
762 10736
762 11406
763 6372
763 6998
763 8187
763 9094
763 9729
763 10381
763 11392
764 5976
764 7047
764 7930
764 8794
764 10042
764 10834
764 11709
765 6269
765 7073
765 7835
765 8933
765 9689
765 10207
765 11623
766 6707
766 6860
766 7779
766 8823
766 10009
766 10587
766 10957
767 6270
767 6979
767 7845
767 8902
767 9977
767 10681
767 11424
768 5968
768 7381
768 8010
768 8590
768 9944
768 10630
768 11601
769 6096
769 7257
769 7885
769 8982
769 9435
769 10255
769 11742
770 6137
770 6854
770 7995
770 8431
770 9893
770 10257
770 10942
771 6127
771 6772
771 8241
771 8619
771 9448
771 10560
771 11174
772 6623
772 7235
772 8219
772 8596
772 9323
772 10849
772 11575
773 6184
773 6810
773 8168
773 8976
773 9436
773 10872
773 11375
774 6403
774 7278
774 7776
774 8594
774 9611
774 10902
774 11059
775 6299
775 7511
775 7786
775 8963
775 9626
775 10808
775 11039
776 6331
776 7108
776 8013
776 8417
776 9782
776 10522
776 11364
777 6421
777 6927
777 8302
777 8895
777 9472
777 10871
777 10977
778 6398
778 7434
778 7589
778 9001
778 9506
778 10443
778 10963
779 6341
779 6803
779 8367
779 8785
779 9335
779 10917
779 11203
780 6450
780 7275
780 8067
780 9034
780 9797
780 10132
780 11590
781 5915
781 7297
781 8018
781 8808
781 9543
781 10414
781 11473
782 6168
782 7167
782 8190
782 9091
782 9346
782 10747
782 11370
783 6091
783 6962
783 8237
783 8437
783 9605
783 10616
783 11048
784 6240
784 6721
784 7806
784 8952
784 9881
784 10178
784 11090
785 6077
785 6731
785 7633
785 8967
785 9590
785 10086
785 11669
786 6672
786 7066
786 7956
786 9092
786 9979
786 10317
786 11599
787 6071
787 7107
787 7831
787 8710
787 9243
787 10234
787 11010
788 6562
788 6791
788 7819
788 8650
788 9839
788 10782
788 11314
789 6259
789 7362
789 7834
789 9050
789 10069
789 10796
789 11700
790 6336
790 7042
790 7942
790 8489
790 9825
790 10590
790 11091
791 6435
791 6963
791 7809
791 8631
791 9768
791 10696
791 11428
792 6507
792 7330
792 8322
792 8857
792 9706
792 10831
792 11693
793 5985
793 7405
793 7841
793 8949
793 9349
793 10475
793 11694
794 6619
794 6907
794 8099
794 9194
794 9603
794 10869
794 11513
795 6408
795 7300
795 7842
795 8954
795 9639
795 10341
795 11573
796 6325
796 7089
796 8114
796 8835
796 9526
796 10683
796 11539
797 6153
797 7283
797 7651
797 8777
797 9352
797 10330
797 11377
798 6172
798 6853
798 7701
798 8796
798 10043
798 10405
798 11066
799 5892
799 6930
799 7854
799 9172
799 9296
799 10321
799 11466
800 6700
800 6989
800 7681
800 8511
800 9930
800 10622
800 10922
801 6326
801 7433
801 8325
801 9015
801 9280
801 10605
801 11339
802 5980
802 6929
802 8189
802 8553
802 9301
802 10543
802 11297
803 6689
803 7302
803 8172
803 9010
803 9812
803 10803
803 11031
804 6004
804 6843
804 8084
804 8499
804 9441
804 10169
804 11608
805 6083
805 6995
805 8161
805 8606
805 10000
805 10359
805 11480
806 6339
806 7486
806 7591
806 8637
806 9292
806 10568
806 11198
807 6555
807 7033
807 7950
807 9217
807 10049
807 10215
807 11294
808 6154
808 6792
808 8051
808 9095
808 9308
808 10345
808 11011
809 6375
809 7346
809 7739
809 8621
809 9884
809 10311
809 11283
810 6060
810 7487
810 8360
810 8428
810 9317
810 10108
810 11462
811 6679
811 7280
811 7812
811 9096
811 9617
811 10856
811 11012
812 5971
812 7184
812 7736
812 8723
812 9437
812 10791
812 11000
813 6236
813 7109
813 7581
813 8862
813 9383
813 10595
813 11528
814 6572
814 6804
814 7761
814 9108
814 9897
814 10884
814 11650
815 6348
815 7326
815 8214
815 9181
815 9379
815 10437
815 10981
816 6085
816 6906
816 7857
816 9014
816 9431
816 10468
816 11384
817 6192
817 7200
817 8188
817 9087
817 9669
817 10091
817 11546
818 6224
818 6857
818 8333
818 9155
818 9941
818 10571
818 11463
819 6226
819 7187
819 7984
819 8705
819 9814
819 10263
819 10934
820 6522
820 7060
820 8063
820 9068
820 10058
820 10652
820 11685
821 6113
821 7039
821 8181
821 8759
821 9678
821 10204
821 11242
822 6535
822 7510
822 7872
822 8729
822 10065
822 10536
822 11114
823 6578
823 6821
823 8382
823 8514
823 9288
823 10555
823 10988
824 6627
824 7252
824 8324
824 8515
824 9876
824 10887
824 11695
825 6523
825 7150
825 7627
825 8482
825 9643
825 10728
825 11043
826 6436
826 7218
826 8202
826 8712
826 10063
826 10675
826 10991
827 6715
827 6762
827 7653
827 8519
827 9299
827 10737
827 11029
828 6234
828 6729
828 8373
828 9103
828 9719
828 10133
828 10930
829 6371
829 7231
829 8312
829 8996
829 9901
829 10711
829 10987
830 6171
830 7379
830 8374
830 8792
830 10035
830 10840
830 11221
831 6410
831 7293
831 8231
831 8877
831 9528
831 10820
831 11193
832 6428
832 7359
832 7981
832 8864
832 9763
832 10646
832 11558
833 6609
833 7352
833 7827
833 8686
833 9373
833 10161
833 11272
834 6255
834 7206
834 8304
834 8557
834 10010
834 10293
834 11369
835 6319
835 7075
835 8265
835 9021
835 9991
835 10085
835 11696
836 6392
836 7029
836 7772
836 8827
836 9808
836 10783
836 11062
837 6387
837 7393
837 7728
837 8990
837 9766
837 10576
837 11593
838 6429
838 6964
838 7577
838 9143
838 9497
838 10198
838 10921
839 5914
839 7196
839 8156
839 8541
839 9445
839 10661
839 11454
840 6121
840 7083
840 7852
840 9067
840 9295
840 10365
840 11171
