0 2 
413 885 
15 7 
1 140
1 491
1 1072
1 1625
1 1873
1 2097
1 2702
1 3247
1 3601
1 4049
1 4430
1 4633
1 5095
1 5591
1 6043
2 297
2 813
2 1224
2 1349
2 1980
2 2241
2 2716
2 3141
2 3470
2 3906
2 4534
2 4773
2 5290
2 5689
2 6068
3 197
3 638
3 1023
3 1377
3 1933
3 2225
3 2642
3 3091
3 3642
3 3957
3 4266
3 4645
3 5265
3 5525
3 6071
4 195
4 415
4 1210
4 1494
4 1865
4 2399
4 2652
4 3056
4 3467
4 4035
4 4201
4 4785
4 5122
4 5439
4 5979
5 46
5 517
5 1004
5 1604
5 2040
5 2165
5 2795
5 3060
5 3371
5 4103
5 4466
5 4878
5 5311
5 5495
5 5802
6 133
6 651
6 1178
6 1344
6 1957
6 2183
6 2550
6 2912
6 3579
6 3881
6 4193
6 4723
6 5181
6 5743
6 6066
7 122
7 736
7 1058
7 1613
7 1867
7 2140
7 2787
7 3134
7 3442
7 4112
7 4421
7 4932
7 5234
7 5454
7 5974
8 210
8 622
8 1019
8 1257
8 1765
8 2431
8 2852
8 3169
8 3471
8 3840
8 4440
8 4558
8 5231
8 5641
8 5969
9 218
9 481
9 878
9 1637
9 1846
9 2185
9 2600
9 2997
9 3493
9 4009
9 4485
9 4597
9 5361
9 5675
9 6162
10 242
10 579
10 1175
10 1348
10 1811
10 2462
10 2606
10 3083
10 3536
10 3974
10 4292
10 4610
10 5182
10 5376
10 5917
11 406
11 582
11 1165
11 1379
11 1838
11 2307
11 2848
11 3080
11 3671
11 3726
11 4275
11 4953
11 5192
11 5441
11 6001
12 136
12 553
12 849
12 1632
12 1794
12 2127
12 2498
12 3262
12 3333
12 3769
12 4405
12 4568
12 4984
12 5528
12 6117
13 53
13 431
13 1151
13 1617
13 1737
13 2213
13 2886
13 2899
13 3554
13 3805
13 4339
13 4563
13 5060
13 5665
13 5922
14 67
14 811
14 1137
14 1394
14 2057
14 2311
14 2712
14 3277
14 3331
14 4117
14 4238
14 4649
14 5063
14 5520
14 6173
15 327
15 443
15 856
15 1272
15 1985
15 2298
15 2506
15 3282
15 3448
15 3850
15 4359
15 4705
15 5188
15 5548
15 5816
16 352
16 747
16 1164
16 1312
16 1769
16 2067
16 2719
16 2895
16 3551
16 3841
16 4330
16 4559
16 5333
16 5419
16 6166
17 24
17 727
17 934
17 1249
17 1810
17 2228
17 2834
17 3240
17 3468
17 3928
17 4231
17 4905
17 5313
17 5763
17 5916
18 404
18 446
18 956
18 1449
18 1797
18 2368
18 2560
18 2983
18 3697
18 4089
18 4457
18 4865
18 5091
18 5551
18 6175
19 243
19 667
19 1073
19 1284
19 1969
19 2312
19 2844
19 2995
19 3599
19 4004
19 4147
19 4937
19 5150
19 5530
19 5865
20 309
20 419
20 1087
20 1619
20 1787
20 2249
20 2629
20 3165
20 3639
20 3991
20 4221
20 4787
20 5197
20 5770
20 5943
21 17
21 507
21 937
21 1550
21 2002
21 2261
21 2812
21 2898
21 3317
21 3994
21 4348
21 4868
21 5207
21 5462
21 6073
22 273
22 740
22 1046
22 1332
22 1919
22 2094
22 2682
22 3098
22 3368
22 4054
22 4400
22 4601
22 5250
22 5398
22 5957
23 92
23 539
23 1045
23 1631
23 1705
23 2138
23 2807
23 3048
23 3460
23 3777
23 4532
23 4661
23 5069
23 5428
23 6147
24 364
24 416
24 1171
24 1421
24 1842
24 2433
24 2513
24 3050
24 3335
24 3843
24 4176
24 4631
24 5163
24 5511
24 5879
25 75
25 563
25 987
25 1522
25 1974
25 2293
25 2785
25 3283
25 3614
25 3998
25 4183
25 4815
25 5343
25 5445
25 6188
26 128
26 754
26 877
26 1350
26 1706
26 2381
26 2669
26 3295
26 3373
26 3858
26 4525
26 4881
26 5172
26 5412
26 6103
27 240
27 808
27 1122
27 1414
27 1736
27 2221
27 2690
27 3196
27 3445
27 3785
27 4181
27 4823
27 5258
27 5628
27 5983
28 344
28 691
28 1102
28 1524
28 1669
28 2192
28 2823
28 3053
28 3355
28 3794
28 4380
28 4646
28 5276
28 5433
28 5930
29 232
29 490
29 1149
29 1310
29 1954
29 2151
29 2638
29 2982
29 3538
29 3883
29 4188
29 4693
29 5219
29 5650
29 6140
30 74
30 612
30 838
30 1419
30 1755
30 2418
30 2864
30 2917
30 3555
30 3925
30 4429
30 4943
30 5126
30 5578
30 6171
31 231
31 725
31 1202
31 1450
31 1814
31 2234
31 2771
31 3276
31 3526
31 3932
31 4227
31 4628
31 5349
31 5664
31 6114
32 7
32 603
32 1183
32 1387
32 1876
32 2073
32 2860
32 3286
32 3627
32 3727
32 4286
32 4709
32 5227
32 5590
32 5911
33 73
33 686
33 1071
33 1307
33 2062
33 2082
33 2740
33 3210
33 3600
33 3806
33 4403
33 4671
33 5232
33 5444
33 6006
34 370
34 624
34 1098
34 1504
34 1984
34 2120
34 2840
34 3131
34 3646
34 3857
34 4501
34 4908
34 5005
34 5636
34 6061
35 83
35 670
35 1056
35 1577
35 1991
35 2408
35 2522
35 3081
35 3380
35 3937
35 4506
35 4701
35 5077
35 5492
35 5987
36 350
36 684
36 916
36 1540
36 1813
36 2359
36 2808
36 2953
36 3439
36 3755
36 4342
36 4592
36 5198
36 5658
36 6067
37 1
37 494
37 1061
37 1508
37 1738
37 2277
37 2674
37 2938
37 3430
37 4097
37 4319
37 4790
37 5059
37 5533
37 6042
38 258
38 439
38 1139
38 1413
38 1833
38 2403
38 2509
38 3092
38 3516
38 4032
38 4487
38 4553
38 5277
38 5380
38 5872
39 112
39 690
39 1238
39 1389
39 1951
39 2167
39 2664
39 3032
39 3474
39 3870
39 4235
39 4551
39 5051
39 5404
39 6127
40 281
40 549
40 1007
40 1567
40 1971
40 2195
40 2527
40 3274
40 3326
40 3986
40 4214
40 4557
40 5210
40 5392
40 5860
41 290
41 543
41 965
41 1652
41 1692
41 2235
41 2790
41 3104
41 3569
41 3752
41 4239
41 4902
41 5322
41 5668
41 5870
42 178
42 675
42 1118
42 1331
42 1758
42 2152
42 2521
42 3258
42 3500
42 3900
42 4200
42 4690
42 5093
42 5726
42 5831
43 124
43 797
43 1082
43 1607
43 1912
43 2417
43 2533
43 3096
43 3716
43 3786
43 4402
43 4636
43 5327
43 5538
43 6030
44 182
44 485
44 1109
44 1260
44 1673
44 2380
44 2838
44 2920
44 3330
44 3890
44 4410
44 4586
44 5226
44 5699
44 5858
45 319
45 633
45 902
45 1570
45 1998
45 2355
45 2881
45 2985
45 3314
45 3996
45 4219
45 4700
45 5199
45 5728
45 5784
46 168
46 497
46 869
46 1355
46 2007
46 2244
46 2789
46 2988
46 3685
46 3780
46 4357
46 4786
46 5223
46 5409
46 6152
47 251
47 681
47 1105
47 1388
47 2024
47 2324
47 2632
47 3242
47 3688
47 3875
47 4272
47 4864
47 5087
47 5643
47 5844
48 293
48 751
48 1144
48 1271
48 1886
48 2239
48 2564
48 3021
48 3342
48 3828
48 4504
48 4880
48 5191
48 5564
48 6184
49 38
49 583
49 1203
49 1532
49 1944
49 2426
49 2616
49 3245
49 3481
49 4037
49 4366
49 4846
49 5179
49 5553
49 6105
50 147
50 580
50 857
50 1311
50 1815
50 2201
50 2579
50 3125
50 3438
50 4118
50 4471
50 4936
50 5285
50 5601
50 5955
51 82
51 733
51 913
51 1267
51 1748
51 2316
51 2693
51 3293
51 3464
51 4105
51 4520
51 4641
51 5173
51 5573
51 6108
52 390
52 783
52 1037
52 1502
52 1834
52 2360
52 2734
52 3292
52 3626
52 4027
52 4492
52 4854
52 4989
52 5740
52 5919
53 175
53 482
53 836
53 1339
53 2048
53 2341
53 2481
53 3142
53 3423
53 3978
53 4401
53 4812
53 5332
53 5514
53 5839
54 392
54 743
54 1201
54 1278
54 1783
54 2276
54 2731
54 3037
54 3506
54 3898
54 4295
54 4560
54 5205
54 5422
54 5948
55 63
55 799
55 1005
55 1276
55 2064
55 2096
55 2495
55 3015
55 3399
55 3926
55 4304
55 4629
55 4994
55 5587
55 6150
56 334
56 477
56 1043
56 1498
56 1892
56 2309
56 2524
56 2905
56 3667
56 3782
56 4149
56 4767
56 5037
56 5716
56 5946
57 359
57 720
57 867
57 1315
57 1658
57 2295
57 2739
57 3168
57 3385
57 3763
57 4233
57 4692
57 5161
57 5774
57 5836
58 141
58 763
58 1015
58 1467
58 1997
58 2414
58 2791
58 2974
58 3446
58 4047
58 4170
58 4778
58 5228
58 5703
58 6008
59 263
59 818
59 868
59 1599
59 1667
59 2112
59 2773
59 3249
59 3656
59 3846
59 4167
59 4954
59 5128
59 5660
59 5808
60 37
60 640
60 918
60 1292
60 1803
60 2161
60 2639
60 3215
60 3613
60 4073
60 4329
60 4956
60 5202
60 5706
60 6138
61 318
61 575
61 1107
61 1393
61 1937
61 2190
61 2695
61 3071
61 3578
61 4021
61 4374
61 4771
61 5094
61 5645
61 6040
62 18
62 512
62 1143
62 1392
62 1916
62 2154
62 2841
62 2993
62 3694
62 3882
62 4540
62 4808
62 5099
62 5424
62 5995
63 177
63 455
63 1177
63 1592
63 1771
63 2223
63 2635
63 3208
63 3363
63 3970
63 4427
63 4593
63 5052
63 5399
63 5897
64 131
64 620
64 833
64 1509
64 1887
64 2193
64 2670
64 3252
64 3713
64 3814
64 4479
64 4691
64 5307
64 5467
64 5977
65 354
65 515
65 1084
65 1511
65 1936
65 2406
65 2552
65 3176
65 3692
65 3894
65 4318
65 4668
65 5029
65 5464
65 6023
66 98
66 653
66 1233
66 1250
66 1793
66 2371
66 2727
66 3072
66 3386
66 4043
66 4417
66 4926
66 5106
66 5532
66 5861
67 150
67 607
67 975
67 1275
67 1654
67 2302
67 2889
67 3024
67 3589
67 3819
67 4327
67 4724
67 5135
67 5401
67 5896
68 245
68 436
68 835
68 1416
68 2054
68 2388
68 2788
68 3030
68 3711
68 3862
68 4325
68 4910
68 5107
68 5475
68 6004
69 192
69 792
69 1048
69 1525
69 1677
69 2349
69 2631
69 2934
69 3687
69 3987
69 4328
69 4829
69 4957
69 5686
69 5874
70 375
70 425
70 866
70 1616
70 1836
70 2123
70 2511
70 2991
70 3649
70 3945
70 4434
70 4741
70 5257
70 5674
70 6115
71 21
71 561
71 1215
71 1345
71 2042
71 2162
71 2869
71 2940
71 3406
71 4057
71 4386
71 4566
71 5008
71 5568
71 5884
72 194
72 449
72 845
72 1360
72 1929
72 2410
72 2485
72 3195
72 3595
72 3962
72 4242
72 4862
72 5320
72 5550
72 5843
73 31
73 755
73 1227
73 1381
73 1818
73 2478
73 2523
73 3041
73 3586
73 4005
73 4310
73 4575
73 5316
73 5477
73 6163
74 241
74 660
74 911
74 1373
74 1962
74 2237
74 2541
74 3007
74 3645
74 3920
74 4476
74 4733
74 4996
74 5415
74 5821
75 396
75 731
75 1198
75 1411
75 1915
75 2150
75 2618
75 2923
75 3701
75 3818
75 4480
75 4544
75 4966
75 5390
75 6158
76 376
76 452
76 1126
76 1602
76 1702
76 2218
76 2843
76 2969
76 3315
76 3816
76 4306
76 4909
76 4973
76 5471
76 6145
77 227
77 554
77 1140
77 1516
77 1779
77 2252
77 2717
77 3075
77 3487
77 4072
77 4203
77 4739
77 5123
77 5754
77 6058
78 55
78 511
78 1168
78 1266
78 1861
78 2411
78 2867
78 3279
78 3391
78 4010
78 4418
78 4728
78 5007
78 5701
78 6048
79 307
79 718
79 1190
79 1554
79 1843
79 2260
79 2829
79 3049
79 3584
79 4045
79 4291
79 4781
79 5237
79 5465
79 6060
80 25
80 663
80 1038
80 1491
80 2058
80 2448
80 2871
80 3265
80 3657
80 4121
80 4174
80 4552
80 4986
80 5456
80 6046
81 189
81 758
81 1154
81 1417
81 1857
81 2229
81 2594
81 3298
81 3388
81 3852
81 4134
81 4717
81 5004
81 5510
81 5895
82 80
82 588
82 846
82 1465
82 2010
82 2089
82 2622
82 2980
82 3395
82 3940
82 4461
82 4830
82 5045
82 5499
82 5963
83 132
83 499
83 945
83 1321
83 1735
83 2084
83 2691
83 2975
83 3607
83 4076
83 4445
83 4838
83 5203
83 5746
83 5954
84 153
84 714
84 886
84 1268
84 1890
84 2176
84 2850
84 2959
84 3597
84 3896
84 4498
84 4929
84 5149
84 5750
84 6190
85 308
85 564
85 997
85 1434
85 1925
85 2189
85 2825
85 3085
85 3410
85 3842
85 4511
85 4911
85 5211
85 5681
85 6020
86 341
86 462
86 971
86 1598
86 1729
86 2390
86 2846
86 3034
86 3562
86 3817
86 4157
86 4770
86 5009
86 5730
86 6050
87 383
87 752
87 1209
87 1367
87 1921
87 2199
87 2887
87 3129
87 3306
87 3787
87 4187
87 4799
87 5001
87 5662
87 5937
88 56
88 666
88 1097
88 1542
88 1906
88 2178
88 2744
88 3135
88 3354
88 3738
88 4431
88 4873
88 5112
88 5443
88 5851
89 306
89 551
89 957
89 1359
89 1655
89 2172
89 2851
89 3054
89 3623
89 4116
89 4488
89 4835
89 5246
89 5713
89 6144
90 93
90 526
90 1217
90 1288
90 1934
90 2470
90 2516
90 3036
90 3407
90 3965
90 4419
90 4915
90 5266
90 5734
90 6104
91 284
91 500
91 904
91 1365
91 1932
91 2208
91 2805
91 2909
91 3705
91 3879
91 4175
91 4666
91 5038
91 5768
91 6096
92 111
92 739
92 1068
92 1406
92 1687
92 2119
92 2760
92 3189
92 3523
92 4081
92 4416
92 4683
92 5000
92 5489
92 5898
93 363
93 698
93 1134
93 1462
93 1661
93 2459
93 2766
93 3188
93 3459
93 4098
93 4228
93 4678
93 5308
93 5711
93 6156
94 116
94 632
94 906
94 1594
94 1802
94 2110
94 2634
94 2971
94 3420
94 3953
94 4388
94 4751
94 5342
94 5582
94 6172
95 381
95 817
95 1003
95 1251
95 1788
95 2179
95 2565
95 2957
95 3585
95 3735
95 4164
95 4892
95 5019
95 5468
95 6047
96 163
96 461
96 880
96 1256
96 1789
96 2377
96 2650
96 2960
96 3581
96 3867
96 4411
96 4919
96 4975
96 5432
96 5790
97 410
97 815
97 1032
97 1281
97 1688
97 2114
97 2540
97 3181
97 3527
97 3767
97 4314
97 4833
97 5310
97 5721
97 6019
98 289
98 771
98 898
98 1362
98 1940
98 2108
98 2530
98 3230
98 3696
98 4096
98 4241
98 4650
98 5326
98 5579
98 5975
99 298
99 434
99 985
99 1404
99 1992
99 2079
99 2706
99 3280
99 3650
99 3877
99 4265
99 4931
99 5048
99 5772
99 6111
100 198
100 712
100 1025
100 1324
100 1805
100 2072
100 2633
100 2937
100 3334
100 4064
100 4536
100 4832
100 5368
100 5717
100 6107
101 212
101 600
101 1009
101 1432
101 1749
101 2477
101 2577
101 3163
101 3580
101 4030
101 4364
101 4821
101 5348
101 5696
101 6149
102 379
102 678
102 979
102 1352
102 1792
102 2088
102 2659
102 3099
102 3414
102 4082
102 4249
102 4550
102 4993
102 5534
102 5795
103 211
103 673
103 1222
103 1497
103 1973
103 2284
103 2575
103 2932
103 3431
103 3812
103 4372
103 4794
103 5206
103 5561
103 6064
104 325
104 447
104 884
104 1454
104 1907
104 2453
104 2553
104 2900
104 3572
104 4011
104 4378
104 4939
104 4982
104 5745
104 5959
105 51
105 618
105 1075
105 1428
105 1830
105 2080
105 2488
105 3145
105 3356
105 3823
105 4441
105 4848
105 5289
105 5714
105 6076
106 50
106 809
106 921
106 1562
106 2001
106 2115
106 2728
106 2944
106 3524
106 3739
106 4408
106 4760
106 5027
106 5619
106 6192
107 380
107 448
107 859
107 1487
107 1994
107 2397
107 2701
107 3157
107 3389
107 3989
107 4474
107 4793
107 5108
107 5442
107 6051
108 323
108 440
108 1184
108 1642
108 1766
108 2339
108 2781
108 3185
108 3610
108 3963
108 4326
108 4689
108 5301
108 5684
108 6130
109 155
109 541
109 1062
109 1262
109 2065
109 2202
109 2531
109 3209
109 3323
109 3884
109 4469
109 4952
109 5273
109 5449
109 5892
110 389
110 717
110 1052
110 1399
110 1844
110 2077
110 2601
110 3136
110 3632
110 3833
110 4305
110 4895
110 5130
110 5755
110 5908
111 62
111 538
111 1088
111 1423
111 1660
111 2222
111 2868
111 3304
111 3477
111 3935
111 4381
111 4604
111 5282
111 5749
111 5956
112 272
112 509
112 1083
112 1555
112 1678
112 2126
112 2865
112 3213
112 3483
112 3959
112 4343
112 4925
112 5189
112 5762
112 5976
113 65
113 586
113 1173
113 1320
113 1878
113 2257
113 2592
113 2927
113 3652
113 3778
113 4182
113 4849
113 5134
113 5635
113 5950
114 347
114 665
114 1223
114 1482
114 1943
114 2333
114 2681
114 3001
114 3339
114 4036
114 4250
114 4840
114 4991
114 5606
114 5993
115 221
115 602
115 1148
115 1273
115 2053
115 2422
115 2746
115 3212
115 3512
115 4126
115 4252
115 4847
115 5064
115 5427
115 5845
116 96
116 544
116 988
116 1563
116 1675
116 2262
116 2537
116 3198
116 3480
116 4051
116 4269
116 4903
116 5230
116 5782
116 6110
117 57
117 703
117 1192
117 1386
117 1898
117 2389
117 2737
117 2949
117 3344
117 3723
117 4425
117 4852
117 5341
117 5497
117 6078
118 267
118 469
118 1063
118 1369
118 1964
118 2279
118 2602
118 3162
118 3358
118 4014
118 4144
118 4627
118 5117
118 5761
118 5962
119 104
119 576
119 1060
119 1354
119 1700
119 2393
119 2672
119 3156
119 3712
119 4041
119 4446
119 4545
119 5305
119 5742
119 5791
120 107
120 726
120 1099
120 1534
120 1902
120 2137
120 2528
120 3029
120 3378
120 3749
120 4385
120 4934
120 5085
120 5549
120 6126
121 125
121 578
121 1176
121 1518
121 1939
121 2240
121 2518
121 3257
121 3521
121 3922
121 4428
121 4784
121 5033
121 5607
121 6159
122 378
122 417
122 1034
122 1490
122 2027
122 2407
122 2658
122 3177
122 3316
122 3975
122 4360
122 4648
122 4962
122 5400
122 5800
123 110
123 753
123 1147
123 1452
123 1804
123 2400
123 2597
123 3014
123 3312
123 3901
123 4207
123 4906
123 5047
123 5697
123 5921
124 106
124 820
124 872
124 1451
124 1663
124 2105
124 2544
124 2976
124 3690
124 4048
124 4509
124 4698
124 5146
124 5455
124 5938
125 401
125 744
125 977
125 1549
125 1880
125 2283
125 2884
125 3006
125 3421
125 3821
125 4345
125 4616
125 5185
125 5386
125 6157
126 357
126 570
126 940
126 1317
126 1904
126 2171
126 2699
126 3155
126 3552
126 3753
126 4223
126 4811
126 5088
126 5545
126 6109
127 305
127 630
127 910
127 1503
127 1920
127 2427
127 2824
127 3284
127 3337
127 3824
127 4264
127 4777
127 5071
127 5572
127 5878
128 320
128 780
128 1055
128 1343
128 1740
128 2232
128 2742
128 3228
128 3495
128 3719
128 4236
128 4637
128 5103
128 5566
128 5981
129 339
129 769
129 1226
129 1395
129 1717
129 2121
129 2821
129 3076
129 3618
129 4002
129 4280
129 4820
129 5066
129 5402
129 6063
130 300
130 495
130 1066
130 1552
130 1953
130 2258
130 2515
130 2954
130 3504
130 3844
130 4484
130 4685
130 5170
130 5423
130 5920
131 213
131 473
131 998
131 1538
131 1671
131 2464
131 2542
131 3259
131 3560
131 3880
131 4384
131 4562
131 5254
131 5651
131 6077
132 310
132 492
132 858
132 1479
132 1707
132 2357
132 2845
132 2910
132 3565
132 4120
132 4184
132 4789
132 5041
132 5559
132 6189
133 253
133 800
133 1050
133 1274
133 2061
133 2098
133 2534
133 3107
133 3654
133 3889
133 4263
133 4900
133 5155
133 5501
133 5838
134 94
134 567
134 842
134 1329
134 1908
134 2264
134 2580
134 3178
134 3494
134 3934
134 4186
134 4834
134 5354
134 5739
134 5835
135 91
135 793
135 980
135 1363
135 1975
135 2432
135 2587
135 3119
135 3476
135 3770
135 4432
135 4877
135 5010
135 5724
135 5913
136 247
136 707
136 1156
136 1646
136 1659
136 2443
136 2765
136 2987
136 3413
136 3731
136 4444
136 4875
136 5269
136 5391
136 6194
137 58
137 472
137 1044
137 1520
137 1775
137 2303
137 2685
137 2929
137 3447
137 4042
137 4346
137 4664
137 5020
137 5690
137 6178
138 217
138 587
138 1041
138 1634
138 1684
138 2329
138 2733
138 3272
138 3507
138 3891
138 4349
138 4775
138 5367
138 5753
138 5924
139 28
139 782
139 828
139 1597
139 1711
139 2148
139 2705
139 3180
139 3351
139 3845
139 4289
139 4774
139 5061
139 5670
139 6038
140 162
140 574
140 873
140 1475
140 1752
140 2289
140 2741
140 3011
140 3670
140 4015
140 4168
140 4623
140 5255
140 5461
140 5847
141 102
141 706
141 862
141 1323
141 2026
141 2356
141 2608
141 3020
141 3320
141 3837
141 4541
141 4842
141 4958
141 5718
141 5825
142 20
142 444
142 839
142 1541
142 1909
142 2435
142 2876
142 3227
142 3683
142 4107
142 4322
142 4621
142 5208
142 5526
142 6153
143 205
143 764
143 1085
143 1492
143 1774
143 2286
143 2762
143 3221
143 3617
143 3923
143 4379
143 4744
143 5056
143 5384
143 5812
144 292
144 775
144 938
144 1565
144 2003
144 2451
144 2743
144 2950
144 3695
144 3799
144 4189
144 4819
144 5018
144 5715
144 5788
145 95
145 826
145 1021
145 1459
145 1757
145 2391
145 2582
145 3264
145 3611
145 3915
145 4499
145 4856
145 4992
145 5642
145 6082
146 399
146 636
146 1036
146 1319
146 1850
146 2180
146 2551
146 2966
146 3424
146 3801
146 4160
146 4684
146 5016
146 5580
146 5914
147 52
147 510
147 1159
147 1242
147 1956
147 2275
147 2673
147 3009
147 3576
147 3927
147 4472
147 4843
147 5174
147 5413
147 5798
148 358
148 749
148 1080
148 1442
148 1751
148 2238
148 2883
148 2955
148 3641
148 3722
148 4163
148 4686
148 5347
148 5508
148 6182
149 120
149 767
149 1104
149 1407
149 1827
149 2153
149 2694
149 3033
149 3360
149 4031
149 4443
149 4899
149 5331
149 5694
149 5889
150 366
150 513
150 887
150 1335
150 1685
150 2081
150 2798
150 3143
150 3343
150 4087
150 4151
150 4896
150 5049
150 5709
150 5989
151 29
151 810
151 948
151 1571
151 1981
151 2198
151 2853
151 3073
151 3319
151 3916
151 4152
151 4893
151 5026
151 5751
151 5990
152 230
152 723
152 964
152 1621
152 1938
152 2197
152 2574
152 2945
152 3633
152 4034
152 4195
152 4879
152 5115
152 5446
152 6136
153 118
153 776
153 1017
153 1523
153 1972
153 2424
153 2494
153 3160
153 3703
153 3830
153 4299
153 4727
153 5142
153 5692
153 5826
154 176
154 642
154 831
154 1261
154 1970
154 2206
154 2819
154 3206
154 3372
154 3797
154 4276
154 4836
154 5152
154 5776
154 5876
155 348
155 702
155 933
155 1245
155 1868
155 2314
155 2687
155 2925
155 3549
155 3730
155 4350
155 4860
155 5262
155 5372
155 5819
156 412
156 619
156 1070
156 1390
156 1942
156 2282
156 2668
156 3082
156 3428
156 3871
156 4194
156 4549
156 5216
156 5494
156 5823
157 27
157 716
157 1179
157 1283
157 1730
157 2256
157 2782
157 3045
157 3454
157 4046
157 4255
157 4589
157 4963
157 5558
157 5994
158 187
158 528
158 832
158 1314
158 1955
158 2370
158 2480
158 3241
158 3602
158 3893
158 4257
158 4891
158 5328
158 5594
158 6176
159 42
159 614
159 939
159 1287
159 2036
159 2144
159 2535
159 3231
159 3489
159 4070
159 4131
159 4927
159 5291
159 5657
159 5997
160 89
160 662
160 925
160 1460
160 1911
160 2296
160 2772
160 3126
160 3564
160 3822
160 4393
160 4897
160 5015
160 5639
160 5799
161 326
161 550
161 1212
161 1650
161 2050
161 2267
161 2704
161 3010
161 3390
161 3729
161 4202
161 4742
161 5259
161 5738
161 5822
162 264
162 801
162 852
162 1548
162 1926
162 2093
162 2873
162 3226
162 3550
162 3740
162 4424
162 4859
162 5224
162 5565
162 6135
163 270
163 637
163 1047
163 1572
163 1893
163 2452
163 2665
163 3028
163 3411
163 3791
163 4404
163 4682
163 5072
163 5410
163 5871
164 134
164 715
164 947
164 1644
164 2000
164 2278
164 2770
164 2922
164 3361
164 4093
164 4490
164 4656
164 5022
164 5615
164 5961
165 372
165 464
165 919
165 1441
165 1967
165 2160
165 2647
165 3179
165 3462
165 4056
165 4162
165 4791
165 5101
165 5574
165 5936
166 101
166 778
166 1095
166 1574
166 2055
166 2318
166 2738
166 3271
166 3426
166 4123
166 4518
166 4644
166 5280
166 5773
166 5792
167 322
167 779
167 854
167 1405
167 1875
167 2281
167 2621
167 3003
167 3369
167 3936
167 4377
167 4618
167 5042
167 5616
167 5933
168 355
168 812
168 897
168 1397
168 1696
168 2142
168 2499
168 3302
168 3561
168 3939
168 4448
168 4638
168 5068
168 5440
168 6160
169 145
169 565
169 992
169 1514
169 1761
169 2405
169 2492
169 3199
169 3587
169 4038
169 4302
169 4707
169 5190
169 5563
169 6193
170 186
170 657
170 871
170 1445
170 1714
170 2168
170 2617
170 3289
170 3441
170 4063
170 4537
170 4647
170 5239
170 5654
170 6143
171 22
171 601
171 1239
171 1277
171 1897
171 2306
171 2675
171 3067
171 3559
171 3993
171 4382
171 4704
171 5270
171 5775
171 5931
172 157
172 573
172 1174
172 1560
172 1762
172 2173
172 2697
172 3263
172 3376
172 3913
172 4524
172 4810
172 5113
172 5678
172 6186
173 173
173 546
173 1187
173 1447
173 1812
173 2111
173 2641
173 3137
173 3544
173 3973
173 4290
173 4625
173 5110
173 5780
173 5907
174 152
174 589
174 901
174 1556
174 1791
174 2175
174 2619
174 3016
174 3594
174 4040
174 4337
174 4577
174 5249
174 5720
174 6024
175 234
175 605
175 1030
175 1443
175 1681
175 2259
175 2879
175 2901
175 3659
175 4122
175 4179
175 4567
175 5160
175 5512
175 5985
176 85
176 676
176 1112
176 1282
176 1734
176 2271
176 2684
176 3152
176 3700
176 4060
176 4312
176 4719
176 5164
176 5741
176 5891
177 61
177 685
177 917
177 1396
177 1863
177 2106
177 2663
177 2902
177 3387
177 3836
177 4225
177 4749
177 5264
177 5388
177 5824
178 314
178 654
178 883
178 1589
178 1778
178 2445
178 2756
178 2990
178 3669
178 4062
178 4422
178 4564
178 5252
178 5778
178 6169
179 138
179 697
179 1089
179 1286
179 1780
179 2472
179 2624
179 3273
179 3496
179 3952
179 4365
179 4639
179 5058
179 5644
179 5787
180 99
180 459
180 1213
180 1289
180 1819
180 2103
180 2759
180 3097
180 3449
180 3981
180 4237
180 4745
180 5324
180 5542
180 6018
181 127
181 699
181 1076
181 1243
181 1796
181 2351
181 2828
181 3087
181 3558
181 3728
181 4153
181 4923
181 4979
181 5747
181 6031
182 279
182 705
182 942
182 1546
182 2039
182 2401
182 2502
182 3110
182 3475
182 3820
182 4156
182 4576
182 5044
182 5513
182 5901
183 361
183 558
183 1110
183 1297
183 1832
183 2247
183 2655
183 3294
183 3412
183 3933
183 4258
183 4951
183 5346
183 5476
183 6154
184 71
184 805
184 1163
184 1351
184 1668
184 2091
184 2813
184 3296
184 3672
184 4077
184 4334
184 4814
184 5141
184 5603
184 5869
185 303
185 745
185 1225
185 1378
185 1712
185 2317
185 2783
185 2928
185 3349
185 3834
185 4414
185 4561
185 5157
185 5611
185 5935
186 315
186 729
186 1078
186 1535
186 1914
186 2203
186 2680
186 3269
186 3402
186 4020
186 4355
186 4765
186 5137
186 5661
186 6052
187 295
187 572
187 978
187 1529
187 2012
187 2353
187 2497
187 2896
187 3417
187 3950
187 4317
187 4635
187 5129
187 5659
187 5968
188 386
188 628
188 1086
188 1385
188 1656
188 2310
188 2815
188 3250
188 3653
188 3748
188 4341
188 4626
188 5096
188 5600
188 5942
189 215
189 661
189 1027
189 1568
189 1781
189 2441
189 2801
189 2941
189 3465
189 3798
189 4406
189 4659
189 5337
189 5531
189 5880
190 248
190 591
190 1092
190 1446
190 1982
190 2090
190 2607
190 3105
190 3366
190 3847
190 4247
190 4955
190 5086
190 5556
190 6034
191 142
191 453
191 936
191 1325
191 1767
191 2299
191 2525
191 3200
191 3674
191 3835
191 4533
191 4924
191 4997
191 5527
191 5966
192 146
192 644
192 885
192 1374
192 2019
192 2323
192 2836
192 2961
192 3714
192 3897
192 4435
192 4772
192 5315
192 5771
192 5856
193 237
193 730
193 926
193 1507
193 1785
193 2243
193 2748
193 3112
193 3573
193 3839
193 4449
193 4827
193 4977
193 5459
193 6002
194 254
194 615
194 1018
194 1591
194 1777
194 2219
194 2549
194 3106
194 3612
194 4127
194 4321
194 4949
194 5244
194 5624
194 5912
195 41
195 442
195 950
195 1346
195 1881
195 2313
195 2874
195 3066
195 3699
195 3829
195 4324
195 4756
195 4999
195 5677
195 6187
196 90
196 773
196 1136
196 1431
196 2059
196 2164
196 2482
196 2918
196 3609
196 4084
196 4137
196 4594
196 5079
196 5704
196 5965
197 158
197 625
197 1002
197 1640
197 2028
197 2375
197 2584
197 3224
197 3643
197 3964
197 4363
197 4858
197 5159
197 5613
197 5888
198 40
198 592
198 1145
198 1382
198 2029
198 2117
198 2686
198 3270
198 3311
198 3741
198 4139
198 4920
198 4981
198 5485
198 5807
199 216
199 728
199 967
199 1259
199 1849
199 2469
199 2713
199 3055
199 3563
199 3907
199 4277
199 4670
199 5153
199 5535
199 5796
200 184
200 756
200 1230
200 1438
200 1728
200 2378
200 2491
200 3197
200 3522
200 3771
200 4172
200 4599
200 5238
200 5648
200 6005
201 283
201 821
201 903
201 1435
201 1808
201 2409
201 2546
201 3116
201 3680
201 4029
201 4392
201 4715
201 5138
201 5764
201 6161
202 321
202 708
202 1131
202 1263
202 1701
202 2156
202 2753
202 3109
202 3676
202 4124
202 4340
202 4818
202 5267
202 5447
202 5789
203 219
203 595
203 1094
203 1309
203 2006
203 2465
203 2644
203 3019
203 3455
203 4067
203 4531
203 4950
203 5193
203 5631
203 5939
204 261
204 475
204 1162
204 1583
204 1853
204 2473
204 2563
204 2915
204 3520
204 4129
204 4197
204 4731
204 5104
204 5373
204 5809
205 311
205 664
205 969
205 1427
205 1910
205 2372
205 2526
205 3123
205 3429
205 4006
205 4450
205 4732
205 5017
205 5756
205 5925
206 48
206 656
206 1067
206 1429
206 1753
206 2394
206 2776
206 3022
206 3336
206 3775
206 4390
206 4737
206 5299
206 5546
206 6014
207 47
207 704
207 1116
207 1513
207 2037
207 2101
207 2656
207 3299
207 3661
207 3921
207 4370
207 4643
207 4968
207 5570
207 5934
208 262
208 674
208 1208
208 1254
208 2038
208 2181
208 2595
208 2970
208 3517
208 4068
208 4399
208 4805
208 5186
208 5722
208 5910
209 343
209 790
209 1193
209 1247
209 1845
209 2099
209 2736
209 3300
209 3332
209 4085
209 4543
209 4914
209 5222
209 5614
209 5906
210 36
210 463
210 1042
210 1561
210 1979
210 2128
210 2885
210 2946
210 3545
210 4033
210 4180
210 4887
210 5200
210 5555
210 5837
211 23
211 671
211 1012
211 1600
211 1976
211 2290
211 2837
211 3061
211 3381
211 3747
211 4523
211 4706
211 5109
211 5583
211 6106
212 84
212 480
212 1053
212 1573
212 1686
212 2280
212 2890
212 3094
212 3422
212 4061
212 4206
212 4828
212 4971
212 5767
212 5992
213 353
213 768
213 1108
213 1622
213 1927
213 2118
213 2555
213 3238
213 3702
213 3997
213 4205
213 4869
213 5050
213 5748
213 5814
214 413
214 648
214 896
214 1291
214 1770
214 2350
214 2532
214 3186
214 3308
214 3733
214 4344
214 4743
214 5340
214 5547
214 6055
215 330
215 652
215 983
215 1408
215 1869
215 2211
215 2588
215 3237
215 3404
215 3873
215 4447
215 4605
215 4995
215 5729
215 5887
216 257
216 643
216 881
216 1422
216 1716
216 2367
216 2833
216 3253
216 3566
216 3849
216 4293
216 4788
216 5176
216 5505
216 6141
217 70
217 432
217 1079
217 1545
217 1871
217 2285
217 2508
217 3255
217 3375
217 3977
217 4333
217 4675
217 5268
217 5698
217 5829
218 351
218 785
218 1001
218 1375
218 1743
218 2143
218 2730
218 3120
218 3531
218 3815
218 4145
218 4583
218 5335
218 5540
218 5832
219 260
219 823
219 870
219 1481
219 1829
219 2347
219 2875
219 2911
219 3341
219 3720
219 4439
219 4907
219 5363
219 5500
219 6124
220 151
220 527
220 909
220 1582
220 1665
220 2075
220 2831
220 3235
220 3405
220 4088
220 4287
220 4801
220 5233
220 5577
220 6181
221 79
221 598
221 891
221 1458
221 1670
221 2272
221 2500
221 3108
221 3596
221 3909
221 4478
221 4831
221 5323
221 5700
221 6013
222 32
222 786
222 841
222 1418
222 1826
222 2340
222 2571
222 3133
222 3318
222 3721
222 4503
222 4711
222 4974
222 5393
222 5857
223 286
223 542
223 1011
223 1628
223 2009
223 2334
223 2591
223 2981
223 3400
223 3783
223 4270
223 4665
223 5288
223 5667
223 5864
224 276
224 784
224 1196
224 1466
224 2047
224 2455
224 2720
224 2979
224 3509
224 3980
224 4514
224 4941
224 5317
224 5502
224 6080
225 190
225 709
225 1000
225 1569
225 1900
225 2336
225 2729
225 3064
225 3490
225 4111
225 4211
225 4729
225 5111
225 5375
225 5806
226 159
226 535
226 1028
226 1269
226 1965
226 2412
226 2496
226 3202
226 3629
226 3874
226 4426
226 4674
226 5147
226 5543
226 6007
227 2
227 584
227 851
227 1457
227 1924
227 2315
227 2615
227 3101
227 3478
227 3860
227 4161
227 4806
227 5281
227 5727
227 5964
228 287
228 532
228 1158
228 1615
228 1988
228 2421
228 2536
228 2894
228 3353
228 3789
228 4177
228 4673
228 5154
228 5602
228 5846
229 165
229 483
229 1199
229 1463
229 1946
229 2147
229 2585
229 2913
229 3689
229 3914
229 4320
229 4725
229 5035
229 5588
229 6122
230 382
230 506
230 1121
230 1605
230 2030
230 2124
230 2572
230 3194
230 3681
230 4039
230 4132
230 4585
230 5212
230 5593
230 5863
231 398
231 519
231 932
231 1647
231 1809
231 2274
231 2643
231 3138
231 3514
231 4083
231 4232
231 4702
231 5318
231 5599
231 6021
232 6
232 433
232 952
232 1306
232 1945
232 2354
232 2872
232 2907
232 3484
232 3764
232 4483
232 4651
232 5070
232 5431
232 5893
233 246
233 424
233 1221
233 1603
233 1662
233 2458
233 2599
233 3291
233 3663
233 3746
233 4191
233 4703
233 5030
233 5688
233 5877
234 342
234 609
234 953
234 1464
234 1739
234 2348
234 2849
234 3192
234 3686
234 3759
234 4454
234 4622
234 5215
234 5736
234 6045
235 328
235 562
235 927
235 1341
235 2034
235 2442
235 2559
235 2943
235 3625
235 3946
235 4169
235 4588
235 5287
235 5581
235 5804
236 130
236 496
236 990
236 1588
236 1695
236 2212
236 2483
236 2919
236 3425
236 3958
236 4493
236 4948
236 5260
236 5633
236 6037
237 313
237 724
237 982
237 1609
237 1966
237 2141
237 2654
237 3278
237 3453
237 4013
237 4185
237 4687
237 5334
237 5575
237 6095
238 117
238 759
238 1206
238 1614
238 1756
238 2216
238 2651
238 3127
238 3329
238 4025
238 4362
238 4783
238 5054
238 5406
238 6168
239 331
239 489
239 1020
239 1488
239 1744
239 2133
239 2763
239 3144
239 3499
239 3744
239 4165
239 4855
239 5236
239 5652
239 5905
240 11
240 807
240 908
240 1586
240 1666
240 2226
240 2636
240 2939
240 3710
240 3992
240 4407
240 4876
240 5002
240 5585
240 6062
241 302
241 722
241 1051
241 1530
241 2017
241 2149
241 2882
241 3113
241 3307
241 3931
241 4452
241 4596
241 5105
241 5472
241 6094
242 154
242 787
242 924
242 1595
242 1884
242 2430
242 2827
242 2936
242 3668
242 3929
242 4462
242 4669
242 5168
242 5687
242 5828
243 72
243 445
243 899
243 1485
243 1821
243 2134
243 2625
243 3268
243 3502
243 3807
243 4301
243 4758
243 4988
243 5417
243 5886
244 224
244 522
244 1167
244 1651
244 1899
244 2434
244 2507
244 3182
244 3346
244 4052
244 4150
244 4795
244 5114
244 5637
244 5973
245 356
245 689
245 966
245 1330
245 1825
245 2366
245 2769
245 3173
245 3456
245 4108
245 4308
245 4884
245 5229
245 5612
245 5852
246 59
246 802
246 1228
246 1484
246 1664
246 2270
246 2539
246 3059
246 3624
246 3827
246 4371
246 4734
246 4978
246 5710
246 5866
247 207
247 713
247 972
247 1468
247 1750
247 2287
247 2692
247 3217
247 3715
247 4119
247 4423
247 4757
247 5127
247 5630
247 6053
248 39
248 757
248 995
248 1608
248 1719
248 2068
248 2598
248 3166
248 3510
248 3774
248 4268
248 4933
248 5356
248 5655
248 5820
249 14
249 645
249 895
249 1580
249 1949
249 2155
249 2666
249 3086
249 3678
249 3917
249 4497
249 4716
249 5297
249 5732
249 5970
250 3
250 683
250 961
250 1372
250 1841
250 2338
250 2623
250 3128
250 3537
250 3967
250 4217
250 4614
250 5247
250 5482
250 6167
251 204
251 680
251 999
251 1635
251 2033
251 2253
251 2538
251 3077
251 3452
251 4092
251 4413
251 4816
251 5275
251 5490
251 5883
252 97
252 742
252 1064
252 1515
252 1858
252 2224
252 2614
252 3239
252 3644
252 4017
252 4213
252 4573
252 5306
252 5592
252 6086
253 208
253 608
253 1096
253 1486
253 1862
253 2122
253 2611
253 3218
253 3534
253 3878
253 4352
253 4663
253 5014
253 5702
253 5991
254 86
254 524
254 1142
254 1544
254 1795
254 2475
254 2777
254 3201
254 3443
254 4071
254 4459
254 4658
254 5081
254 5656
254 5945
255 238
255 560
255 989
255 1296
255 2045
255 2200
255 2558
255 3062
255 3393
255 4069
255 4505
255 4945
255 5067
255 5781
255 5988
256 191
256 692
256 1220
256 1456
256 1824
256 2352
256 2778
256 3046
256 3427
256 3995
256 4148
256 4735
256 5148
256 5378
256 6016
257 5
257 435
257 900
257 1252
257 1672
257 2328
257 2679
257 3187
257 3577
257 3754
257 4510
257 4882
257 5084
257 5759
257 6180
258 329
258 789
258 889
258 1469
258 1987
258 2387
258 2863
258 2965
258 3505
258 3788
258 4288
258 4546
258 5314
258 5685
258 6119
259 405
259 514
259 860
259 1533
259 2044
259 2457
259 2710
259 3139
259 3451
259 4095
259 4376
259 4850
259 5321
259 5608
259 5971
260 54
260 465
260 976
260 1258
260 2025
260 2251
260 2489
260 3100
260 3533
260 3734
260 4307
260 4676
260 5171
260 5421
260 5972
261 214
261 518
261 1090
261 1279
261 1950
261 2362
261 2751
261 3297
261 3466
261 4102
261 4254
261 4640
261 5040
261 5647
261 6054
262 394
262 597
262 830
262 1410
262 1882
262 2086
262 2603
262 3147
262 3435
262 3813
262 4464
262 4602
262 5143
262 5529
262 6142
263 233
263 552
263 963
263 1322
263 1839
263 2364
263 2626
263 3005
263 3383
263 3736
263 4455
263 4630
263 4976
263 5623
263 6027
264 374
264 804
264 829
264 1415
264 1854
264 2428
264 2806
264 3246
264 3619
264 3948
264 4138
264 4574
264 5309
264 5383
264 5794
265 77
265 418
265 1194
265 1476
265 1947
265 2438
265 2547
265 3115
265 3665
265 4125
265 4278
265 4619
265 5145
265 5379
265 5803
266 109
266 585
266 1049
266 1412
266 1786
266 2177
266 2804
266 3281
266 3546
266 4066
266 4209
266 4634
266 5003
266 5539
266 6120
267 9
267 762
267 1152
267 1633
267 2060
267 2365
267 2780
267 3121
267 3309
267 4106
267 4526
267 4667
267 5076
267 5765
267 5786
268 123
268 798
268 875
268 1308
268 1724
268 2429
268 2891
268 2977
268 3557
268 3766
268 4358
268 4844
268 5344
268 5621
268 6093
269 185
269 641
269 1155
269 1551
269 1928
269 2269
269 2820
269 3153
269 3357
269 4128
269 4248
269 4755
269 4972
269 5638
269 5833
270 149
270 456
270 1081
270 1295
270 1840
270 2436
270 2749
270 3084
270 3677
270 3911
270 4465
270 4904
270 5283
270 5733
270 6012
271 103
271 825
271 1231
271 1537
271 2014
271 2095
271 2747
271 2986
271 3473
271 3892
271 4229
271 4917
271 5351
271 5712
271 6139
272 388
272 668
272 1054
272 1302
272 1747
272 2187
272 2479
272 3151
272 3553
272 3796
272 4218
272 4769
272 5242
272 5554
272 5903
273 199
273 458
273 1207
273 1300
273 1784
273 2420
273 2661
273 2906
273 3328
273 3966
273 4267
273 4916
273 5102
273 5451
273 6026
274 288
274 737
274 1214
274 1558
274 1742
274 2373
274 2835
274 3211
274 3482
274 3856
274 4298
274 4763
274 5178
274 5735
274 6009
275 282
275 555
275 1103
275 1444
275 1959
275 2294
275 2859
275 3090
275 3367
275 3918
275 4528
275 4655
275 5158
275 5760
275 6195
276 235
276 741
276 935
276 1649
276 2004
276 2463
276 2721
276 2935
276 3698
276 3809
276 4473
276 4867
276 5279
276 5757
276 5999
277 395
277 474
277 905
277 1401
277 1709
277 2337
277 2562
277 3267
277 3631
277 3947
277 4368
277 4753
277 5177
277 5478
277 6056
278 105
278 529
278 1232
278 1376
278 1731
278 2396
278 2878
278 3234
278 3397
278 4012
278 4477
278 4660
278 5046
278 5622
278 5797
279 81
279 604
279 970
279 1430
279 1657
279 2245
279 2519
279 3290
279 3322
279 3930
279 4294
279 4595
279 5133
279 5481
279 6100
280 119
280 488
280 955
280 1590
280 1831
280 2404
280 2810
280 3063
280 3660
280 4008
280 4521
280 4841
280 5175
280 5463
280 5834
281 411
281 429
281 1013
281 1480
281 1710
281 2413
281 2612
281 2994
281 3575
281 3861
281 4519
281 4800
281 4969
281 5371
281 5941
282 274
282 694
282 1040
282 1610
282 1817
282 2136
282 2715
282 2964
282 3691
282 4018
282 4508
282 4928
282 4967
282 5519
282 6057
283 278
283 738
283 827
283 1403
283 1726
283 2135
283 2752
283 3027
283 3647
283 3887
283 4433
283 4653
283 5139
283 5403
283 6072
284 88
284 441
284 1123
284 1424
284 1888
284 2322
284 2589
284 3148
284 3359
284 3745
284 4230
284 4912
284 5256
284 5405
284 6113
285 335
285 748
285 837
285 1380
285 1773
285 2456
285 2688
285 3023
285 3583
285 3985
285 4338
285 4710
285 5358
285 5408
285 5813
286 340
286 788
286 1059
286 1587
286 1679
286 2109
286 2793
286 3089
286 3634
286 4075
286 4192
286 4935
286 4959
286 5491
286 5785
287 200
287 451
287 847
287 1501
287 1855
287 2402
287 2858
287 3229
287 3704
287 3859
287 4470
287 4871
287 4985
287 5576
287 5900
288 139
288 647
288 981
288 1371
288 1689
288 2425
288 2722
288 3146
288 3620
288 3853
288 4210
288 4747
288 5075
288 5683
288 5817
289 226
289 547
289 850
289 1318
289 2035
289 2204
289 2520
289 3111
289 3664
289 3725
289 4190
289 4578
289 5271
289 5597
289 6069
290 239
290 693
290 1236
290 1470
290 1922
290 2092
290 2857
290 3114
290 3408
290 4019
290 4535
290 4652
290 5100
290 5618
290 6121
291 126
291 606
291 1113
291 1584
291 1990
291 2157
291 2605
291 3038
291 3350
291 3942
291 4285
291 4792
291 4965
291 5370
291 5890
292 34
292 516
292 929
292 1510
292 2020
292 2194
292 2620
292 3031
292 3628
292 3905
292 4397
292 4680
292 5225
292 5498
292 6112
293 137
293 520
293 865
293 1579
293 1828
293 2078
293 2529
293 2908
293 3432
293 3863
293 4453
293 4803
293 5011
293 5484
293 6089
294 156
294 646
294 1237
294 1402
294 1745
294 2346
294 2870
294 2963
294 3513
294 3919
294 4154
294 4851
294 5184
294 5437
294 5982
295 174
295 426
295 1057
295 1636
295 1732
295 2182
295 2784
295 2952
295 3582
295 3971
295 4309
295 4946
295 5195
295 5460
295 5849
296 367
296 450
296 1033
296 1244
296 1935
296 2415
296 2543
296 3058
296 3352
296 3854
296 4369
296 4617
296 5196
296 5595
296 6025
297 220
297 688
297 1100
297 1327
297 2063
297 2100
297 2671
297 2996
297 3498
297 4074
297 4396
297 4608
297 5092
297 5407
297 5952
298 407
298 719
298 1130
298 1547
298 1930
298 2369
298 2880
298 3288
298 3593
298 3779
298 4500
298 4572
298 5312
298 5634
298 5848
299 409
299 627
299 1181
299 1336
299 1704
299 2361
299 2764
299 2998
299 3603
299 4114
299 4442
299 4857
299 5298
299 5584
299 5928
300 244
300 556
300 1204
300 1566
300 1816
300 2070
300 2832
300 3219
300 3591
300 3944
300 4315
300 4740
300 5006
300 5691
300 6099
301 249
301 557
301 914
301 1564
301 1883
301 2423
301 2723
301 3150
301 3403
301 3784
301 4245
301 4888
301 5217
301 5453
301 5862
302 228
302 460
302 1235
302 1285
302 1995
302 2376
302 2761
302 3159
302 3392
302 4024
302 4155
302 4590
302 4960
302 5394
302 5830
303 161
303 478
303 1135
303 1612
303 1960
303 2386
303 2678
303 3002
303 3590
303 4086
303 4234
303 4580
303 5213
303 5517
303 5904
304 304
304 750
304 1024
304 1384
304 1989
304 2266
304 2711
304 3260
304 3374
304 4007
304 4409
304 4780
304 4987
304 5416
304 5902
305 143
305 616
305 876
305 1353
305 1674
305 2326
305 2610
305 3225
305 3651
305 3976
305 4204
305 4930
305 5241
305 5589
305 5894
306 324
306 467
306 996
306 1253
306 2011
306 2159
306 2576
306 3191
306 3379
306 4115
306 4438
306 4813
306 5151
306 5708
306 6183
307 236
307 420
307 840
307 1264
307 1978
307 2076
307 2578
307 3018
307 3340
307 4113
307 4260
307 4861
307 5329
307 5474
307 6129
308 8
308 427
308 879
308 1370
308 1986
308 2205
308 2649
308 3012
308 3598
308 4044
308 4171
308 4681
308 5183
308 5758
308 6003
309 337
309 765
309 1170
309 1240
309 1941
309 2131
309 2505
309 3017
309 3450
309 3979
309 4367
309 4894
309 5062
309 5411
309 6155
310 148
310 774
310 994
310 1624
310 1760
310 2170
310 2613
310 2942
310 3384
310 3872
310 4146
310 4853
310 4990
310 5617
310 5853
311 222
311 566
311 1124
311 1519
311 1807
311 2196
311 2581
311 3205
311 3540
311 4053
311 4522
311 4782
311 4998
311 5673
311 6097
312 66
312 819
312 1106
312 1255
312 1694
312 2113
312 2677
312 3303
312 3345
312 4130
312 4489
312 4662
312 5083
312 5671
312 6123
313 164
313 530
313 1182
313 1338
313 2005
313 2444
313 2569
313 3026
313 3568
313 3968
313 4142
313 4598
313 5039
313 5452
313 6165
314 209
314 701
314 1180
314 1505
314 2013
314 2191
314 2755
314 2956
314 3532
314 3961
314 4222
314 4620
314 5360
314 5487
314 6032
315 368
315 626
315 844
315 1578
315 1866
315 2460
315 2750
315 3051
315 3666
315 3972
315 4281
315 4913
315 5352
315 5705
315 6179
316 294
316 766
316 1035
316 1368
316 1718
316 2163
316 2814
316 3000
316 3418
316 4059
316 4224
316 4606
316 5023
316 5769
316 6091
317 108
317 770
317 1077
317 1337
317 1776
317 2139
317 2754
317 3070
317 3636
317 3832
317 4271
317 4547
317 5364
317 5521
317 6116
318 180
318 596
318 1127
318 1641
318 1691
318 2288
318 2888
318 2967
318 3528
318 3804
318 4253
318 4947
318 5278
318 5777
318 6059
319 115
319 476
319 941
319 1623
319 1676
319 2330
319 2745
319 3044
319 3433
319 3888
319 4215
319 4657
319 5120
319 5381
319 5953
320 252
320 428
320 907
320 1601
320 1837
320 2230
320 2660
320 3118
320 3365
320 4110
320 4513
320 4762
320 5286
320 5669
320 6132
321 223
321 502
321 861
321 1531
321 2043
321 2379
321 2667
321 3216
321 3313
321 3954
321 4135
321 4886
321 5345
321 5731
321 6029
322 179
322 816
322 834
322 1575
322 2051
322 2384
322 2767
322 3065
322 3606
322 3908
322 4502
322 4581
322 5194
322 5707
322 5818
323 69
323 621
323 1114
323 1581
323 1768
323 2304
323 2725
323 3154
323 3709
323 3943
323 4456
323 4825
323 5293
323 5766
323 5801
324 121
324 422
324 1129
324 1425
324 1741
324 2327
324 2637
324 3161
324 3673
324 3951
324 4313
324 4718
324 5082
324 5429
324 5850
325 285
325 423
325 1150
325 1342
325 1859
325 2116
325 2797
325 2930
325 3635
325 3737
325 4140
325 4677
325 5350
325 5522
325 6092
326 387
326 487
326 1031
326 1290
326 1856
326 2345
326 2501
326 2904
326 3497
326 3865
326 4361
326 4642
326 5245
326 5744
326 5918
327 203
327 540
327 931
327 1606
327 1790
327 2233
327 2510
327 2916
327 3638
327 3776
327 4284
327 4587
327 5124
327 5640
327 6041
328 113
328 531
328 915
328 1528
328 2023
328 2250
328 2583
328 2989
328 3637
328 3793
328 4199
328 4708
328 5296
328 5506
328 6081
329 373
329 498
329 855
329 1299
329 1874
329 2273
329 2548
329 3261
329 3571
329 4055
329 4208
329 4726
329 5043
329 5516
329 5926
330 12
330 571
330 1200
330 1539
330 1782
330 2158
330 2826
330 3039
330 3305
330 3808
330 4391
330 4748
330 5131
330 5515
330 5854
331 144
331 593
331 1157
331 1426
331 1693
331 2461
331 2557
331 3035
331 3347
331 3990
331 4529
331 4839
331 5201
331 5596
331 5915
332 188
332 437
332 954
332 1326
332 2008
332 2071
332 2774
332 3140
332 3325
332 3825
332 4387
332 4579
332 5253
332 5518
332 5783
333 183
333 781
333 923
333 1293
333 1896
333 2214
333 2726
333 3207
333 3491
333 3810
333 4133
333 4730
333 5240
333 5503
333 5859
334 193
334 687
334 1022
334 1358
334 1800
334 2471
334 2630
334 2924
334 3348
334 3772
334 4166
334 4746
334 5119
334 5438
334 6125
335 291
335 746
335 863
335 1328
335 2018
335 2263
335 2503
335 3220
335 3503
335 3886
335 4226
335 4582
335 5053
335 5524
335 5882
336 202
336 617
336 951
336 1316
336 1690
336 2087
336 2758
336 3093
336 3472
336 4023
336 4475
336 4822
336 5218
336 5646
336 5793
337 172
337 577
337 1138
337 1448
337 1772
337 2186
337 2657
337 3171
337 3479
337 3941
337 4256
337 4752
337 5012
337 5695
337 5842
338 170
338 471
338 1189
338 1472
338 1806
338 2169
338 2627
338 3164
338 3362
338 4016
338 4415
338 4890
338 5243
338 5507
338 6151
339 384
339 611
339 1141
339 1471
339 1835
339 2474
339 2866
339 3057
339 3556
339 3983
339 4212
339 4654
339 5294
339 5496
339 5811
340 160
340 468
340 1125
340 1313
340 1999
340 2069
340 2856
340 2926
340 3682
340 3790
340 4436
340 4826
340 4970
340 5493
340 6039
341 345
341 623
341 1069
341 1645
341 1870
341 2468
341 2545
341 3170
341 3415
341 3742
341 4331
341 4922
341 5140
341 5626
341 5881
342 271
342 438
342 1026
342 1611
342 2016
342 2416
342 2653
342 3190
342 3640
342 4065
342 4296
342 4921
342 5251
342 5672
342 6098
343 268
343 721
343 1211
343 1557
343 1879
343 2449
343 2802
343 3203
343 3501
343 3750
343 4159
343 4570
343 5325
343 5557
343 5909
344 408
344 806
344 1039
344 1585
344 2015
344 2074
344 2800
344 2973
344 3444
344 3743
344 4262
344 4761
344 5166
344 5387
344 5986
345 277
345 695
345 928
345 1483
345 1721
345 2335
345 2486
345 3266
345 3684
345 3848
345 4136
345 4612
345 5097
345 5480
345 5867
346 60
346 732
346 874
346 1248
346 1968
346 2446
346 2735
346 2931
346 3707
346 3732
346 4243
346 4555
346 5028
346 5426
346 6036
347 362
347 454
347 946
347 1596
347 1993
347 2374
347 2817
347 2968
347 3485
347 3903
347 4398
347 4672
347 4980
347 5779
347 6191
348 76
348 508
348 944
348 1246
348 2021
348 2242
348 2714
348 3004
348 3461
348 3795
348 4512
348 4609
348 5204
348 5610
348 5978
349 229
349 677
349 893
349 1643
349 1713
349 2215
349 2646
349 3074
349 3370
349 3924
349 4395
349 4807
349 5074
349 5483
349 5810
350 365
350 734
350 986
350 1294
350 1680
350 2291
350 2861
350 3287
350 3394
350 3869
350 4530
350 4615
350 5304
350 5504
350 6044
351 312
351 772
351 1029
351 1527
351 1725
351 2440
351 2830
351 3243
351 3717
351 4080
351 4351
351 4845
351 5024
351 5479
351 6087
352 206
352 822
352 1195
352 1626
352 1917
352 2132
352 2561
352 3301
352 3679
352 3838
352 4347
352 4738
352 4964
352 5457
352 5944
353 196
353 629
353 892
353 1478
353 1764
353 2231
353 2573
353 2992
353 3398
353 3956
353 4303
353 4768
353 5359
353 5620
353 6133
354 19
354 639
354 1146
354 1473
354 1877
354 2392
354 2732
354 3117
354 3458
354 3912
354 4283
354 4632
354 5098
354 5723
354 6118
355 169
355 710
355 1128
355 1305
355 1885
355 2382
355 2604
355 2933
355 3616
355 3761
355 4451
355 4863
355 5162
355 5552
355 6148
356 332
356 803
356 958
356 1506
356 1923
356 2130
356 2775
356 3251
356 3457
356 3895
356 4517
356 4722
356 5187
356 5605
356 5940
357 299
357 484
357 930
357 1440
357 2052
357 2292
357 2792
357 3256
357 3708
357 4091
357 4196
357 4584
357 4961
357 5663
357 5927
358 265
358 634
358 968
358 1400
358 1823
358 2466
358 2556
358 3233
358 3437
358 3999
358 4373
358 4736
358 5261
358 5571
358 6146
359 30
359 533
359 1014
359 1433
359 1864
359 2265
359 2724
359 3167
359 3440
359 4028
359 4375
359 4720
359 4983
359 5448
359 6049
360 15
360 610
360 1074
360 1280
360 1820
360 2395
360 2517
360 3130
360 3327
360 4058
360 4244
360 4603
360 5362
360 5627
360 6083
361 10
361 650
361 1219
361 1618
361 1889
361 2342
361 2839
361 3158
361 3547
361 3938
361 4486
361 4817
361 5366
361 5629
361 5958
362 296
362 658
362 1120
362 1356
362 1699
362 2207
362 2609
362 3069
362 3419
362 4104
362 4538
362 4885
362 5339
362 5560
362 6128
363 171
363 523
363 993
363 1593
363 1698
363 2437
363 2757
363 2984
363 3675
363 3868
363 4420
363 4764
363 5338
363 5470
363 6137
364 369
364 635
364 959
364 1270
364 2041
364 2107
364 2811
364 3222
364 3310
364 3724
364 4468
364 4796
364 5209
364 5389
364 6170
365 275
365 536
365 962
365 1630
365 1961
365 2383
365 2570
365 2947
365 3409
365 4090
365 4481
365 4766
365 5235
365 5719
365 5868
366 400
366 777
366 1205
366 1559
366 1872
366 2363
366 2818
366 3102
366 3621
366 4000
366 4463
366 4750
366 5221
366 5679
366 5951
367 16
367 569
367 864
367 1493
367 1763
367 2210
367 2493
367 2897
367 3567
367 3773
367 4178
367 4591
367 5057
367 5649
367 5899
368 114
368 649
368 920
368 1499
368 1905
368 2332
368 2689
368 3043
368 3535
368 4079
368 4323
368 4938
368 5013
368 5435
368 5949
369 135
369 503
369 984
369 1512
369 1901
369 2419
369 2842
369 3149
369 3525
369 3904
369 4412
369 4797
369 5025
369 5598
369 6028
370 167
370 631
370 912
370 1576
370 1722
370 2066
370 2662
370 3193
370 3542
370 3792
370 4173
370 4901
370 5355
370 5569
370 6088
371 43
371 796
371 1153
371 1391
371 1733
371 2343
371 2700
371 2951
371 3570
371 4050
371 4437
371 4776
371 5021
371 5676
371 6101
372 255
372 735
372 1119
372 1648
372 1848
372 2125
372 2803
372 3025
372 3658
372 3866
372 4515
372 4565
372 5073
372 5653
372 5815
373 49
373 814
373 1111
373 1409
373 1697
373 2300
373 2854
373 3223
373 3377
373 3781
373 4335
373 4940
373 5055
373 5609
373 6085
374 181
374 486
374 1191
374 1437
374 1903
374 2255
374 2645
374 3078
374 3615
374 4026
374 4539
374 4779
374 5132
374 5420
374 5984
375 403
375 794
375 1169
375 1474
375 1958
375 2102
375 2566
375 2962
375 3401
375 3984
375 4198
375 4695
375 5272
375 5377
375 6079
376 250
376 521
376 1117
376 1301
376 1895
376 2305
376 2586
376 3079
376 3508
376 4001
376 4158
376 4804
376 5292
376 5466
376 6177
377 316
377 700
377 1216
377 1304
377 1723
377 2297
377 2514
377 2914
377 3488
377 3831
377 4354
377 4809
377 5090
377 5737
377 5967
378 360
378 711
378 1006
378 1627
378 1759
378 2184
378 2596
378 3122
378 3648
378 3803
378 4273
378 4754
378 5353
378 5488
378 6065
379 256
379 466
379 991
379 1439
379 1860
379 2166
379 2703
379 3236
379 3662
379 4099
379 4542
379 4554
379 5144
379 5680
379 5960
380 385
380 659
380 1229
380 1477
380 1894
380 2320
380 2554
380 3008
380 3608
380 3969
380 4527
380 4712
380 5263
380 5536
380 6074
381 33
381 672
381 1160
381 1298
381 1918
381 2325
381 2640
381 3052
381 3543
381 3902
381 4394
381 4688
381 5214
381 5425
381 6000
382 26
382 470
382 1234
382 1620
382 1754
382 2174
382 2816
382 2893
382 3706
382 3802
382 4507
382 4759
382 5136
382 5418
382 6011
383 269
383 594
383 922
383 1526
383 2032
383 2146
383 2796
383 3068
383 3622
383 3756
383 4274
383 4556
383 5365
383 5436
383 5841
384 346
384 824
384 1188
384 1495
384 1963
384 2236
384 2593
384 2999
384 3515
384 3768
384 4467
384 4679
384 5319
384 5632
384 5827
385 301
385 525
385 1197
385 1333
385 1931
385 2439
385 2809
385 2948
385 3630
385 3982
385 4494
385 4918
385 5274
385 5544
385 5947
386 201
386 501
386 890
386 1340
386 1977
386 2220
386 2718
386 3254
386 3321
386 3955
386 4311
386 4898
386 5118
386 5469
386 6035
387 397
387 581
387 1008
387 1521
387 1708
387 2246
387 2568
387 3232
387 3486
387 3864
387 4216
387 4872
387 5078
387 5397
387 5873
388 377
388 548
388 1172
388 1517
388 1983
388 2083
388 2590
388 3124
388 3588
388 3751
388 4482
388 4874
388 5180
388 5562
388 5932
389 44
389 761
389 1010
389 1357
389 2031
389 2450
389 2683
389 3285
389 3364
389 3885
389 4246
389 4824
389 5156
389 5450
389 6015
390 64
390 430
390 843
390 1489
390 1703
390 2308
390 2512
390 3204
390 3539
390 4003
390 4261
390 4607
390 5303
390 5604
390 6033
391 338
391 505
391 888
391 1361
391 1798
391 2129
391 2567
391 3095
391 3655
391 3949
391 4516
391 4600
391 5034
391 5682
391 5855
392 280
392 696
392 853
392 1638
392 1996
392 2217
392 2847
392 2958
392 3382
392 3899
392 4251
392 4713
392 5300
392 5537
392 6174
393 100
393 655
393 960
393 1496
393 1746
393 2254
393 2799
393 3275
393 3492
393 3762
393 4458
393 4837
393 5167
393 5414
393 5923
394 87
394 568
394 1091
394 1265
394 1801
394 2085
394 2768
394 3184
394 3324
394 4078
394 4336
394 4944
394 5089
394 5473
394 6090
395 349
395 537
395 1166
395 1347
395 1948
395 2476
395 2490
395 3042
395 3693
395 3765
395 4496
395 4696
395 5031
395 5382
395 5996
396 402
396 457
396 882
396 1500
396 2049
396 2248
396 2487
396 3132
396 3511
396 3910
396 4460
396 4714
396 5036
396 5567
396 6131
397 13
397 421
397 1186
397 1364
397 1891
397 2454
397 2708
397 3172
397 3434
397 4109
397 4300
397 4624
397 5295
397 5458
397 6010
398 317
398 479
398 1161
398 1398
398 1799
398 2188
398 2709
398 3040
398 3541
398 3811
398 4220
398 4798
398 5121
398 5666
398 6102
399 166
399 760
399 1185
399 1383
399 2046
399 2319
399 2779
399 3214
399 3605
399 4022
399 4143
399 4942
399 5116
399 5486
399 5875
400 371
400 414
400 1133
400 1303
400 1720
400 2321
400 2628
400 2972
400 3604
400 3826
400 4389
400 4613
400 5369
400 5586
400 6022
401 68
401 590
401 894
401 1639
401 1852
401 2467
401 2855
401 2892
401 3548
401 3758
401 4316
401 4866
401 5330
401 5430
401 6134
402 225
402 682
402 1065
402 1553
402 1952
402 2268
402 2877
402 3248
402 3469
402 4100
402 4495
402 4571
402 5065
402 5541
402 6164
403 78
403 534
403 1016
403 1453
403 1682
403 2331
403 2794
403 3047
403 3518
403 4094
403 4240
403 4548
403 5336
403 5509
403 5805
404 333
404 613
404 943
404 1334
404 1653
404 2447
404 2696
404 3175
404 3574
404 3876
404 4141
404 4889
404 5220
404 5625
404 5980
405 391
405 599
405 1132
405 1536
405 2056
405 2104
405 2648
405 3174
405 3463
405 3800
405 4259
405 4694
405 5357
405 5385
405 6075
406 336
406 795
406 1115
406 1366
406 1851
406 2358
406 2698
406 2978
406 3530
406 3960
406 4279
406 4802
406 5080
406 5752
406 5840
407 129
407 791
407 1093
407 1420
407 1727
407 2385
407 2786
407 2903
407 3592
407 3760
407 4491
407 4569
407 5302
407 5396
407 5998
408 393
408 679
408 1218
408 1629
408 1847
408 2344
408 2504
408 3103
408 3436
408 3851
408 4353
408 4870
408 5284
408 5374
408 5885
409 4
409 559
409 973
409 1461
409 1822
409 2145
409 2676
409 3244
409 3529
409 4101
409 4383
409 4883
409 5125
409 5523
409 6185
410 266
410 545
410 1101
410 1241
410 1683
410 2301
410 2484
410 3013
410 3338
410 3757
410 4282
410 4721
410 5165
410 5693
410 6084
411 45
411 669
411 848
411 1436
411 2022
411 2209
411 2822
411 3088
411 3396
411 3855
411 4356
411 4611
411 5032
411 5434
411 5929
412 259
412 493
412 974
412 1543
412 1913
412 2398
412 2862
412 3183
412 3416
412 3988
412 4332
412 4699
412 5248
412 5725
412 6070
413 35
413 504
413 949
413 1455
413 1715
413 2227
413 2707
413 2921
413 3519
413 3718
413 4297
413 4697
413 5169
413 5395
413 6017
1 7076
1 7289
1 8759
1 8998
1 10118
1 11125
1 11964
2 6818
2 7694
2 8032
2 9271
2 10126
2 10776
2 12016
3 6627
3 7147
3 8707
3 9315
3 10413
3 11360
3 12242
4 6907
4 7355
4 8021
4 9331
4 10364
4 11043
4 11764
5 6600
5 7400
5 8284
5 9657
5 10034
5 10661
5 11801
6 6236
6 7851
6 8523
6 9618
6 10146
6 10669
6 11785
7 6814
7 7221
7 8765
7 9199
7 9769
7 10946
7 12007
8 6980
8 7569
8 8130
8 9439
8 10241
8 11252
8 12347
9 6996
9 7317
9 8320
9 9000
9 9935
9 11118
9 12351
10 6568
10 7302
10 7999
10 9067
10 10419
10 10788
10 11667
11 6917
11 7893
11 8203
11 9333
11 10167
11 11318
11 12122
12 6233
12 7564
12 8096
12 9058
12 10363
12 11110
12 11714
13 6465
13 7555
13 7969
13 9561
13 9807
13 10957
13 12090
14 6408
14 7301
14 8283
14 9278
14 10156
14 11258
14 11669
15 6506
15 7792
15 8122
15 9453
15 10421
15 11139
15 12344
16 6940
16 7350
16 8404
16 9162
16 10142
16 11294
16 11824
17 6583
17 7131
17 8264
17 9173
17 9997
17 11487
17 12065
18 6405
18 7345
18 8278
18 8896
18 9872
18 10685
18 12241
19 6863
19 7849
19 8756
19 9502
19 10456
19 10748
19 11765
20 6336
20 7457
20 8703
20 9649
20 10025
20 11422
20 11683
21 6459
21 7242
21 8543
21 9480
21 9929
21 10935
21 12254
22 6327
22 7145
22 8572
22 9406
22 10343
22 11078
22 11627
23 6837
23 7562
23 8446
23 9674
23 10585
23 10738
23 11533
24 6908
24 7821
24 8194
24 9555
24 10203
24 10849
24 11799
25 6199
25 7962
25 8506
25 9107
25 10431
25 10881
25 11729
26 6276
26 7944
26 8528
26 9501
26 10006
26 10659
26 11766
27 6984
27 7758
27 8483
27 9304
27 9989
27 11032
27 11613
28 6955
28 7337
28 8414
28 9254
28 9908
28 11293
28 11610
29 6681
29 7090
29 8428
29 8870
29 9737
29 11468
29 11526
30 7030
30 7561
30 8680
30 9375
30 9913
30 10866
30 11753
31 6756
31 7262
31 8606
31 9645
31 10244
31 11053
31 11661
32 6279
32 7909
32 8473
32 9508
32 10498
32 10747
32 11553
33 7052
33 7100
33 8356
33 9061
33 9907
33 10624
33 11739
34 6246
34 7419
34 8715
34 9150
34 10441
34 10930
34 12245
35 6898
35 7414
35 8640
35 9570
35 9946
35 11472
35 11868
36 7064
36 7839
36 8151
36 9301
36 10106
36 10698
36 12235
37 6378
37 7169
37 8777
37 9354
37 10500
37 11083
37 11585
38 6570
38 7140
38 8360
38 9487
38 10235
38 11105
38 12369
39 6401
39 7566
39 8457
39 9703
39 10399
39 10975
39 12107
40 6715
40 7401
40 8101
40 9337
40 10091
40 11283
40 12296
41 6612
41 7106
41 8152
41 9557
41 10191
41 10953
41 12197
42 6631
42 7498
42 8222
42 8950
42 9879
42 11317
42 11738
43 6979
43 7370
43 8649
43 9491
43 9832
43 10981
43 11780
44 7070
44 7207
44 8158
44 9608
44 9773
44 11410
44 12064
45 7041
45 7739
45 8400
45 8904
45 9988
45 10896
45 11704
46 6763
46 7614
46 8536
46 9671
46 10492
46 11448
46 12318
47 6535
47 7628
47 8817
47 8999
47 9828
47 10655
47 11547
48 6838
48 7227
48 8586
48 9405
48 10211
48 11179
48 12067
49 6975
49 7592
49 8256
49 9496
49 9787
49 10687
49 11619
50 6244
50 7344
50 8508
50 9486
50 10043
50 11235
50 11690
51 6297
51 7170
51 8380
51 9622
51 10127
51 11024
51 11992
52 6355
52 7477
52 8310
52 9339
52 10288
52 11454
52 11732
53 6795
53 7524
53 8587
53 9152
53 9948
53 10929
53 11792
54 6266
54 7286
54 8607
54 8942
54 10027
54 10703
54 12388
55 6523
55 7271
55 8178
55 9617
55 10299
55 10917
55 11543
56 6931
56 7811
56 8671
56 9370
56 9894
56 11416
56 12266
57 6507
57 7857
57 8280
57 9579
57 10414
57 10853
57 11515
58 6225
58 7670
58 8171
58 9093
58 9927
58 10980
58 12175
59 6936
59 7380
59 8504
59 8935
59 10454
59 10688
59 11957
60 6705
60 7291
60 8784
60 9355
60 10561
60 11504
60 11599
61 6515
61 7391
61 8840
61 9219
61 9882
61 10656
61 12214
62 7075
62 7088
62 8588
62 9079
62 10422
62 11157
62 11670
63 6671
63 7805
63 8053
63 9265
63 10204
63 11149
63 11826
64 6710
64 7720
64 8618
64 9584
64 9829
64 10779
64 11720
65 6999
65 7755
65 8538
65 9652
65 10291
65 11185
65 12306
66 6424
66 7265
66 8295
66 8966
66 10093
66 11204
66 12249
67 6702
67 7306
67 8094
67 9576
67 10124
67 11264
67 12008
68 6926
68 7484
68 8104
68 9611
68 10040
68 11335
68 11994
69 6988
69 7809
69 8632
69 9043
69 10161
69 11337
69 12240
70 6963
70 7432
70 8442
70 9472
70 10152
70 11444
70 12164
71 6802
71 7558
71 8340
71 9577
71 9753
71 11378
71 11709
72 6593
72 7547
72 8844
72 9587
72 10337
72 11010
72 12248
73 6592
73 7706
73 8097
73 9238
73 10309
73 11041
73 12114
74 6537
74 7378
74 8323
74 9158
74 10392
74 10720
74 12060
75 6857
75 7910
75 8698
75 9208
75 10527
75 11336
75 11657
76 6884
76 7645
76 8218
76 9016
76 10375
76 11207
76 11844
77 6406
77 7322
77 8714
77 9032
77 10084
77 11127
77 12285
78 6889
78 7842
78 8257
78 9682
78 10228
78 11329
78 12365
79 6745
79 7489
79 8148
79 8888
79 9858
79 11241
79 11986
80 6900
80 7099
80 8790
80 9154
80 10525
80 11251
80 11572
81 6921
81 7620
81 8792
81 8937
81 10147
81 11197
81 11978
82 7051
82 7639
82 8679
82 9381
82 10384
82 10900
82 12156
83 6595
83 7542
83 8515
83 9268
83 9983
83 10770
83 11796
84 6540
84 7717
84 8539
84 9548
84 10264
84 10795
84 12277
85 6538
85 7655
85 8326
85 8989
85 10551
85 11257
85 11684
86 6196
86 7644
86 8791
86 8943
86 9736
86 10782
86 12356
87 7039
87 7144
87 8542
87 9499
87 9768
87 11183
87 11997
88 6793
88 7938
88 8290
88 9609
88 10429
88 10936
88 11614
89 7024
89 7499
89 8574
89 9146
89 10013
89 11279
89 11802
90 6528
90 7676
90 8731
90 9730
90 9835
90 11173
90 12116
91 6939
91 7411
91 8102
91 9538
91 10385
91 11428
91 11668
92 7018
92 7911
92 8748
92 9033
92 9925
92 11333
92 12320
93 6767
93 7718
93 7982
93 9367
93 9783
93 11191
93 12130
94 6930
94 7189
94 8445
94 9109
94 10187
94 11274
94 11726
95 6776
95 7525
95 8092
95 9275
95 10346
95 11129
95 11559
96 6841
96 7807
96 8502
96 8916
96 10596
96 11285
96 11878
97 6441
97 7335
97 7983
97 9358
97 10024
97 10693
97 11895
98 6676
98 7571
98 8022
98 9721
98 10510
98 11080
98 11953
99 6649
99 7331
99 8110
99 9726
99 9900
99 10646
99 12259
100 6867
100 7773
100 8663
100 9640
100 10008
100 10753
100 12350
101 7013
101 7633
101 8609
101 9395
101 10243
101 11464
101 12160
102 6885
102 7658
102 8741
102 8988
102 10083
102 11254
102 11939
103 6571
103 7829
103 8659
103 9204
103 10459
103 10987
103 12311
104 6823
104 7623
104 8390
104 8938
104 10327
104 11205
104 12020
105 6412
105 7405
105 8086
105 9060
105 10381
105 11137
105 11962
106 6440
106 7362
106 8368
106 9334
106 10359
106 11364
106 11910
107 6789
107 7097
107 8804
107 9534
107 9849
107 10979
107 11723
108 6982
108 7091
108 8531
108 8901
108 9885
108 11265
108 12275
109 6760
109 7491
109 8622
109 8869
109 9965
109 11093
109 11736
110 6753
110 7222
110 8206
110 9551
110 10569
110 11256
110 11950
111 7079
111 7716
111 8052
111 8962
111 10102
111 11086
111 11863
112 6758
112 7578
112 8382
112 9232
112 10475
112 11211
112 11671
113 6295
113 7486
113 8006
113 9263
113 9920
113 10963
113 11570
114 6539
114 7307
114 8480
114 9023
114 10388
114 10717
114 12032
115 6285
115 7117
115 8720
115 9650
115 10438
115 10783
115 12269
116 6752
116 7632
116 8551
116 9002
116 9750
116 10704
116 11781
117 6367
117 7126
117 8141
117 9332
117 10485
117 10737
117 11770
118 6212
118 7868
118 8583
118 9428
118 10382
118 11034
118 11979
119 6548
119 7488
119 8719
119 9209
119 9866
119 11177
119 12136
120 6724
120 7553
120 8126
120 9250
120 10572
120 11284
120 12165
121 6453
121 7774
121 8000
121 9478
121 10066
121 10833
121 12131
122 6278
122 7083
122 8461
122 9279
122 9910
122 11187
122 12077
123 6289
123 7215
123 8177
123 9668
123 10304
123 10834
123 11951
124 6499
124 7828
124 8658
124 9638
124 10538
124 11270
124 11913
125 6957
125 7595
125 8590
125 9101
125 10077
125 10955
125 12263
126 6391
126 7348
126 8789
126 9050
126 10230
126 10649
126 12286
127 6894
127 7831
127 8374
127 9130
127 9765
127 11065
127 12106
128 7027
128 7235
128 8215
128 8958
128 9891
128 11391
128 11638
129 6413
129 7712
129 8513
129 9350
129 10263
129 10829
129 11522
130 7034
130 7167
130 8181
130 9620
130 10587
130 11323
130 11940
131 6630
131 7810
131 8738
131 9476
131 9877
131 11098
131 11674
132 6303
132 7155
132 7981
132 9095
132 9758
132 10728
132 11788
133 6949
133 7630
133 8427
133 9126
133 9881
133 11210
133 12111
134 6455
134 7850
134 8337
134 9663
134 10221
134 10911
134 11542
135 6397
135 7785
135 8129
135 9575
135 10239
135 10637
135 11996
136 6245
136 7958
136 8620
136 9030
136 9775
136 10816
136 11807
137 6644
137 7372
137 8664
137 8931
137 10315
137 10636
137 12188
138 7054
138 7936
138 8147
138 9589
138 10603
138 10650
138 11958
139 6419
139 7607
139 8260
139 9500
139 9860
139 10643
139 12312
140 6684
140 7665
140 8820
140 9052
140 9763
140 11443
140 12216
141 6500
141 7381
141 8558
141 9503
141 10323
141 10859
141 12019
142 6574
142 7402
142 8802
142 8959
142 10101
142 10865
142 12382
143 6273
143 7536
143 8497
143 9666
143 9747
143 10811
143 12086
144 6490
144 7587
144 8495
144 9420
144 10068
144 10813
144 11806
145 6497
145 7393
145 8038
145 8990
145 9873
145 10815
145 12183
146 6935
146 7512
146 8517
146 9006
146 10468
146 10931
146 12190
147 6541
147 7104
147 8398
147 9131
147 9788
147 10910
147 11635
148 6791
148 7610
148 8216
148 9312
148 10389
148 11315
148 11558
149 6699
149 7333
149 8168
149 9347
149 10448
149 10977
149 12112
150 6918
150 7496
150 8384
150 9417
150 10105
150 10810
150 12384
151 6448
151 7710
151 8169
151 9415
151 10256
151 10990
151 11708
152 6881
152 7897
152 8503
152 9430
152 10507
152 11222
152 12173
153 6436
153 7276
153 8392
153 8948
153 10222
153 11198
153 11935
154 6565
154 7387
154 8562
154 9619
154 10082
154 10874
154 11554
155 6291
155 7886
155 8299
155 9563
155 10440
155 11219
155 11767
156 7012
156 7509
156 8843
156 9112
156 9995
156 11415
156 12268
157 7026
157 7767
157 8335
157 8983
157 9839
157 11039
157 12343
158 6992
158 7913
158 8425
158 9532
158 10546
158 10805
158 12280
159 6932
159 7096
159 8512
159 9168
159 10542
159 11172
159 11716
160 6259
160 7427
160 8341
160 9626
160 10234
160 11154
160 12334
161 6442
161 7956
161 8670
161 9656
161 10488
161 10663
161 11556
162 6768
162 7704
162 8143
162 9689
162 10237
162 10823
162 11576
163 7006
163 7224
163 8691
163 9714
163 10444
163 11393
163 12239
164 6834
164 7600
164 8578
164 9175
164 10620
164 10876
164 11596
165 6657
165 7467
165 8262
165 9161
165 10520
165 11267
165 11606
166 6521
166 7649
166 8016
166 8919
166 9862
166 11107
166 12014
167 6549
167 7517
167 8322
167 8933
167 10616
167 11134
167 11509
168 6650
168 7890
168 8727
168 9290
168 9800
168 10633
168 11508
169 6739
169 7858
169 8635
169 9654
169 10090
169 10985
169 11883
170 6872
170 7172
170 8413
170 8873
170 10114
170 11074
170 11643
171 6732
171 7134
171 8317
171 9217
171 10109
171 11389
171 12001
172 6788
172 7802
172 7994
172 9546
172 9941
172 10825
172 11741
173 6337
173 7611
173 8636
173 9303
173 9904
173 11151
173 11696
174 6952
174 7154
174 8837
174 9641
174 10314
174 10880
174 12088
175 6579
175 7351
175 8724
175 9288
175 9824
175 11480
175 11961
176 6688
176 7582
176 8388
176 9307
176 10150
176 10759
176 11795
177 6635
177 7248
177 8074
177 9026
177 10128
177 10764
177 12218
178 6659
178 7297
178 8500
178 8985
178 10046
178 10997
178 12209
179 6454
179 7188
179 8142
179 9282
179 10403
179 11028
179 12058
180 6299
180 7241
180 8292
180 8917
180 10232
180 11054
180 11612
181 6808
181 7932
181 8559
181 9286
181 9808
181 11281
181 11609
182 6369
182 7270
182 8600
182 9128
182 10458
182 10681
182 11834
183 6309
183 7924
183 8825
183 9681
183 10549
183 10904
183 11563
184 6301
184 7278
184 8549
184 8854
184 10257
184 10665
184 11750
185 7002
185 7759
185 8204
185 9383
185 9743
185 10885
185 11561
186 6727
186 7646
186 8437
186 9299
186 9880
186 11286
186 11694
187 6912
187 7899
187 8271
187 8907
187 10387
187 10746
187 11800
188 6265
188 7514
188 8079
188 8944
188 10273
188 11400
188 12039
189 6564
189 7103
189 8493
189 9552
189 10143
189 10847
189 11666
190 6543
190 7130
190 8481
190 8994
190 9742
190 11495
190 11873
191 7059
191 7737
191 8059
191 9687
191 10166
191 10912
191 12226
192 6400
192 7565
192 8839
192 9580
192 10035
192 11036
192 11681
193 7001
193 7149
193 8026
193 9707
193 9966
193 11155
193 11607
194 6817
194 7315
194 8786
194 9636
194 10491
194 10949
194 12309
195 6845
195 7272
195 8421
195 9361
195 9972
195 10831
195 11517
196 6704
196 7507
196 8111
196 8865
196 10208
196 10657
196 11872
197 6578
197 7468
197 8244
197 8874
197 10476
197 11381
197 11906
198 6873
198 7450
198 8507
198 9521
198 9945
198 10706
198 11699
199 6617
199 7947
199 8717
199 9564
199 9823
199 10773
199 12278
200 6388
200 7395
200 8690
200 9484
200 10075
200 11307
200 11881
201 6708
201 7420
201 8566
201 9234
201 10350
201 11489
201 11768
202 6805
202 7787
202 8488
202 8859
202 9752
202 11367
202 11887
203 6923
203 7741
203 8494
203 9133
203 9821
203 11190
203 11552
204 6717
204 7780
204 8849
204 8879
204 10225
204 10642
204 11589
205 6879
205 7198
205 8417
205 9028
205 10526
205 10629
205 12129
206 6517
206 7493
206 8121
206 9203
206 10481
206 10916
206 12297
207 6339
207 7214
207 8228
207 9056
207 9784
207 11213
207 12260
208 6350
208 7107
208 8140
208 9643
208 9795
208 11109
208 11888
209 7053
209 7876
209 8645
209 8889
209 10464
209 10941
209 12152
210 6607
210 7092
210 8391
210 9073
210 9924
210 11435
210 12300
211 6410
211 7280
211 8835
211 8862
211 9825
211 10742
211 12110
212 6740
212 7874
212 8476
212 9222
212 10269
212 10899
212 11941
213 6829
213 7855
213 8234
213 9494
213 10312
213 10699
213 11821
214 6895
214 7342
214 8776
214 9309
214 10067
214 11376
214 11891
215 6394
215 7300
215 8033
215 8939
215 10374
215 10780
215 11513
216 6920
216 7303
216 8028
216 9595
216 9934
216 11104
216 11711
217 6585
217 7377
217 8240
217 9004
217 10210
217 11102
217 11642
218 7056
218 7321
218 8266
218 9092
218 10430
218 11492
218 11977
219 6890
219 7736
219 8408
219 8924
219 10349
219 10944
219 11634
220 6390
220 7442
220 8160
220 8954
220 10153
220 10623
220 12192
221 6426
221 7798
221 8694
221 9120
221 9861
221 10809
221 12348
222 6546
222 7390
222 8049
222 9470
222 10029
222 11304
222 11925
223 6914
223 7784
223 8405
223 9452
223 10085
223 10901
223 12135
224 6365
224 7374
224 8647
224 9015
224 10326
224 10915
224 12068
225 6904
225 7846
225 8797
225 9189
225 9890
225 10709
225 11947
226 6773
226 7485
226 8286
226 8890
226 10336
226 11497
226 12053
227 6602
227 7426
227 8627
227 9076
227 10020
227 11379
227 12118
228 6320
228 7439
228 8103
228 9556
228 9902
228 11094
228 11560
229 6253
229 7766
229 8132
229 9527
229 10108
229 11359
229 11562
230 6637
230 7776
230 7987
230 9627
230 10352
230 11320
230 11937
231 6407
231 7873
231 8793
231 8952
231 10092
231 10926
231 12204
232 6370
232 7461
232 8336
232 8925
232 10608
232 11371
232 11973
233 6870
233 7473
233 8065
233 9097
233 9847
233 11033
233 11575
234 6643
234 7689
234 8145
234 8922
234 10592
234 11142
234 12098
235 6341
235 7589
235 8850
235 9634
235 9884
235 11368
235 12202
236 6328
236 7165
236 8807
236 8953
236 9930
236 10621
236 12010
237 6711
237 7232
237 8499
237 9695
237 10134
237 11351
237 11676
238 6778
238 7203
238 8081
238 9340
238 9901
238 11330
238 12168
239 6997
239 7250
239 8324
239 8903
239 9816
239 11224
239 12076
240 6852
240 7394
240 8847
240 8973
240 9998
240 10763
240 11507
241 6691
241 7290
241 8836
241 9648
241 10369
241 11491
241 12074
242 6582
242 7294
242 8359
242 8969
242 10334
242 11079
242 12206
243 6905
243 7624
243 8370
243 8926
243 10170
243 11271
243 12299
244 6489
244 7153
244 8131
244 9613
244 10261
244 10786
244 12023
245 6824
245 7754
245 8838
245 9558
245 9793
245 11321
245 11538
246 6941
246 7464
246 8697
246 9408
246 9867
246 10879
246 12101
247 6685
247 7260
247 8029
247 9711
247 9921
247 11133
247 12341
248 6396
248 7433
248 8346
248 9363
248 10356
248 10991
248 12187
249 6560
249 7957
249 8683
249 9252
249 10154
249 10785
249 11702
250 6827
250 7193
250 8846
250 9450
250 10214
250 10653
250 12063
251 6626
251 7707
251 8172
251 9731
251 10412
251 11266
251 11944
252 6747
252 7841
252 8399
252 9078
252 10581
252 11212
252 11900
253 6221
253 7709
253 8485
253 9517
253 10202
253 11233
253 11611
254 6970
254 7817
254 8154
254 9659
254 10373
254 11500
254 11998
255 6254
255 7109
255 8138
255 9359
255 9952
255 11126
255 12085
256 6573
256 7693
256 8232
256 8963
256 10391
256 10664
256 11618
257 6213
257 7891
257 8706
257 9461
257 10195
257 10862
257 12324
258 7073
258 7158
258 8815
258 9186
258 9841
258 11164
258 12024
259 6722
259 7808
259 8430
259 9159
259 10220
259 10940
259 11890
260 6504
260 7274
260 8233
260 9237
260 9760
260 11382
260 12327
261 6964
261 7879
261 8025
261 9248
261 10358
261 10883
261 12256
262 6687
262 7577
262 8595
262 9081
262 10395
262 11201
262 11602
263 6770
263 7522
263 8527
263 9277
263 9944
263 11070
263 11960
264 6311
264 7656
264 8448
264 8945
264 10348
264 11203
264 11833
265 6321
265 7753
265 8712
265 9542
265 10394
265 11042
265 12234
266 6877
266 7929
266 8436
266 8914
266 10271
266 10680
266 12002
267 6392
267 7959
267 8090
267 9615
267 10107
267 10938
267 12271
268 6334
268 7532
268 8150
268 9653
268 9785
268 10824
268 12062
269 6326
269 7190
269 8490
269 9091
269 10000
269 10731
269 12054
270 6647
270 7635
270 8302
270 9448
270 9985
270 11250
270 11698
271 7003
271 7818
271 8561
271 9305
271 9906
271 11223
271 11813
272 6520
272 7313
272 8070
272 9125
272 10353
272 11344
272 11840
273 6555
273 7826
273 8305
273 9675
273 10112
273 10937
273 11644
274 6534
274 7779
274 8708
274 9400
274 10416
274 10868
274 11818
275 6674
275 7804
275 8452
275 9593
275 10418
275 10729
275 12087
276 7007
276 7691
276 8291
276 8986
276 9878
276 11229
276 11985
277 6377
277 7340
277 8594
277 9106
277 10199
277 11170
277 11972
278 6319
278 7112
278 8484
278 9699
278 10023
278 10939
278 12322
279 6811
279 7901
279 8681
279 9064
279 10094
279 11465
279 11601
280 6268
280 7319
280 8771
280 9335
280 9811
280 10774
280 11637
281 6780
281 7356
281 8762
281 9504
281 10575
281 11326
281 11525
282 6208
282 7538
282 8613
282 9156
282 10181
282 10793
282 12247
283 6353
283 7895
283 8293
283 9431
283 10366
283 11058
283 11584
284 6368
284 7404
284 8803
284 9344
284 9782
284 10998
284 11838
285 6469
285 7699
285 8755
285 9249
285 10175
285 11314
285 12031
286 6751
286 7550
286 8432
286 9560
286 10479
286 11280
286 12155
287 6514
287 7647
287 8571
287 9536
287 10200
287 10734
287 11969
288 7080
288 7749
288 8774
288 9218
288 10009
288 10932
288 12244
289 6484
289 7431
289 8272
289 9481
289 10279
289 10652
289 11804
290 6790
290 7601
290 8011
290 9172
290 10528
290 11249
290 11758
291 6945
291 7865
291 8766
291 9274
291 9937
291 11426
291 11920
292 6974
292 7275
292 8472
292 9085
292 10236
292 10894
292 12219
293 6603
293 7410
293 8054
293 8906
293 10058
293 10722
293 12287
294 6251
294 7573
294 8509
294 9716
294 10482
294 11209
294 12386
295 6590
295 7254
295 8319
295 9493
295 10044
295 10808
295 11843
296 6505
296 7744
296 8811
296 9455
296 9838
296 10959
296 12042
297 6197
297 7385
297 8660
297 9568
297 10206
297 11071
297 11583
298 6532
298 7715
298 8306
298 9048
298 10570
298 10827
298 11946
299 6738
299 7799
299 8678
299 8946
299 9896
299 10711
299 12046
300 6293
300 7310
300 8526
300 9712
300 10471
300 10913
300 12335
301 6606
301 7669
301 8402
301 9293
301 10194
301 11022
301 11574
302 6450
302 7386
302 8258
302 9141
302 10601
302 11068
302 11783
303 6206
303 7682
303 8482
303 9565
303 10451
303 11483
303 11854
304 6526
304 7119
304 8396
304 9022
304 10484
304 11346
304 11810
305 6672
305 7218
305 8046
305 8909
305 10149
305 10696
305 12102
306 6656
306 7408
306 8185
306 9425
306 9799
306 11424
306 12264
307 6891
307 7363
307 8315
307 9206
307 10502
307 10727
307 11616
308 6971
308 7220
308 8810
308 9066
308 10321
308 11169
308 11897
309 7037
309 7273
309 8453
309 9422
309 10521
309 11017
309 12317
310 7011
310 7528
310 8725
310 9194
310 9940
310 10951
310 12095
311 6967
311 7292
311 8630
311 9688
311 9912
311 11453
311 12050
312 6989
312 7116
312 8265
312 9117
312 10245
312 10634
312 11633
313 7066
313 7651
313 8769
313 9247
313 9864
313 10736
313 12267
314 6792
314 7634
314 8328
314 8877
314 10362
314 11460
314 11967
315 6308
315 7796
315 8768
315 9454
315 10606
315 11115
315 11588
316 6487
316 7197
316 8231
316 9537
316 10041
316 10974
316 11546
317 6977
317 7347
317 8294
317 9132
317 10086
317 10867
317 11623
318 6305
318 7361
318 8462
318 8982
318 9772
318 10971
318 12029
319 6283
319 7263
319 8752
319 9137
319 9986
319 11302
319 12022
320 7010
320 7416
320 8349
320 8855
320 9970
320 11247
320 11954
321 6509
321 7568
321 7976
321 9603
321 10223
321 11340
321 12141
322 6398
322 7907
322 8279
322 9020
322 9892
322 11263
322 12200
323 6986
323 7903
323 8745
323 9364
323 10504
323 11014
323 11908
324 6393
324 7930
324 8763
324 9581
324 10557
324 11156
324 11641
325 6202
325 7952
325 8189
325 8974
325 9853
325 11232
325 11855
326 6371
326 7236
326 8057
326 9562
326 9740
326 11398
326 12357
327 6580
327 7281
327 8237
327 9111
327 9974
327 10702
327 11929
328 6488
328 7436
328 8464
328 9018
328 10325
328 10830
328 11837
329 6757
329 7794
329 8297
329 9202
329 10578
329 11066
329 11993
330 6598
330 7905
330 8592
330 8930
330 10583
330 11310
330 12374
331 6511
331 7223
331 8174
331 9601
331 10185
331 11087
331 11548
332 6420
332 7127
332 8298
332 8868
332 10428
332 11106
332 11876
333 6263
333 7128
333 8014
333 9600
333 10360
333 10792
333 11519
334 6226
334 7940
334 8612
334 9148
334 10573
334 11117
334 11742
335 6903
335 7770
335 8469
335 9170
335 10158
335 11072
335 12191
336 6230
336 7323
336 8778
336 9019
336 10131
336 11192
336 11514
337 6978
337 7922
337 8156
337 8975
337 9814
337 11325
337 12376
338 6748
338 7916
338 8318
338 9446
338 10452
338 11384
338 11803
339 6550
339 7226
339 8276
339 9300
339 9818
339 10995
339 11541
340 6576
340 7667
340 8455
340 8936
340 10598
340 11048
340 12370
341 6883
341 7659
341 8653
341 9598
341 10076
341 10666
341 11624
342 6409
342 7403
342 8577
342 9691
342 10553
342 10651
342 12336
343 6467
343 7769
343 8665
343 9145
343 10215
343 11231
343 11662
344 6616
344 7713
344 8134
344 9243
344 10501
344 10741
344 12109
345 6953
345 7460
345 8751
345 9667
345 10396
345 10735
345 11756
346 6865
346 7546
346 8700
346 9511
346 10543
346 11124
346 11529
347 6686
347 7549
347 8692
347 9129
347 10231
347 11101
347 11527
348 6634
348 7383
348 8831
348 9179
348 10339
348 10752
348 12354
349 6232
349 7661
349 8217
349 9329
349 10361
349 10954
349 11853
350 6501
350 7783
350 8459
350 9488
350 10499
350 11026
350 12043
351 6787
351 7277
351 8749
351 9368
351 9958
351 11396
351 11777
352 6335
352 7205
352 8742
352 9264
352 10032
352 10784
352 12056
353 6470
353 7105
353 8165
353 9623
353 10461
353 11347
353 11980
354 6357
354 7249
354 8821
354 9065
354 10193
354 11338
354 11636
355 6728
355 7917
355 8246
355 9316
355 10580
355 10978
355 11628
356 6462
356 7765
356 8614
356 9630
356 10615
356 11277
356 11626
357 6876
357 7143
357 8211
357 9136
357 9779
357 10841
357 11773
358 7005
358 7138
358 7966
358 9224
358 10019
358 11261
358 12366
359 6882
359 7683
359 8477
359 8892
359 9978
359 11455
359 11749
360 6682
360 7652
360 8285
360 9632
360 10602
360 10622
360 11983
361 6510
361 7793
361 8087
361 8977
361 10119
361 10689
361 11600
362 6661
362 7637
362 8615
362 9466
362 10407
362 11374
362 11927
363 6364
363 7892
363 8841
363 9373
363 10069
363 10675
363 11948
364 6809
364 7515
364 8525
364 9704
364 10030
364 11119
364 12257
365 6599
365 7132
365 8529
365 9677
365 9790
365 11067
365 11989
366 6449
366 7613
366 8167
366 9683
366 10002
366 11009
366 12246
367 6247
367 7481
367 8085
367 9397
367 9837
367 10837
367 12276
368 6665
368 7389
368 8833
368 9103
368 10267
368 11160
368 12003
369 6198
369 7412
369 8422
369 9507
369 10417
369 11404
369 12146
370 7033
370 7139
370 8608
370 9489
370 10100
370 11099
370 12207
371 6209
371 7885
371 8357
371 9153
371 10265
371 11373
371 12108
372 6670
372 7834
372 8449
372 9143
372 10591
372 10843
372 12258
373 6433
373 7504
373 8465
373 9262
373 9840
373 11440
373 12377
374 6524
374 7325
374 7984
374 9635
374 10054
374 11421
374 12361
375 6563
375 7596
375 8740
375 9195
375 10028
375 10958
375 12113
376 6432
376 7364
376 8162
376 9009
376 10113
376 11429
376 12261
377 6231
377 7825
377 8420
377 8929
377 10554
377 11226
377 12174
378 6205
378 7711
378 8709
378 9084
378 10469
378 10999
378 12236
379 6910
379 7237
379 8347
379 9013
379 10497
379 10934
379 11568
380 6477
380 7906
380 7975
380 9323
380 9848
380 10670
380 11581
381 6569
381 7181
381 8367
381 9256
381 10539
381 10641
381 12000
382 6799
382 7672
382 8227
382 8968
382 10089
382 10835
382 12294
383 7015
383 7636
383 8031
383 9226
383 10347
383 11180
383 12148
384 6315
384 7812
384 8225
384 9429
384 10059
384 10767
384 12051
385 6362
385 7113
385 8300
385 9039
385 10567
385 11418
385 11974
386 6614
386 7392
386 8188
386 9169
386 9942
386 10842
386 11594
387 6427
387 7726
387 8510
387 8972
387 10229
387 11392
387 12052
388 6848
388 7388
388 8034
388 9717
388 10135
388 10807
388 12186
389 6663
389 7156
389 8078
389 8858
389 10563
389 11505
389 12127
390 6800
390 7455
390 8621
390 9181
390 10612
390 11006
390 11931
391 6219
391 7246
391 8220
391 9594
391 9827
391 11412
391 12223
392 6716
392 7866
392 8569
392 9443
392 10042
392 11057
392 12265
393 6933
393 7434
393 8303
393 9049
393 10442
393 10701
393 11820
394 6774
394 7312
394 8073
394 8949
394 10386
394 11437
394 12371
395 6990
395 7186
395 8434
395 9157
395 9951
395 11153
395 11822
396 6831
396 7591
396 8773
396 9541
396 10272
396 11081
396 12075
397 6255
397 7638
397 8186
397 9071
397 10018
397 11358
397 11776
398 6386
398 7931
398 8705
398 9149
398 10179
398 10658
398 11915
399 6359
399 7137
399 8795
399 9391
399 9802
399 11370
399 12375
400 6994
400 7463
400 8788
400 9196
400 10437
400 10895
400 11597
401 6356
401 7234
401 8004
401 9432
401 10010
401 10966
401 11779
402 6347
402 7777
402 8747
402 9394
402 10218
402 10794
402 11620
403 7050
403 7125
403 8687
403 9001
403 10380
403 11051
403 12358
404 6389
404 7687
404 8379
404 9314
404 9756
404 11049
404 12284
405 6267
405 7472
405 8184
405 9017
405 10341
405 11237
405 12238
406 6832
406 7896
406 8415
406 9038
406 10064
406 10800
406 11849
407 6472
407 7211
407 8826
407 9607
407 10487
407 11458
407 12305
408 6677
408 7093
408 8017
408 9449
408 10293
408 10690
408 11734
409 6615
409 7729
409 8541
409 9605
409 9993
409 11273
409 11899
410 6425
410 7151
410 8730
410 9330
410 10595
410 11406
410 11550
411 6820
411 7179
411 8669
411 8895
411 10541
411 10791
411 11933
412 6481
412 7209
412 8269
412 9460
412 10558
412 10924
412 11752
413 7014
413 7534
413 8003
413 9310
413 9804
413 10982
413 11755
414 7068
414 7187
414 8048
414 9223
414 10052
414 11413
414 11567
415 6530
415 7813
415 8107
415 8867
415 9754
415 10996
415 11981
416 6366
416 7814
416 8072
416 9328
416 10240
416 10716
416 11905
417 6854
417 7778
417 8182
417 9468
417 10517
417 10756
417 12149
418 6545
418 7586
418 8358
418 8911
418 10489
418 11096
418 11659
419 6696
419 7452
419 8686
419 9053
419 10586
419 11163
419 11728
420 6229
420 7859
420 7991
420 9139
420 10278
420 10654
420 12081
421 6217
421 7619
421 8570
421 9089
421 9789
421 11441
421 11578
422 6601
422 7476
422 8689
422 9485
422 10176
422 10848
422 11784
423 6897
423 7954
423 8666
423 9075
423 10555
423 11005
423 12170
424 6698
424 7727
424 7988
424 8976
424 9932
424 11100
424 11537
425 6249
425 7430
425 8155
425 9418
425 10144
425 10972
425 11865
426 6558
426 7089
426 8063
426 9239
426 10462
426 10871
426 12157
427 6374
427 7487
427 8191
427 8897
427 10305
427 11300
427 12038
428 6855
428 7346
428 8296
428 9586
428 10252
428 10914
428 11782
429 6803
429 7854
429 8364
429 8992
429 9791
429 11114
429 12315
430 7025
430 7501
430 8161
430 9519
430 10227
430 10814
430 11551
431 6475
431 7686
431 8289
431 9554
431 9917
431 11246
431 11713
432 6324
432 7180
432 8642
432 8880
432 10473
432 11502
432 12232
433 7017
433 7584
433 8123
433 9122
433 9992
433 10818
433 11615
434 6222
434 7456
434 8058
434 9535
434 9909
434 11085
434 12251
435 6284
435 7761
435 8095
435 9210
435 10423
435 10902
435 11744
436 6648
436 7763
436 8770
436 8893
436 9971
436 10860
436 11652
437 6826
437 7163
437 8652
437 9440
437 10099
437 11327
437 11510
438 6847
438 7593
438 8626
438 9214
438 9962
438 10803
438 12012
439 6713
439 7674
439 8554
439 8899
439 10544
439 11357
439 12137
440 6729
440 7526
440 8760
440 9515
440 10061
440 11045
440 12328
441 6871
441 7869
441 8721
441 9495
441 10201
441 11486
441 12228
442 6435
442 7775
442 8547
442 8971
442 10439
442 10822
442 11640
443 6901
443 7764
443 8164
443 9322
443 10308
443 10739
443 11759
444 6726
444 7747
444 8252
444 8928
444 10301
444 11016
444 11521
445 6428
445 7166
445 8201
445 9197
445 10136
445 11449
445 12364
446 7035
446 7358
446 8041
446 9077
446 10297
446 11349
446 12378
447 6629
447 7949
447 8236
447 9341
447 9745
447 11002
447 11934
448 7020
448 7588
448 8628
448 9522
448 10141
448 10967
448 11530
449 6586
449 7396
449 8180
449 9631
449 10116
449 11425
449 11701
450 6457
450 7951
450 8371
450 9160
450 10313
450 11456
450 11688
451 6312
451 7756
451 8818
451 9590
451 10365
451 11439
451 11672
452 6594
452 7462
452 8066
452 9012
452 10197
452 11046
452 11769
453 6922
453 7520
453 8208
453 9629
453 10163
453 11019
453 12180
454 6667
454 7478
454 8491
454 9295
454 10103
454 10757
454 11896
455 6220
455 7880
455 8157
455 9633
455 10449
455 11144
455 12212
456 6642
456 7444
456 8710
456 9042
456 9854
456 11181
456 11751
457 6619
457 7641
457 8544
457 8920
457 10111
457 10844
457 12199
458 6434
458 7615
458 8532
458 9072
458 9812
458 11242
458 11889
459 6973
459 7266
459 8056
459 9176
459 10074
459 11031
459 12078
460 6363
460 7202
460 8563
460 9694
460 10045
460 11030
460 12220
461 6325
461 7912
461 8451
461 9727
461 9857
461 10673
461 12013
462 6929
462 7095
462 8020
462 8876
462 10427
462 10952
462 11724
463 6313
463 7098
463 8824
463 9708
463 9979
463 11484
463 11857
464 6983
464 7142
464 8819
464 9031
464 10410
464 10832
464 11869
465 6874
465 7406
465 8153
465 8997
465 9895
465 11069
465 11814
466 6913
466 7836
466 8646
466 9313
466 9936
466 10886
466 11790
467 6934
467 7505
467 8247
467 9321
467 10037
467 11162
467 12161
468 6210
468 7296
468 8385
468 9723
468 10270
468 11288
468 11793
469 7004
469 7282
469 8242
469 9261
469 9956
469 11298
469 12097
470 6842
470 7791
470 8767
470 9533
470 9815
470 11414
470 11650
471 6512
471 7443
471 8654
471 9253
471 10189
471 11260
471 11693
472 6804
472 7666
472 8287
472 9456
472 9865
472 11488
472 11591
473 6553
473 7326
473 8629
473 8882
473 10277
473 11431
473 11730
474 6828
474 7121
474 8068
474 9514
474 10332
474 11194
474 12196
475 6750
475 7602
475 8521
475 8853
475 10409
475 10908
475 12079
476 6204
476 7616
476 8439
476 9165
476 9968
476 10804
476 11909
477 6468
477 7357
477 8582
477 9285
477 10281
477 11120
477 11536
478 6869
478 7261
478 8591
478 9166
478 10600
478 10964
478 11955
479 6559
479 7160
479 8221
479 9664
479 10594
479 11332
479 11918
480 6443
480 7675
480 8071
480 9734
480 10434
480 11438
480 11520
481 6240
481 7159
481 8024
481 9585
481 10379
481 11478
481 12154
482 6474
482 7264
482 8809
482 9401
482 9919
482 10692
482 11850
483 6938
483 7365
483 8325
483 9207
483 10196
483 11008
483 11682
484 6697
484 7368
484 8732
484 9441
484 9887
484 10660
484 12332
485 6518
485 7664
485 7970
485 9164
485 10207
485 11361
485 12194
486 6951
486 7603
486 8655
486 9518
486 10588
486 11082
486 11971
487 6360
487 7479
487 8277
487 9729
487 10535
487 10921
487 12333
488 6456
488 7556
488 8460
488 9512
488 10151
488 11132
488 12144
489 6730
489 7870
489 8728
489 9349
489 9780
489 10919
489 11911
490 6444
490 7894
490 8695
490 9445
490 10162
490 11306
490 12099
491 6430
491 7786
491 8822
491 9705
491 10014
491 10672
491 12125
492 6712
492 7928
492 8369
492 9044
492 10165
492 10993
492 12215
493 6597
493 7437
493 8175
493 9588
493 10518
493 11485
493 12151
494 6466
494 7101
494 8610
494 9602
494 9984
494 11214
494 11988
495 6707
495 7833
495 8386
495 8860
495 10495
495 11432
495 11590
496 6960
496 7943
496 8798
496 9213
496 10036
496 10710
496 11894
497 6998
497 7721
497 8750
497 9105
497 10038
497 11436
497 12162
498 6692
498 7175
498 8474
498 9376
498 10254
498 11166
498 11531
499 6307
499 7244
499 8116
499 8979
499 10123
499 11479
499 12349
500 6660
500 7239
500 7977
500 9684
500 9770
500 11467
500 11632
501 6737
501 7752
501 8785
501 8884
501 9981
501 10906
501 11697
502 6658
502 7230
502 8579
502 9567
502 9764
502 11007
502 12340
503 6387
503 7748
503 8149
503 9545
503 9999
503 11474
503 11761
504 6746
504 7688
504 8702
504 8965
504 10065
504 11015
504 11914
505 6783
505 7677
505 8433
505 9124
505 9871
505 11075
505 11691
506 6762
506 7827
506 8301
506 9597
506 10169
506 11000
506 11518
507 6764
507 7511
507 8487
507 9572
507 9911
507 10797
507 12255
508 6701
508 7465
508 8596
508 9140
508 10310
508 10789
508 12237
509 6584
509 7164
509 8047
509 9385
509 10253
509 11150
509 12069
510 7049
510 7247
510 8309
510 8863
510 9836
510 11103
510 11952
511 6919
511 7318
511 8288
511 9242
511 10183
511 10840
511 11943
512 6721
512 7284
512 8037
512 9413
512 10212
512 11196
512 12282
513 6322
513 7480
513 8548
513 9528
513 10556
513 11108
513 12094
514 6893
514 7120
514 8012
514 9082
514 9820
514 11450
514 12225
515 6943
515 7545
515 8196
515 9390
515 10120
515 11452
515 11825
516 6414
516 7927
516 8673
516 8978
516 10610
516 11278
516 11852
517 6438
517 7871
517 8447
517 8947
517 9751
517 11447
517 12083
518 6404
518 7516
518 8597
518 9396
518 10017
518 11189
518 11679
519 6652
519 7594
519 8575
519 9509
519 10513
519 11420
519 12387
520 6446
520 7421
520 8339
520 9021
520 10376
520 11313
520 12331
521 6274
521 7654
521 8458
521 9034
521 9996
521 11262
521 11506
522 6282
522 7671
522 7967
522 9272
522 9899
522 11311
522 12230
523 6944
523 7200
523 8444
523 9115
523 10262
523 11088
523 11870
524 6798
524 7702
524 8108
524 9336
524 9922
524 11501
524 12071
525 6968
525 7428
525 8754
525 9404
525 10001
525 11195
525 12304
526 6755
526 7864
526 8757
526 9479
526 9889
526 11482
526 11970
527 6379
527 7324
527 8775
527 9260
527 10209
527 11387
527 12379
528 6678
528 7152
528 8656
528 9421
528 10246
528 11245
528 12059
529 6256
529 7339
529 8019
529 9099
529 10047
529 11128
529 12153
530 7043
530 7695
530 8332
530 9054
530 9801
530 11292
530 11649
531 6463
531 7617
531 8816
531 8887
531 10402
531 11084
531 11871
532 6375
532 7815
532 8501
532 8956
532 10420
532 10907
532 12009
533 6668
533 7622
533 8454
533 9090
533 10508
533 11218
533 12224
534 6346
534 7206
534 8316
534 8993
534 10584
534 10922
534 12103
535 6596
535 7283
535 8585
535 9660
535 10055
535 10889
535 12040
536 6257
536 7908
536 8470
536 9544
536 10031
536 11227
536 11791
537 6577
537 7559
537 8693
537 8871
537 10184
537 10754
537 11832
538 6887
538 7330
538 7972
538 9377
538 10367
538 11217
538 12018
539 6239
539 7503
539 8334
539 9414
539 9961
539 11052
539 12073
540 6706
540 7581
540 8471
540 9550
540 10003
540 11269
540 12301
541 6779
541 7157
541 8416
541 9225
541 9771
541 11234
541 11982
542 6861
542 7471
542 8106
542 9427
542 10550
542 11276
542 11809
543 6785
543 7320
543 8179
543 9665
543 9738
543 10798
543 11654
544 6513
544 7862
544 8535
544 8902
544 9949
544 10726
544 12355
545 6304
545 7935
545 8239
545 9474
545 10562
545 11239
545 11968
546 6482
546 7742
546 7990
546 9041
546 10164
546 11040
546 12045
547 6731
547 7548
547 8651
547 9267
547 10316
547 11112
547 11663
548 7048
548 7609
548 8648
548 9624
548 10512
548 10713
548 12036
549 6856
549 7537
549 8135
549 9463
549 10248
549 10884
549 12169
550 7063
550 7608
550 7978
550 9728
550 10275
550 11345
550 11904
551 6562
551 7353
551 8677
551 9289
551 10172
551 10988
551 12100
552 6632
552 7379
552 8407
552 9606
552 10171
552 11140
552 12302
553 6519
553 7531
553 8373
553 8961
553 10079
553 10743
553 12028
554 6664
554 7085
554 8209
554 9183
554 10445
554 10826
554 11919
555 6761
555 7640
555 8061
555 8967
555 10224
555 10678
555 11879
556 6201
556 7877
556 7968
556 8856
556 9844
556 11390
556 12123
557 6376
557 7735
557 8667
557 9435
557 9898
557 10671
557 11747
558 6786
558 7882
558 8735
558 9457
558 10446
558 10719
558 11842
559 6782
559 7295
559 8133
559 9651
559 10050
559 10648
559 11719
560 6572
560 7087
560 8187
560 8964
560 9766
560 11446
560 11703
561 6503
561 7217
561 8744
561 9490
561 10081
561 10945
561 11653
562 6464
562 7429
562 8533
562 9433
562 10155
562 11035
562 11966
563 6237
563 7438
563 8424
563 8923
563 9809
563 10628
563 11922
564 7042
564 7458
564 8044
564 9410
564 10534
564 11243
564 12080
565 6946
565 7740
565 8813
565 9074
565 10371
565 10750
565 11579
566 6473
566 7642
566 8263
566 9574
566 10053
566 10861
566 12381
567 6825
567 7832
567 8365
567 9192
567 10405
567 11331
567 12126
568 6381
568 7757
568 8456
568 9292
568 10205
568 11303
568 11772
569 6286
569 7900
569 8342
569 9530
569 10290
569 10968
569 11926
570 6460
570 7329
570 8064
570 9087
570 10354
570 11143
570 12291
571 6822
571 7459
571 8311
571 8894
571 10033
571 10771
571 11707
572 6801
572 7860
572 8241
572 9725
572 9805
572 10802
572 11965
573 6754
573 7523
573 7998
573 8970
573 9834
573 11451
573 11847
574 6765
574 7560
574 8616
574 9471
574 9797
574 11462
574 11859
575 6261
575 7801
575 8248
575 9212
575 10378
575 11341
575 11622
576 7045
576 7612
576 8343
576 9200
576 10070
576 11003
576 12105
577 6636
577 7502
577 8192
577 9298
577 9964
577 11158
577 11930
578 6288
578 7701
578 8308
578 9464
578 10490
578 11216
578 11664
579 6620
579 7703
579 8468
579 9616
579 10425
579 11503
579 11902
580 6575
580 7544
580 7993
580 9230
580 10574
580 11056
580 11819
581 7023
581 7965
581 8684
581 9317
581 10012
581 10691
581 11774
582 6458
582 7942
582 8560
582 9062
582 10335
582 11471
582 12217
583 6561
583 7233
583 8219
583 9642
583 9939
583 11141
583 11808
584 6241
584 7790
584 8467
584 9294
584 10004
584 11029
584 12172
585 6591
585 7540
585 8799
585 9526
585 10609
585 10928
585 11757
586 6486
586 7551
586 8363
586 9297
586 10533
586 11466
586 11956
587 6536
587 7963
587 8119
587 9700
587 10545
587 10839
587 11984
588 7032
588 7625
588 8611
588 9735
588 10548
588 11171
588 12178
589 6878
589 7299
589 8389
589 9473
589 10174
589 10758
589 12293
590 6478
590 7513
590 8114
590 8905
590 10397
590 11353
590 12330
591 7047
591 7888
591 8254
591 9171
591 10217
591 11186
591 11535
592 6556
592 7183
592 8713
592 8886
592 10088
592 11121
592 11775
593 6218
593 7279
593 8350
593 9398
593 10436
593 11385
593 12176
594 6759
594 7948
594 8027
594 9670
594 10330
594 10647
594 11717
595 6343
595 7305
595 8553
595 9612
595 9903
595 10787
595 12048
596 7074
596 7375
596 8631
596 8885
596 9744
596 10992
596 11771
597 6741
597 7238
597 8675
597 8908
597 10180
597 11395
597 12201
598 7046
598 7168
598 8573
598 9655
598 10177
598 11350
598 12184
599 6689
599 7705
599 8718
599 9459
599 9759
599 11268
599 11710
600 7055
600 7883
600 8410
600 9037
600 10466
600 10909
600 11516
601 6418
601 7466
601 8842
601 9191
601 10357
601 11377
601 12221
602 7071
602 7417
602 8362
602 9357
602 9876
602 10965
602 12338
603 6306
603 7724
603 8639
603 9672
603 10087
603 11138
603 11544
604 6354
604 7606
604 8113
604 9119
604 10266
604 11394
604 11936
605 6784
605 7848
605 8238
605 8912
605 10333
605 11259
605 12298
606 6830
606 7424
606 8581
606 9251
606 9846
606 10973
606 12026
607 6203
607 7288
607 8783
607 9718
607 9810
607 10768
607 11789
608 6720
608 7733
608 8197
608 9190
608 10483
608 10679
608 12314
609 6323
609 7663
609 8699
609 8881
609 10072
609 10920
609 12292
610 7077
610 7082
610 8406
610 8991
610 10026
610 10806
610 11875
611 6403
611 7572
611 8429
611 9010
611 10260
611 10863
611 12084
612 6216
612 7440
612 8552
612 9291
612 10593
612 10947
612 12139
613 6566
613 7823
613 8534
613 9722
613 10121
613 11023
613 11629
614 6645
614 7781
614 8099
614 9296
614 9777
614 10677
614 11645
615 6812
615 7933
615 8084
615 9733
615 10496
615 11148
615 11760
616 6439
616 7684
616 8423
616 8861
616 10276
616 10856
616 12145
617 6693
617 7469
617 8623
617 9399
617 10494
617 10732
617 11874
618 6358
618 7255
618 8089
618 9276
618 10342
618 10697
618 11963
619 6859
619 7725
619 8555
619 9477
619 10329
619 11430
619 11864
620 6415
620 7685
620 8378
620 9403
620 9819
620 11399
620 12096
621 6277
621 7447
621 8545
621 9055
621 10157
621 11499
621 12368
622 6399
622 7902
622 8794
622 9416
622 10283
622 10942
622 11976
623 6896
623 7681
623 8327
623 9599
623 10007
623 11193
623 11882
624 6314
624 7830
624 8051
624 9283
624 10302
624 10730
624 12352
625 6479
625 7771
625 8601
625 8957
625 10168
625 11130
625 12211
626 6287
626 7837
626 8668
626 9483
626 10465
626 11228
626 12049
627 7031
627 7483
627 8377
627 9035
627 10398
627 11369
627 12171
628 6533
628 7245
628 8518
628 9662
628 9976
628 10870
628 12055
629 6248
629 7626
629 8312
629 9320
629 10130
629 11055
629 11737
630 6927
630 7939
630 8136
630 9732
630 10073
630 11182
630 12205
631 6638
631 7196
631 8540
631 9220
631 10509
631 10962
631 12117
632 6736
632 7853
632 8055
632 9409
632 9755
632 11463
632 12295
633 6495
633 7110
633 8733
633 9698
633 9957
633 11475
633 11656
634 6318
634 7115
634 8403
634 9692
634 10328
634 11363
634 12159
635 6551
635 7580
635 8848
635 9229
635 10015
635 11297
635 11828
636 6485
636 7086
636 8780
636 9005
636 10060
636 11244
636 11949
637 6735
637 7950
637 8007
637 9284
637 9833
637 11362
637 12124
638 6437
638 7229
638 8641
638 9571
638 9778
638 11397
638 12120
639 6640
639 7530
639 8043
639 9163
639 10078
639 11477
639 12385
640 6683
640 7875
640 8834
640 9098
640 9761
640 11457
640 11786
641 6610
641 7146
641 8661
641 8941
641 10390
641 11476
641 12182
642 6844
642 7557
642 8564
642 9393
642 10159
642 10761
642 12015
643 6429
643 7497
643 8584
643 9326
643 9774
643 10674
643 11762
644 6431
644 7327
644 8259
644 9135
644 9749
644 10857
644 11539
645 6675
645 7797
645 8144
645 9311
645 10577
645 11240
645 11573
646 6743
646 7510
646 8602
646 9324
646 10259
646 11324
646 12253
647 6383
647 7352
647 8701
647 9319
647 10139
647 11459
647 12143
648 7062
648 7102
648 8212
648 8883
648 10477
648 10819
648 12092
649 6330
649 7407
649 7986
649 9438
649 10173
649 11405
649 12227
650 6622
650 7451
650 8505
650 9492
650 10559
650 11076
650 12033
651 6911
651 7563
651 8128
651 9182
651 10516
651 10892
651 11860
652 6673
652 7852
652 8338
652 8980
652 10547
652 11494
652 11975
653 6916
653 7585
653 8062
653 9046
653 10250
653 10838
653 11823
654 6969
654 7219
654 8125
654 9543
654 10021
654 11147
654 11848
655 6866
655 7212
655 8015
655 9187
655 9933
655 11013
655 11665
656 6604
656 7397
656 8223
656 9469
656 10599
656 11339
656 12203
657 6772
657 7111
657 8580
657 9236
657 10345
657 10943
657 11861
658 6332
658 7298
658 8828
658 9029
658 10011
658 11188
658 11639
659 6695
659 7762
659 8361
659 9465
659 10219
659 11356
659 11631
660 6384
660 7806
660 8083
660 9205
660 10564
660 10956
660 11816
661 6272
661 7287
661 8524
661 9386
661 9926
661 10625
661 12262
662 6351
662 7423
662 8366
662 9676
662 10080
662 10755
662 12339
663 6835
663 7743
663 8075
663 9134
663 9843
663 10765
663 11858
664 6771
664 7494
664 8682
664 9258
664 10613
664 11322
664 12310
665 6382
665 7341
665 8354
665 9696
665 10486
665 11291
665 12185
666 6850
666 7732
666 8604
666 9351
666 10306
666 11215
666 11731
667 6494
667 7722
667 8210
667 9437
667 10311
667 11296
667 11592
668 6269
668 7253
668 8375
668 9701
668 10138
668 10682
668 11524
669 6589
669 7618
669 8243
669 9327
669 10443
669 11366
669 11995
670 6987
670 7191
670 8314
670 9724
670 9746
670 10989
670 11812
671 6531
671 7789
671 8261
671 8864
671 10095
671 11113
671 12030
672 6618
672 7409
672 8498
672 9070
672 10565
672 10851
672 11839
673 6954
673 7590
673 8274
673 9669
673 10317
673 10766
673 11959
674 6417
674 7382
674 8198
674 9063
674 9822
674 11131
674 11540
675 6925
675 7204
675 8139
675 8951
675 10614
675 11375
675 12142
676 6238
676 7915
676 8253
676 9467
676 10238
676 11152
676 11797
677 6639
677 7889
677 8814
677 9118
677 10062
677 10882
677 12047
678 7036
678 7631
678 8516
678 9116
678 9955
678 11334
678 11798
679 6352
679 7946
679 8333
679 9423
679 10198
679 10888
679 12353
680 6651
680 7768
680 8273
680 9167
680 10515
680 11092
680 11511
681 7065
681 7697
681 8805
681 9497
681 10537
681 11090
681 12181
682 6840
682 7309
682 8598
682 9353
682 10460
682 11161
682 11921
683 6846
683 7820
683 8080
683 9180
683 10340
683 11470
683 11549
684 6310
684 7495
684 8589
684 9142
684 9741
684 11004
684 12313
685 7067
685 7518
685 8067
685 8891
685 10280
685 10796
685 11945
686 6613
686 7369
686 8806
686 9382
686 9798
686 11328
686 12367
687 6714
687 7961
687 8779
687 9198
687 10426
687 10684
687 11912
688 6228
688 7552
688 8255
688 9524
688 10424
688 11461
688 12195
689 6525
689 7575
689 8426
689 9362
689 10148
689 10828
689 12321
690 6302
690 7384
690 8036
690 9306
690 9767
690 11176
690 12017
691 6744
691 7084
691 8736
691 8872
691 10251
691 10821
691 12288
692 6868
692 7955
692 8637
692 9685
692 9739
692 10760
692 12066
693 6958
693 7731
693 8634
693 8995
693 9748
693 11200
693 11577
694 7022
694 7824
694 8355
694 9411
694 9886
694 10668
694 11605
695 6483
695 7129
695 8808
695 9269
695 10255
695 11018
695 12104
696 6252
696 7506
696 8224
696 9462
696 9796
696 11490
696 11836
697 6227
697 7308
697 8704
697 9549
697 10320
697 10925
697 12121
698 7029
698 7150
698 8787
698 9713
698 9856
698 11135
698 12119
699 6862
699 7937
699 8519
699 9121
699 9931
699 10799
699 12132
700 6995
700 7161
700 8746
700 9407
700 9883
700 10694
700 11651
701 6775
701 7122
701 8739
701 9144
701 10178
701 11248
701 12319
702 6242
702 7195
702 8331
702 9482
702 10249
702 10984
702 12272
703 7009
703 7184
703 8313
703 9506
703 10604
703 10721
703 11745
704 6849
704 7746
704 8109
704 9259
704 10242
704 11012
704 11571
705 7061
705 7696
705 8100
705 9104
705 10133
705 11255
705 11603
706 6527
706 7914
706 8782
706 9123
706 10140
706 10918
706 11680
707 6200
707 7745
707 8726
707 9342
707 10411
707 11122
707 11718
708 7008
708 7415
708 8568
708 9216
708 10282
708 11073
708 11743
709 6471
709 7574
709 8105
709 9080
709 10039
709 10836
709 12308
710 6300
710 7470
710 8643
710 9516
710 10463
710 10897
710 12091
711 6621
711 7878
711 8625
711 8984
711 10530
711 11348
711 12115
712 6608
712 7162
712 7979
712 9621
712 9786
712 10700
712 12163
713 6554
713 7698
713 8411
713 9434
713 9869
713 10994
713 11523
714 6655
714 7267
714 8557
714 9451
714 10057
714 10976
714 12025
715 6476
715 7673
715 8466
715 9302
715 10568
715 10817
715 12274
716 6937
716 7723
716 8463
716 9540
716 10433
716 11230
716 12189
717 6892
717 7838
717 8418
717 9637
717 10393
717 11423
717 12198
718 6348
718 7629
718 8213
718 9596
718 9830
718 11402
718 11923
719 6447
719 7123
719 8304
719 9114
719 9990
719 11091
719 12150
720 6411
720 7425
720 7971
720 9287
720 10406
720 11305
720 11867
721 6797
721 7449
721 8657
721 8851
721 10258
721 11417
721 11831
722 6380
722 7923
722 8619
722 9057
722 10511
722 11365
722 11778
723 6899
723 7898
723 8633
723 9174
723 9915
723 11275
723 12006
724 6851
724 7861
724 8018
724 9583
724 10566
724 11386
724 12390
725 6625
725 7680
725 8393
725 9011
725 9806
725 10845
725 11866
726 6422
726 7835
726 8492
726 8852
726 10523
726 10950
726 11565
727 6385
727 7519
727 8093
727 9343
727 9870
727 10969
727 11660
728 6502
728 7252
728 8734
728 9447
728 10324
728 11038
728 11648
729 6947
729 7454
729 8394
729 9520
729 10552
729 11146
729 11685
730 6734
730 7293
730 8599
730 9578
730 9923
730 11407
730 11604
731 7019
731 7371
731 8159
731 9658
731 10096
731 10777
731 11862
732 6991
732 7373
732 8205
732 8987
732 10216
732 11206
732 11928
733 6993
733 7258
733 8830
733 9547
733 9762
733 10855
733 11569
734 6402
734 7314
734 7996
734 9346
734 9928
734 10846
734 11557
735 6290
735 7448
735 8796
735 9244
735 9776
735 11174
735 12210
736 7044
736 7708
736 8050
736 9458
736 9831
736 11097
736 11586
737 6821
737 7399
737 8537
737 9402
737 10296
737 11411
737 11595
738 6902
738 7418
738 8443
738 9525
738 10607
738 10820
738 11700
739 6915
739 7945
739 8091
739 9003
739 10160
739 11037
739 12363
740 6669
740 7135
740 8419
740 9270
740 10493
740 10708
740 12389
741 7038
741 7256
741 8009
741 9715
741 9792
741 11178
741 11617
742 6886
742 7714
742 8176
742 9442
742 10455
742 11165
742 12359
743 7021
743 7268
743 8800
743 9610
743 10571
743 10893
743 11735
744 6552
744 7941
744 7995
744 9384
744 10536
744 10683
744 11938
745 7069
745 7349
745 8112
745 9646
745 9893
745 10751
745 11566
746 6421
746 7338
746 8650
746 9412
746 10467
746 11308
746 11886
747 6703
747 7543
747 8674
747 9024
747 10022
747 10960
747 11678
748 6858
748 7822
748 8475
748 9661
748 9863
748 10631
748 11830
749 6445
749 7653
749 8010
749 8996
749 9845
749 11089
749 11689
750 6262
750 7918
750 8435
750 8910
750 10435
750 10640
750 12133
751 7058
751 7872
751 8812
751 9069
751 10590
751 11355
751 11580
752 6567
752 7413
752 8638
752 9559
752 10104
752 11434
752 12372
753 6694
753 7576
753 8827
753 9379
753 10472
753 10903
753 12208
754 6843
754 7690
754 8282
754 9088
754 10289
754 11372
754 11999
755 6718
755 7328
755 8207
755 9680
755 10589
755 10638
755 11727
756 6498
756 7521
756 8376
756 9591
756 10474
756 11496
756 12061
757 6654
757 7795
757 7985
757 8878
757 10122
757 11184
757 12360
758 6981
758 7336
758 8440
758 9523
758 9803
758 11095
758 12011
759 6966
759 7845
759 7997
759 9387
759 10619
759 10872
759 11916
760 6749
760 7269
760 8321
760 9025
760 10005
760 10873
760 11740
761 6909
761 7570
761 8120
761 9348
761 9967
761 11354
761 11646
762 6522
762 7660
762 8576
762 8927
762 10506
762 10923
762 11763
763 6836
763 7231
763 8567
763 8918
763 9975
763 11388
763 11532
764 6888
764 7199
764 8431
764 9531
764 9950
764 11253
764 12027
765 6924
765 7259
765 8723
765 9255
765 10383
765 11401
765 11647
766 6816
766 7171
766 8229
766 9673
766 10408
766 11445
766 12345
767 7028
767 7453
767 8170
767 9697
767 10300
767 11442
767 12034
768 6864
768 7728
768 8190
768 9539
768 10213
768 10714
768 11534
769 6296
769 7751
769 8281
769 9706
769 10098
769 10635
769 11924
770 6609
770 7446
770 7974
770 9083
770 10480
770 10695
770 12070
771 6492
771 7579
771 8351
771 9505
771 10292
771 11159
771 11787
772 6271
772 7541
772 7992
772 9027
772 9938
772 11481
772 12213
773 6211
773 7782
773 8662
773 9008
773 10274
773 10769
773 12093
774 7000
774 7500
774 8268
774 9178
774 10247
774 11123
774 11901
775 6813
775 7719
775 8688
775 9510
775 9842
775 10745
775 11815
776 6372
776 7475
776 8605
776 9241
776 9813
776 10983
776 11706
777 6329
777 7788
777 8163
777 8898
777 9897
777 11493
777 12037
778 6423
778 7081
778 8761
778 9240
778 10560
778 10790
778 12290
779 6557
779 7843
779 8098
779 9582
779 10370
779 10645
779 11907
780 6962
780 7650
780 8117
780 9444
780 10117
780 11136
780 12072
781 6207
781 7332
781 8397
781 9436
781 10338
781 11433
781 12082
782 6700
782 7136
782 8329
782 9553
782 9973
782 11021
782 11754
783 6959
783 7599
783 8275
783 9228
783 10318
783 11342
783 12362
784 6451
784 7539
784 8395
784 8932
784 9960
784 10639
784 11655
785 6338
785 7819
785 8146
785 9392
785 9868
785 11301
785 11846
786 6280
786 7529
786 8722
786 9678
786 10450
786 11047
786 12380
787 6928
787 7225
787 8412
787 9245
787 10307
787 10933
787 12177
788 6588
788 7441
788 8409
788 8913
788 10597
788 11427
788 11841
789 6340
789 7482
789 8450
789 9371
789 10377
789 10948
789 12281
790 6860
790 7800
790 8344
790 9193
790 10529
790 10627
790 12229
791 6781
791 7679
791 8711
791 9036
791 10298
791 10724
791 12128
792 6875
792 7311
792 8039
792 9215
792 10531
792 10890
792 11851
793 6349
793 7508
793 8251
793 9177
793 10582
793 11238
793 12147
794 6281
794 7213
794 8199
794 8915
794 9959
794 10905
794 11827
795 6264
795 7863
795 8387
795 9360
795 10322
795 11044
795 12323
796 6344
796 7934
796 8478
796 9475
796 10579
796 11236
796 11630
797 6942
797 7648
797 8076
797 9266
797 10532
797 10718
797 12250
798 6633
798 7192
798 8617
798 9719
798 10319
798 10854
798 11677
799 6544
799 7535
799 8042
799 9281
799 10415
799 11060
799 12167
800 6666
800 7904
800 8772
800 9352
800 9757
800 10812
800 11625
801 6587
801 7760
801 8845
801 9113
801 10190
801 10667
801 12004
802 6214
802 7490
802 8330
802 9325
802 10355
802 10869
802 11892
803 6581
803 7867
803 7989
803 9227
803 10505
803 10778
803 11528
804 6641
804 7953
804 8200
804 9614
804 9954
804 11175
804 12346
805 6275
805 7738
805 8829
805 9246
805 10519
805 10749
805 11686
806 6961
806 7567
806 8270
806 9308
806 10294
806 11077
806 11564
807 6234
807 7285
807 8716
807 9047
807 9982
807 11202
807 11692
808 6547
808 7772
808 8624
808 9059
808 10295
808 11473
808 12289
809 6807
809 7343
809 8115
809 9096
809 9905
809 11290
809 11715
810 6461
810 7360
810 8401
810 9529
810 10287
810 10772
810 12383
811 6976
811 7492
811 8644
811 9569
811 9969
811 11295
811 11587
812 6611
812 7176
812 8352
812 9498
812 9918
812 10878
812 11621
813 6777
813 7174
813 8001
813 9007
813 9987
813 10875
813 11582
814 6853
814 7216
814 8603
814 9710
814 10285
814 10712
814 11608
815 6542
815 7185
815 8230
815 8921
815 9916
815 11145
815 11817
816 7060
816 7621
816 8565
816 9155
816 10368
816 11116
816 12222
817 6806
817 7643
817 8035
817 9318
817 10470
817 11221
817 12270
818 6810
818 7597
818 7973
818 9686
818 10404
818 11309
818 11705
819 6345
819 7474
819 8696
819 9365
819 10137
819 10850
819 12140
820 6653
820 7182
820 8496
820 9690
820 9943
820 11011
820 12089
821 6250
821 7554
821 8781
821 9424
821 10110
821 10927
821 11687
822 6794
822 7750
822 8249
822 9231
822 10372
822 11061
822 12231
823 6452
823 7730
823 8307
823 9372
823 10524
823 11498
823 11673
824 6294
824 7856
824 8082
824 9040
824 10605
824 11383
824 12005
825 6496
825 7257
825 8556
825 8940
825 10145
825 11409
825 11512
826 6950
826 7114
826 8676
826 8955
826 10192
826 10986
826 11856
827 6733
827 7627
827 8013
827 9233
827 10478
827 11289
827 12243
828 6839
828 7118
828 8002
828 9100
828 10056
828 11316
828 11593
829 6628
829 7816
829 8008
829 9138
829 10540
829 11208
829 12193
830 6956
830 7367
830 8672
830 9388
830 10447
830 11027
830 12279
831 6416
831 7921
831 8550
831 9647
831 10233
831 11220
831 11917
832 6361
832 7678
832 8045
832 9221
832 10611
832 11343
832 11877
833 6508
833 7376
833 8193
833 9679
833 10457
833 10715
833 11811
834 6880
834 7133
834 8166
834 9051
834 10048
834 10887
834 12316
835 6766
835 7422
835 8801
835 9188
835 9980
835 10801
835 11991
836 7078
836 7334
836 8511
836 9625
836 9963
836 11050
836 12044
837 6258
837 7210
837 8077
837 9108
837 9875
837 10858
837 11884
838 6690
838 7240
838 8758
838 8866
838 10344
838 10630
838 12138
839 6965
839 7194
839 8069
839 9374
839 9914
839 10864
839 12057
840 6723
840 7208
840 8372
840 9273
840 10401
840 10744
840 11794
841 6709
841 7881
841 8486
841 8875
841 10063
841 10644
841 12021
842 6833
842 7598
842 8729
842 9639
842 10125
842 11020
842 12329
843 6624
843 7141
843 8060
843 9366
843 10432
843 11025
843 12342
844 6796
844 7919
844 8530
844 9389
844 9991
844 11062
844 11990
845 6605
845 7844
845 8441
845 8857
845 10618
845 11111
845 12303
846 6270
846 7840
846 8522
846 9345
846 10351
846 11408
846 11598
847 6491
847 7304
847 8040
847 8934
847 9874
847 11225
847 12373
848 6742
848 7366
848 8023
848 9709
848 10071
848 10762
848 12179
849 7072
849 7251
849 8118
849 9573
849 10453
849 11319
849 11805
850 6215
850 7354
850 8202
850 9211
850 9826
850 10781
850 12041
851 6679
851 7692
851 8520
851 9369
851 10129
851 10898
851 12035
852 6235
852 7533
852 8235
852 9378
852 9994
852 11168
852 11695
853 6395
853 7960
853 8030
853 9257
853 10522
853 10676
853 12307
854 6224
854 7662
854 7980
854 9693
854 9850
854 11299
854 11898
855 6316
855 7316
855 8514
855 9094
855 10051
855 10686
855 11885
856 6493
856 7920
856 8183
856 9380
856 10097
856 10707
856 11880
857 6948
857 7605
857 8226
857 9151
857 9859
857 11469
857 11658
858 6333
858 7887
858 8832
858 9045
858 9855
858 11167
858 12273
859 6292
859 7926
859 8348
859 9644
859 10226
859 11063
859 11545
860 6985
860 7243
860 8546
860 8981
860 10188
860 10740
860 11733
861 6298
861 7108
861 8743
861 9419
861 10016
861 11419
861 11675
862 6906
862 7177
862 8737
862 9513
862 9781
862 11287
862 11845
863 7016
863 7359
863 8479
863 9102
863 10303
863 11352
863 11722
864 6680
864 7435
864 8764
864 9184
864 9888
864 11403
864 11725
865 6725
865 7228
865 8127
865 9235
865 10182
865 10961
865 11835
866 6331
866 7398
866 8124
866 9702
866 10331
866 10705
866 12337
867 6317
867 7178
867 8345
867 9338
867 10186
867 10626
867 12233
868 6516
868 7201
868 8250
868 9086
868 9852
868 10877
868 11942
869 7040
869 7583
869 8267
869 9628
869 9953
869 10632
869 11987
870 6223
870 7734
870 8353
870 9110
870 10514
870 11001
870 11903
871 6719
871 7925
871 8245
871 9201
871 9947
871 10662
871 12283
872 6373
872 7527
872 8438
872 9566
872 9794
872 10775
872 11555
873 6243
873 7700
873 8685
873 9068
873 10503
873 10891
873 11712
874 6819
874 7657
874 8005
874 9604
874 9977
874 11282
874 12325
875 6769
875 7604
875 8753
875 9426
875 10268
875 10723
875 11893
876 6662
876 7803
876 8088
876 9720
876 9851
876 10725
876 12134
877 6342
877 7148
877 8593
877 9127
877 10576
877 10733
877 11932
878 6480
878 7173
878 8489
878 9147
878 10049
878 11380
878 11721
879 6972
879 7847
879 8214
879 8960
879 10132
879 11199
879 12158
880 6260
880 7094
880 8823
880 9280
880 9817
880 11064
880 12166
881 6815
881 7124
881 8195
881 9356
881 10400
881 10852
881 11829
882 6529
882 7668
882 8381
882 8900
882 10617
882 11272
882 11748
883 6623
883 7445
883 8173
883 9185
883 10284
883 10970
883 12252
884 7057
884 7964
884 8137
884 9014
884 10115
884 11312
884 11746
885 6646
885 7884
885 8383
885 9592
885 10286
885 11059
885 12326
