3 3 
806 806 
8 8 
1 780
1 1266
1 2180
1 2767
1 3360
1 4492
1 5511
1 6045
2 507
2 1387
2 2159
2 2765
2 3326
2 4181
2 5584
2 5967
3 16
3 1058
3 1743
3 2795
3 3795
3 4221
3 5353
3 5945
4 542
4 1565
4 2392
4 3097
4 3498
4 4634
4 5202
4 6050
5 763
5 1381
5 1946
5 2469
5 3634
5 4185
5 5479
5 6409
6 689
6 1406
6 2061
6 3170
6 3293
6 4149
6 5318
6 6238
7 518
7 833
7 2299
7 3013
7 3594
7 4214
7 5502
7 6257
8 520
8 1141
8 2085
8 2455
8 3404
8 4510
8 5018
8 5671
9 803
9 1591
9 1824
9 2473
9 3319
9 4173
9 4952
9 6013
10 629
10 1222
10 1726
10 2528
10 3825
10 4216
10 4918
10 5777
11 270
11 1402
11 2306
11 2539
11 3840
11 4179
11 5419
11 5702
12 116
12 976
12 1833
12 2578
12 3880
12 4593
12 5309
12 6371
13 726
13 1161
13 2110
13 3042
13 3781
13 4709
13 5542
13 5924
14 254
14 1264
14 2000
14 2491
14 3851
14 4193
14 5429
14 6053
15 736
15 1389
15 2206
15 2490
15 3632
15 4128
15 5294
15 5801
16 587
16 1378
16 2225
16 2440
16 3417
16 4575
16 5074
16 6127
17 180
17 1070
17 2038
17 2692
17 3269
17 4114
17 5286
17 5796
18 82
18 903
18 1806
18 2687
18 3314
18 4550
18 5035
18 6331
19 121
19 1556
19 2099
19 2437
19 3628
19 4456
19 4856
19 5849
20 161
20 987
20 1787
20 2942
20 4026
20 4310
20 5474
20 6156
21 738
21 1240
21 2054
21 2860
21 3362
21 4481
21 5620
21 5651
22 85
22 1044
22 2334
22 2683
22 3782
22 4603
22 5446
22 5798
23 389
23 1463
23 1669
23 3183
23 3533
23 4085
23 5495
23 5695
24 112
24 1334
24 2009
24 2441
24 3842
24 4263
24 5340
24 5891
25 58
25 1091
25 1809
25 2812
25 3733
25 4469
25 5160
25 6296
26 252
26 980
26 1792
26 2713
26 3895
26 4614
26 4958
26 5792
27 493
27 1080
27 1837
27 2432
27 3977
27 4620
27 5413
27 5981
28 560
28 1558
28 2319
28 3190
28 3436
28 4611
28 5163
28 6094
29 35
29 989
29 2384
29 2822
29 3768
29 4277
29 5443
29 6300
30 802
30 997
30 1635
30 2912
30 3407
30 4517
30 5630
30 5928
31 122
31 1139
31 2297
31 2893
31 3552
31 4217
31 4942
31 6108
32 655
32 1351
32 2152
32 2968
32 3692
32 4197
32 5456
32 6215
33 66
33 1414
33 2382
33 2734
33 3549
33 4248
33 4851
33 6207
34 128
34 1046
34 2015
34 2877
34 3828
34 4426
34 5172
34 5728
35 218
35 1390
35 2275
35 2971
35 3584
35 4770
35 5046
35 6080
36 614
36 984
36 1827
36 2486
36 3709
36 4042
36 5190
36 6134
37 556
37 1052
37 1804
37 2977
37 3587
37 4256
37 5431
37 6360
38 601
38 1187
38 2208
38 3003
38 3678
38 4728
38 4854
38 5984
39 398
39 1019
39 1890
39 3222
39 3478
39 4040
39 5436
39 6148
40 326
40 1526
40 1661
40 2452
40 3876
40 4676
40 5589
40 5708
41 545
41 1447
41 1795
41 3020
41 3770
41 4113
41 4896
41 5960
42 220
42 863
42 1903
42 2945
42 3838
42 4824
42 5122
42 5656
43 443
43 1087
43 1685
43 3146
43 3499
43 4812
43 5415
43 6276
44 7
44 1369
44 2387
44 2557
44 3595
44 4500
44 5384
44 5685
45 770
45 827
45 2145
45 2934
45 3279
45 4442
45 5133
45 5748
46 76
46 1398
46 2006
46 3127
46 3834
46 4244
46 4910
46 6393
47 626
47 1035
47 2366
47 2830
47 3924
47 4283
47 5001
47 6294
48 715
48 1095
48 2064
48 2646
48 3969
48 4361
48 4962
48 6079
49 80
49 1209
49 1811
49 2935
49 3646
49 4462
49 5229
49 6229
50 48
50 1535
50 2355
50 2706
50 3510
50 4694
50 5151
50 6308
51 639
51 1450
51 2323
51 3126
51 3278
51 4054
51 5239
51 6427
52 524
52 840
52 1899
52 2604
52 3760
52 4284
52 5038
52 5673
53 465
53 1302
53 1868
53 3056
53 3645
53 4506
53 5568
53 5815
54 242
54 923
54 1668
54 2653
54 3797
54 4627
54 5330
54 6306
55 118
55 973
55 1799
55 2602
55 3966
55 4739
55 5200
55 5868
56 531
56 917
56 1779
56 2618
56 3896
56 4272
56 4957
56 6348
57 277
57 1479
57 2074
57 2694
57 3238
57 4820
57 5150
57 5650
58 619
58 1314
58 2399
58 2741
58 3982
58 4548
58 5573
58 5864
59 648
59 1057
59 1759
59 2530
59 3866
59 4445
59 5564
59 5842
60 19
60 1216
60 1637
60 3018
60 3395
60 4761
60 5599
60 6011
61 698
61 1495
61 1665
61 2953
61 3409
61 4095
61 4887
61 6336
62 132
62 1440
62 2057
62 2711
62 3575
62 4260
62 5063
62 6157
63 20
63 1517
63 2094
63 2790
63 3712
63 4666
63 5347
63 5745
64 178
64 846
64 2080
64 2427
64 3351
64 4210
64 5275
64 5721
65 683
65 1575
65 1663
65 3083
65 3611
65 4541
65 5509
65 6084
66 359
66 844
66 2144
66 3178
66 3281
66 4076
66 5050
66 6255
67 497
67 965
67 2219
67 2645
67 3807
67 4585
67 5047
67 6205
68 93
68 1116
68 2247
68 3109
68 3810
68 4594
68 5382
68 5697
69 764
69 1356
69 2199
69 2718
69 3792
69 4486
69 5197
69 6248
70 310
70 944
70 2167
70 2420
70 3571
70 4507
70 5552
70 6086
71 751
71 1485
71 2357
71 2702
71 3569
71 4252
71 5517
71 5969
72 400
72 1043
72 1732
72 2527
72 3458
72 4722
72 5592
72 6072
73 250
73 1160
73 1853
73 2910
73 3529
73 4457
73 5029
73 6394
74 485
74 1147
74 2113
74 2806
74 3410
74 4269
74 5571
74 5848
75 83
75 937
75 1686
75 2461
75 3729
75 4529
75 5499
75 6155
76 690
76 1033
76 2205
76 3128
76 3943
76 4505
76 5036
76 5700
77 291
77 1109
77 2002
77 3181
77 3936
77 4250
77 4855
77 6213
78 441
78 1609
78 1935
78 2870
78 3261
78 4343
78 5306
78 5719
79 74
79 1074
79 2114
79 3095
79 3371
79 4440
79 5179
79 5741
80 312
80 1599
80 1957
80 3053
80 3789
80 4493
80 5591
80 6169
81 370
81 1337
81 2254
81 2445
81 3608
81 4579
81 5136
81 6280
82 107
82 1375
82 1634
82 2443
82 3593
82 4339
82 5084
82 5724
83 95
83 1368
83 2078
83 2518
83 3775
83 4273
83 4892
83 5832
84 607
84 968
84 1630
84 3195
84 3744
84 4503
84 5114
84 6162
85 442
85 1519
85 2089
85 2459
85 3961
85 4083
85 5218
85 6114
86 172
86 1366
86 2329
86 3132
86 3241
86 4257
86 5572
86 5833
87 459
87 1503
87 1712
87 3156
87 3993
87 4346
87 5118
87 6024
88 153
88 1578
88 2143
88 3115
88 3290
88 4767
88 5522
88 6146
89 72
89 1323
89 1625
89 2595
89 3687
89 4336
89 5524
89 6188
90 625
90 1112
90 2168
90 3004
90 3818
90 4467
90 5628
90 6325
91 181
91 1196
91 1744
91 2833
91 3505
91 4245
91 5346
91 6040
92 424
92 931
92 1758
92 2731
92 3298
92 4405
92 5324
92 6363
93 575
93 1511
93 2303
93 2844
93 3442
93 4584
93 5507
93 6279
94 724
94 1583
94 2147
94 2667
94 3971
94 4439
94 5402
94 6182
95 644
95 1285
95 1764
95 2599
95 3662
95 4682
95 4984
95 6123
96 458
96 1224
96 2095
96 3023
96 3415
96 4556
96 5531
96 6418
97 117
97 904
97 1984
97 2933
97 3663
97 4691
97 4956
97 6203
98 577
98 1340
98 2154
98 2561
98 3636
98 4618
98 5360
98 6251
99 143
99 1230
99 2317
99 3000
99 3599
99 4373
99 5167
99 6446
100 100
100 1269
100 1928
100 2494
100 3556
100 4830
100 5326
100 5758
101 637
101 861
101 1835
101 2707
101 3874
101 4058
101 5045
101 5870
102 33
102 1180
102 1898
102 2796
102 3589
102 4615
102 5066
102 6139
103 217
103 1079
103 2244
103 3207
103 3660
103 4227
103 5374
103 5893
104 757
104 1002
104 1719
104 2423
104 3328
104 4389
104 5287
104 5959
105 512
105 1071
105 2287
105 2890
105 3345
105 4530
105 5232
105 5827
106 728
106 1084
106 2358
106 3094
106 3582
106 4637
106 5553
106 6359
107 344
107 909
107 1919
107 2777
107 3831
107 4721
107 5177
107 6399
108 769
108 872
108 2226
108 2594
108 4021
108 4429
108 5536
108 5907
109 293
109 1099
109 2073
109 3066
109 3542
109 4191
109 5164
109 5759
110 114
110 1102
110 1826
110 2884
110 3440
110 4137
110 4960
110 6445
111 212
111 1545
111 2326
111 2563
111 3562
111 4436
111 5345
111 6350
112 329
112 1474
112 2291
112 3022
112 3705
112 4170
112 5257
112 5770
113 265
113 1008
113 1788
113 2487
113 3492
113 4680
113 5137
113 6068
114 274
114 1529
114 2398
114 2835
114 3601
114 4254
114 4897
114 6168
115 375
115 1589
115 1999
115 2866
115 3974
115 4719
115 5356
115 6038
116 725
116 1017
116 2266
116 3050
116 3426
116 4495
116 5560
116 6174
117 204
117 885
117 1734
117 2709
117 3707
117 4831
117 4917
117 5888
118 528
118 957
118 2263
118 2855
118 3668
118 4509
118 5255
118 6288
119 437
119 1367
119 1981
119 3002
119 3366
119 4239
119 5030
119 5917
120 346
120 919
120 2111
120 3168
120 3845
120 4730
120 5541
120 6256
121 708
121 1490
121 2067
121 2880
121 3713
121 4583
121 4935
121 6076
122 634
122 1383
122 2162
122 2447
122 3340
122 4554
122 5240
122 6088
123 320
123 1138
123 1922
123 3015
123 3283
123 4443
123 5405
123 5954
124 448
124 924
124 2200
124 2962
124 3541
124 4341
124 4932
124 6340
125 351
125 1255
125 2195
125 3073
125 3517
125 4039
125 4987
125 6378
126 487
126 1150
126 2310
126 2744
126 3334
126 4152
126 5307
126 6297
127 456
127 1462
127 1636
127 2972
127 3703
127 4744
127 5612
127 6424
128 330
128 1169
128 1717
128 3139
128 3740
128 4660
128 5268
128 6211
129 804
129 1142
129 2378
129 2967
129 3539
129 4474
129 5480
129 5906
130 656
130 1030
130 1690
130 2424
130 3701
130 4483
130 5098
130 5955
131 327
131 1448
131 1715
131 2571
131 3437
131 4327
131 5054
131 6095
132 71
132 879
132 1723
132 2626
132 3785
132 4093
132 4997
132 5866
133 46
133 868
133 1861
133 3021
133 4011
133 4312
133 5079
133 6281
134 632
134 1275
134 2086
134 3031
134 3853
134 4130
134 5058
134 6315
135 367
135 1329
135 1974
135 3099
135 3227
135 4218
135 5241
135 6391
136 335
136 1056
136 1828
136 2797
136 3329
136 4488
136 4964
136 6338
137 525
137 1307
137 1766
137 2463
137 3739
137 4783
137 5103
137 5684
138 564
138 1344
138 1662
138 2864
138 3389
138 4109
138 5316
138 6438
139 599
139 1319
139 2363
139 3049
139 3256
139 4071
139 5621
139 6052
140 594
140 1034
140 1956
140 3048
140 3335
140 4707
140 5155
140 5830
141 794
141 867
141 2150
141 3005
141 3350
141 4148
141 5482
141 6065
142 413
142 888
142 2337
142 3019
142 3356
142 4489
142 4949
142 5858
143 586
143 1518
143 1851
143 2669
143 3791
143 4798
143 5400
143 6408
144 51
144 1564
144 1616
144 2781
144 3311
144 4313
144 5640
144 5923
145 369
145 1053
145 2129
145 2801
145 3398
145 4804
145 5258
145 5829
146 232
146 862
146 2300
146 2803
146 3274
146 4223
146 5604
146 5772
147 623
147 1505
147 1682
147 2462
147 3296
147 4501
147 4840
147 6154
148 781
148 1015
148 2020
148 2525
148 3823
148 4035
148 5226
148 5991
149 184
149 1305
149 2388
149 3137
149 3837
149 4789
149 5217
149 5952
150 401
150 1101
150 2151
150 2807
150 3766
150 4351
150 5549
150 6374
151 321
151 898
151 1709
151 2970
151 3700
151 4515
151 5513
151 5993
152 667
152 1185
152 1960
152 2894
152 3723
152 4107
152 5369
152 6110
153 687
153 1372
153 1989
153 3030
153 4022
153 4672
153 4991
153 6448
154 54
154 1373
154 2278
154 2519
154 3957
154 4551
154 5053
154 6112
155 774
155 1354
155 1746
155 2742
155 3953
155 4070
155 5486
155 5778
156 337
156 1397
156 1632
156 2896
156 3861
156 4317
156 5451
156 6312
157 534
157 828
157 2217
157 2465
157 3260
157 4176
157 5615
157 5948
158 515
158 1072
158 1751
158 3173
158 3574
158 4806
158 4967
158 6075
159 315
159 1241
159 2207
159 2911
159 3758
159 4073
159 5085
159 6003
160 387
160 1457
160 2349
160 2556
160 3315
160 4203
160 5606
160 6021
161 605
161 1582
161 2250
161 2429
161 3951
161 4741
161 5523
161 6357
162 422
162 940
162 2335
162 2699
162 3647
162 4168
162 5368
162 5658
163 111
163 1104
163 1763
163 2460
163 3416
163 4771
163 5005
163 5865
164 298
164 1610
164 1831
164 3209
164 3475
164 4404
164 4870
164 6009
165 617
165 1301
165 2271
165 2810
165 3918
165 4359
165 5561
165 5712
166 175
166 979
166 1902
166 2898
166 3839
166 4379
166 5461
166 5771
167 696
167 969
167 2295
167 3025
167 3815
167 4300
167 5113
167 6149
168 372
168 1042
168 1942
168 2695
168 3546
168 4400
168 5363
168 6275
169 14
169 1527
169 1627
169 2608
169 3365
169 4659
169 5271
169 5752
170 501
170 1489
170 2211
170 2433
170 3258
170 4718
170 4879
170 5824
171 678
171 990
171 2223
171 2854
171 3862
171 4110
171 4867
171 5841
172 563
172 956
172 1672
172 3215
172 3997
172 4418
172 5051
172 6206
173 63
173 1200
173 2027
173 3070
173 3336
173 4335
173 5537
173 6007
174 206
174 936
174 1793
174 3121
174 3272
174 4104
174 5119
174 5790
175 404
175 849
175 2231
175 2786
175 3515
175 4297
175 5452
175 6222
176 30
176 1426
176 2083
176 2927
176 3273
176 4777
176 5006
176 6334
177 211
177 1493
177 1910
177 2716
177 3489
177 4498
177 5010
177 5990
178 17
178 1464
178 1878
178 3008
178 3310
178 4061
178 5234
178 5659
179 797
179 921
179 1773
179 2551
179 3378
179 4758
179 5320
179 6283
180 452
180 1292
180 1976
180 2909
180 3333
180 4129
180 5170
180 5932
181 716
181 870
181 2188
181 2913
181 3473
181 4194
181 4968
181 5986
182 477
182 1454
182 2079
182 2606
182 3685
182 4568
182 4913
182 6212
183 151
183 1183
183 2301
183 2647
183 3429
183 4592
183 4890
183 5941
184 543
184 1608
184 2187
184 2635
184 3751
184 4077
184 5289
184 5847
185 406
185 1386
185 1674
185 3175
185 3779
185 4577
185 5598
185 6396
186 209
186 1276
186 1714
186 2651
186 3259
186 4265
186 5158
186 6158
187 403
187 1541
187 1901
187 3203
187 3627
187 4632
187 4847
187 6319
188 416
188 966
188 1897
188 3068
188 3863
188 4514
188 4877
188 6345
189 650
189 1497
189 1658
189 2853
189 3302
189 4725
189 5293
189 6111
190 706
190 1409
190 2084
190 2708
190 3391
190 4064
190 4934
190 6131
191 473
191 932
191 2345
191 2842
191 3439
191 4764
191 5362
191 6313
192 668
192 1481
192 2304
192 2685
192 3537
192 4301
192 5623
192 5885
193 241
193 1572
193 1858
193 2686
193 3619
193 4652
193 5008
193 6192
194 113
194 1179
194 1745
194 2817
194 3411
194 4478
194 5171
194 5883
195 203
195 873
195 1949
195 2941
195 3519
195 4643
195 5139
195 5753
196 612
196 1064
196 1908
196 2515
196 3483
196 4711
196 5097
196 6194
197 541
197 1436
197 1996
197 3108
197 3554
197 4209
197 4970
197 6377
198 519
198 1294
198 2176
198 2990
198 3784
198 4558
198 5134
198 6200
199 275
199 949
199 1994
199 2451
199 3979
199 4779
199 5304
199 6000
200 56
200 1077
200 1643
200 2726
200 3995
200 4617
200 5308
200 6252
201 778
201 952
201 2133
201 3065
201 3555
201 4347
201 4933
201 6036
202 318
202 946
202 2281
202 2852
202 3252
202 4525
202 5283
202 5666
203 356
203 1343
203 1852
203 2857
203 3277
203 4607
203 5135
203 6320
204 62
204 1182
204 2338
204 3104
204 3248
204 4395
204 5012
204 5895
205 559
205 1229
205 1692
205 3054
205 3251
205 4345
205 4947
205 5705
206 510
206 1164
206 1938
206 2824
206 3388
206 4635
206 4939
206 5897
207 216
207 1523
207 2264
207 2582
207 3734
207 4414
207 4914
207 6335
208 514
208 1259
208 1948
208 3177
208 3246
208 4524
208 5432
208 6339
209 9
209 1217
209 2315
209 2950
209 3761
209 4661
209 5484
209 6298
210 125
210 1456
210 2240
210 2868
210 3756
210 4060
210 5576
210 5723
211 67
211 913
211 2350
211 2878
211 3787
211 4309
211 5013
211 6116
212 604
212 1175
212 1728
212 3062
212 3545
212 4234
212 5519
212 5983
213 590
213 1346
213 1859
213 2542
213 3641
213 4817
213 5635
213 6447
214 226
214 1371
214 1997
214 2609
214 3312
214 4447
214 5043
214 5953
215 658
215 1473
215 2052
215 2999
215 3230
215 4253
215 5201
215 6219
216 139
216 1363
216 1696
216 3166
216 3696
216 4756
216 5057
216 5867
217 88
217 1600
217 1642
217 2725
217 3869
217 4033
217 5267
217 6057
218 360
218 1140
218 2026
218 2654
218 3786
218 4092
218 5622
218 5722
219 223
219 839
219 1889
219 2554
219 3773
219 4100
219 4966
219 5942
220 205
220 1273
220 2081
220 2641
220 3906
220 4306
220 5313
220 6263
221 402
221 1108
221 1680
221 2889
221 3535
221 4518
221 5298
221 5871
222 427
222 1510
222 2169
222 3180
222 3677
222 4285
222 5111
222 6077
223 338
223 890
223 1729
223 3189
223 3975
223 4717
223 4906
223 6434
224 294
224 1159
224 2327
224 2849
224 3318
224 4326
224 5260
224 6118
225 679
225 1431
225 1920
225 2691
225 3841
225 4291
225 5187
225 6133
226 405
226 1205
226 1700
226 2917
226 3801
226 4667
226 4915
226 5902
227 379
227 1551
227 1855
227 2512
227 3987
227 4381
227 5501
227 5782
228 269
228 886
228 1982
228 3199
228 3878
228 4645
228 5100
228 6265
229 3
229 1570
229 1914
229 2603
229 3372
229 4511
229 5193
229 5882
230 307
230 902
230 2368
230 3172
230 3267
230 4357
230 5332
230 6379
231 256
231 1198
231 2197
231 2493
231 3265
231 4734
231 5141
231 6240
232 168
232 1135
232 1931
232 2623
232 3304
232 4480
232 4876
232 6180
233 169
233 1590
233 2311
233 2939
233 3419
233 4604
233 5397
233 5977
234 115
234 884
234 2298
234 2663
234 3814
234 4638
234 4924
234 5860
235 259
235 1342
235 2198
235 3029
235 3887
235 4155
235 4904
235 5905
236 522
236 1304
236 2070
236 2536
236 3560
236 4805
236 5211
236 6033
237 155
237 977
237 2308
237 2756
237 3325
237 4157
237 5186
237 5794
238 109
238 815
238 2090
238 2751
238 3390
238 4371
238 5562
238 6210
239 240
239 971
239 2270
239 2454
239 3898
239 4699
239 5543
239 5715
240 164
240 1392
240 1664
240 2444
240 3370
240 4081
240 5454
240 6237
241 699
241 1132
241 2332
241 2434
241 3973
241 4746
241 5092
241 6322
242 149
242 1331
242 2359
242 2670
242 3494
242 4125
242 4937
242 6049
243 472
243 1234
243 2204
243 3174
243 3282
243 4105
243 5159
243 5821
244 18
244 819
244 2125
244 2507
244 3714
244 4566
244 5221
244 5845
245 163
245 1065
245 2353
245 2546
245 3947
245 4290
245 5199
245 5669
246 755
246 1421
246 2348
246 3143
246 3425
246 4807
246 5578
246 6023
247 104
247 922
247 1755
247 2875
247 3885
247 4308
247 5180
247 5680
248 574
248 842
248 2051
248 2958
248 3948
248 4463
248 5194
248 5716
249 692
249 1253
249 2238
249 3028
249 3883
249 4714
249 5633
249 6289
250 12
250 1501
250 2164
250 3037
250 3651
250 4287
250 4977
250 5756
251 790
251 1066
251 2259
251 3150
251 3244
251 4624
251 4948
251 5727
252 394
252 1260
252 1681
252 2918
252 3832
252 4349
252 5510
252 5921
253 611
253 1123
253 2360
253 2926
253 3558
253 4031
253 4998
253 6104
254 610
254 1443
254 2149
254 2948
254 3339
254 4399
254 4871
254 6295
255 795
255 852
255 1801
255 2696
255 3568
255 4230
255 5143
255 6430
256 28
256 1370
256 1628
256 2921
256 3457
256 4224
256 5124
256 6372
257 322
257 1120
257 1776
257 3035
257 3996
257 4249
257 5285
257 6341
258 425
258 1014
258 1932
258 2992
258 3373
258 4444
258 5583
258 6318
259 439
259 1533
259 2404
259 2925
259 3463
259 4573
259 4959
259 6006
260 299
260 1538
260 2412
260 3032
260 3978
260 4762
260 5455
260 5652
261 436
261 907
261 2381
261 3145
261 3280
261 4502
261 5548
261 5947
262 444
262 1228
262 1967
262 3096
262 3367
262 4334
262 5280
262 5809
263 159
263 1567
263 2179
263 3026
263 3507
263 4557
263 5296
263 5785
264 426
264 1262
264 1829
264 3193
264 3449
264 4688
264 4945
264 5987
265 364
265 1455
265 2403
265 2892
265 3644
265 4120
265 5595
265 6082
266 257
266 1420
266 1653
266 2567
266 3732
266 4773
266 5182
266 6344
267 133
267 1050
267 2230
267 2769
267 3405
267 4555
267 5557
267 5904
268 292
268 942
268 2023
268 2543
268 3363
268 4186
268 4853
268 5968
269 733
269 1400
269 2371
269 2588
269 3476
269 4466
269 5055
269 6183
270 69
270 1171
270 1838
270 2885
270 3474
270 4465
270 5641
270 5677
271 584
271 834
271 1959
271 2975
271 3547
271 4103
271 5597
271 5750
272 392
272 1380
272 2119
272 3058
272 3753
272 4342
272 5546
272 6412
273 620
273 1607
273 1798
273 2613
273 3528
273 4356
273 5185
273 6051
274 272
274 915
274 1874
274 2575
274 3237
274 4348
274 5493
274 5774
275 70
275 1157
275 1867
275 2732
275 3551
275 4337
275 5504
275 5825
276 646
276 1113
276 2284
276 2724
276 3385
276 4582
276 5032
276 6286
277 686
277 1145
277 1760
277 3045
277 3596
277 4601
277 4931
277 5734
278 562
278 1184
278 2102
278 2872
278 3881
278 4543
278 5000
278 5887
279 571
279 1324
279 1775
279 3144
279 3580
279 4561
279 4857
279 6355
280 325
280 1190
280 1802
280 3043
280 3588
280 4235
280 5487
280 5973
281 283
281 1475
281 2395
281 3039
281 3401
281 4708
281 5506
281 5971
282 511
282 1403
282 2406
282 2798
282 3991
282 4055
282 5556
282 6059
283 705
283 1482
283 2347
283 2821
283 4014
283 4496
283 5075
283 5898
284 713
284 1306
284 2127
284 3118
284 4024
284 4533
284 5265
284 6356
285 129
285 1478
285 1823
285 2901
285 3652
285 4228
285 5042
285 6100
286 734
286 831
286 2063
286 3163
286 4027
286 4596
286 5259
286 6395
287 597
287 1429
287 2060
287 3107
287 3747
287 4402
287 5082
287 5704
288 681
288 953
288 2062
288 2998
288 3919
288 4382
288 5252
288 6135
289 237
289 1047
289 2055
289 2943
289 3637
289 4572
289 4849
289 5687
290 229
290 1299
290 2391
290 3012
290 3716
290 4378
290 5009
290 5843
291 81
291 1531
291 2191
291 3082
291 3322
291 4047
291 5101
291 6254
292 765
292 1434
292 2192
292 2457
292 3570
292 4641
292 5422
292 6002
293 419
293 1308
293 1939
293 3134
293 3591
293 4311
293 4837
293 6307
294 245
294 994
294 2124
294 3167
294 3675
294 4532
294 5469
294 6431
295 253
295 1076
295 1951
295 2825
295 3626
295 4315
295 5373
295 5732
296 352
296 1557
296 2005
296 2672
296 3393
296 4636
296 5121
296 6214
297 719
297 1316
297 1701
297 2791
297 3742
297 4279
297 5355
297 6054
298 26
298 1098
298 2088
298 2907
298 3342
298 4639
298 5437
298 6439
299 516
299 1248
299 1615
299 3034
299 3481
299 4282
299 5453
299 5780
300 591
300 1573
300 2352
300 3194
300 3452
300 4233
300 5477
300 5914
301 396
301 1430
301 2137
301 2579
301 3950
301 4352
301 5227
301 6443
302 225
302 1203
302 2163
302 3091
302 3605
302 4116
302 5216
302 6236
303 140
303 1327
303 2209
303 2580
303 3633
303 4159
303 5123
303 6388
304 110
304 1347
304 2224
304 2474
304 3392
304 4124
304 5086
304 5799
305 234
305 945
305 2116
305 3089
305 3462
305 4420
305 5238
305 6201
306 582
306 1031
306 2037
306 2745
306 3917
306 4117
306 5041
306 5691
307 462
307 1388
307 2016
307 2753
307 3941
307 4655
307 5333
307 5806
308 238
308 1227
308 2218
308 3184
308 3994
308 4651
308 5526
308 6429
309 127
309 1552
309 1748
309 2754
309 3255
309 4344
309 5291
309 5943
310 162
310 1193
310 2344
310 2721
310 3777
310 4332
310 5115
310 5854
311 374
311 1438
311 1697
311 2629
311 3444
311 4526
311 5421
311 6163
312 703
312 1225
312 2416
312 2827
312 3659
312 4828
312 5361
312 6321
313 78
313 1459
313 2222
313 2771
313 3949
313 4211
313 5301
313 5797
314 87
314 1415
314 1691
314 3061
314 3886
314 4787
314 5184
314 6221
315 99
315 1189
315 2173
315 2502
315 3933
315 4706
315 5266
315 6366
316 779
316 1300
316 2314
316 2624
316 3263
316 4144
316 5496
316 6171
317 806
317 1270
317 2239
317 2581
317 3661
317 4542
317 5450
317 5857
318 343
318 814
318 1730
318 2419
318 3579
318 4416
318 5165
318 6384
319 498
319 836
319 1911
319 2698
319 3617
319 4602
319 5105
319 6081
320 249
320 1007
320 1980
320 2426
320 3413
320 4802
320 5629
320 5714
321 694
321 1256
321 2383
321 2565
321 3849
321 4703
321 5488
321 5884
322 210
322 1524
322 1790
322 2701
322 3800
322 4763
322 4978
322 5761
323 190
323 1149
323 2118
323 3157
323 3942
323 4485
323 4899
323 6034
324 339
324 1021
324 2097
324 2782
324 3497
324 4131
324 4973
324 5746
325 641
325 1032
325 1973
325 3110
325 3911
325 4654
325 5048
325 6436
326 183
326 1577
326 2043
326 3116
326 3240
326 4653
326 4950
326 6046
327 368
327 1348
327 1841
327 2422
327 3893
327 4681
327 5247
327 6031
328 55
328 1509
328 2025
328 2930
328 3352
328 4479
328 5538
328 6184
329 457
329 1548
329 1930
329 3122
329 3805
329 4581
329 4848
329 5925
330 657
330 1425
330 1884
330 3047
330 3964
330 4038
330 4999
330 6267
331 702
331 1480
331 1673
331 3191
331 3448
331 4243
331 5157
331 6225
332 174
332 1003
332 2032
332 2846
332 3648
332 4126
332 4900
332 6019
333 377
333 1212
333 1713
333 2453
333 3673
333 4156
333 5483
333 6164
334 288
334 1507
334 1704
334 2470
334 3852
334 4383
334 5149
334 6274
335 743
335 1452
335 1803
335 2966
335 3914
335 4145
335 5481
335 5788
336 84
336 1271
336 2105
336 2839
336 3506
336 4174
336 5600
336 5861
337 697
337 880
337 2177
337 2956
337 3577
337 4266
337 5270
337 5876
338 102
338 1060
338 1992
338 2478
338 3516
338 4815
338 5162
338 6092
339 45
339 1048
339 1707
339 2448
339 3836
339 4733
339 5096
339 5720
340 282
340 1206
340 1941
340 2735
340 3689
340 4302
340 4963
340 5818
341 37
341 1011
341 1971
341 2832
341 3524
341 4649
341 4875
341 5936
342 508
342 1506
342 1968
342 2851
342 3959
342 4449
342 5521
342 5859
343 308
343 1453
343 2417
343 2529
343 3402
343 4544
343 4925
343 5703
344 730
344 1345
344 2380
344 2664
344 3780
344 4801
344 5569
344 6091
345 555
345 1010
345 1869
345 2831
345 3441
345 4453
345 5020
345 6310
346 454
346 1520
346 2092
346 2882
346 3927
346 4754
346 4842
346 5930
347 663
347 1477
347 2007
347 3206
347 3324
347 4202
347 5317
347 6261
348 549
348 1385
348 1926
348 3188
348 3657
348 4748
348 5508
348 6161
349 460
349 950
349 1842
349 2562
349 3576
349 4084
349 5467
349 6124
350 328
350 830
350 1857
350 2625
350 3406
350 4823
350 5039
350 6012
351 157
351 1059
351 2274
351 2752
351 3826
351 4834
351 5596
351 5901
352 39
352 1439
352 2076
352 2873
352 3653
352 4062
352 5337
352 6282
353 784
353 1152
353 1815
353 2836
353 4008
353 4608
353 5577
353 6420
354 361
354 1029
354 1644
354 2574
354 3486
354 4267
354 5065
354 5975
355 158
355 1208
355 1863
355 3087
355 3231
355 4079
355 5049
355 5688
356 236
356 1094
356 1917
356 2799
356 3375
356 4609
356 4929
356 5836
357 670
357 807
357 2106
357 2964
357 3763
357 4135
357 5102
357 5649
358 357
358 958
358 1667
358 2521
358 3262
358 4136
358 5329
358 6220
359 59
359 999
359 2356
359 2482
359 3672
359 4778
359 5292
359 5844
360 746
360 1040
360 2013
360 2533
360 3738
360 4696
360 5014
360 5675
361 660
361 1465
361 2214
361 2532
361 3985
361 4600
361 5016
361 6432
362 173
362 1163
362 2135
362 2936
362 3926
362 4512
362 4859
362 5645
363 333
363 1597
363 2413
363 2676
363 3470
363 4304
363 5174
363 6061
364 91
364 951
364 2134
364 2805
364 3769
364 4684
364 5588
364 6022
365 258
365 1226
365 1652
365 2760
365 3699
365 4591
365 5335
365 6140
366 799
366 1283
366 1915
366 2630
366 3287
366 4074
366 5130
366 6103
367 593
367 1549
367 1945
367 3105
367 3504
367 4374
367 4965
367 5837
368 635
368 1090
368 1970
368 2738
368 3774
368 4151
368 4975
368 5689
369 53
369 1284
369 2031
369 3119
369 3548
369 4355
369 5554
369 5783
370 384
370 1365
370 1735
370 2929
370 3271
370 4268
370 4911
370 5985
371 796
371 910
371 2029
371 2861
371 3970
371 4338
371 5386
371 5874
372 188
372 1417
372 1683
372 2722
372 3306
372 4422
372 5403
372 5889
373 304
373 1413
373 2120
373 2500
373 3443
373 4183
373 5532
373 6151
374 342
374 1559
374 2036
374 2593
374 3871
374 4829
374 4861
374 5826
375 29
375 810
375 2386
375 2717
375 3438
375 4354
375 5447
375 6113
376 420
376 908
376 2367
376 2690
376 3765
376 4397
376 5146
376 6347
377 517
377 1408
377 2265
377 2779
377 3501
377 4827
377 4988
377 6085
378 50
378 1405
378 1964
378 2766
378 3482
378 4099
378 5169
378 5807
379 739
379 892
379 2213
379 2761
379 3353
379 4441
379 5417
379 5862
380 302
380 1119
380 1848
380 2476
380 3606
380 4331
380 5391
380 6271
381 693
381 974
381 1676
381 2505
381 3931
381 4158
381 5372
381 5926
382 695
382 1103
382 1660
382 2841
382 3930
382 4433
382 5445
382 5939
383 449
383 1428
383 1927
383 2615
383 3835
383 4360
383 5060
383 5754
384 538
384 1246
384 1671
384 2446
384 3447
384 4048
384 5533
384 6130
385 737
385 1335
385 1722
385 2605
385 3480
385 4184
385 5365
385 5988
386 373
386 837
386 2158
386 2931
386 3710
386 4451
386 5582
386 6413
387 478
387 1290
387 2369
387 2642
387 3624
387 4138
387 5608
387 6421
388 410
388 1399
388 1703
388 3224
388 3399
388 4365
388 5494
388 6190
389 6
389 1338
389 2241
389 2710
389 3602
389 4215
389 5378
389 5710
390 677
390 1156
390 1883
390 2638
390 3502
390 4610
390 5593
390 5886
391 348
391 1016
391 1749
391 2436
391 3521
391 4737
391 4891
391 5802
392 263
392 1144
392 2276
392 3152
392 3534
392 4522
392 5125
392 5699
393 316
393 1435
393 2305
393 2665
393 3900
393 4671
393 4843
393 6101
394 720
394 935
394 1892
394 2768
394 3892
394 4205
394 5215
394 6416
395 407
395 845
395 2312
395 2547
395 3561
395 4150
395 4981
395 6193
396 466
396 1238
396 2044
396 3205
396 3939
396 4658
396 5534
396 5856
397 647
397 1195
397 2237
397 2995
397 3559
397 4102
397 5022
397 5812
398 354
398 899
398 1873
398 2915
398 3905
398 4410
398 5627
398 6175
399 622
399 1445
399 2146
399 2520
399 3877
399 4072
399 5011
399 6106
400 414
400 1461
400 1639
400 2979
400 3867
400 4281
400 5575
400 5696
401 547
401 1278
401 2322
401 2548
401 3848
401 4316
401 4866
401 6268
402 490
402 1401
402 1783
402 2818
402 3387
402 4275
402 5401
402 6132
403 141
403 1215
403 2294
403 2516
403 3520
403 4623
403 5357
403 6121
404 461
404 865
404 1988
404 3218
404 3294
404 4043
404 5341
404 6004
405 391
405 1075
405 1651
405 2815
405 3503
405 4403
405 4878
405 5951
406 353
406 1361
406 1886
406 3059
406 3286
406 4162
406 5414
406 5681
407 92
407 1362
407 1633
407 2679
407 3472
407 4642
407 5251
407 5974
408 284
408 826
408 1706
408 2764
408 3368
408 4328
408 5468
408 5976
409 630
409 1502
409 1844
409 2428
409 3513
409 4740
409 5244
409 6048
410 303
410 1168
410 2156
410 3027
410 3965
410 4546
410 5610
410 6272
411 595
411 1151
411 2202
411 2829
411 3445
411 4090
411 5490
411 6001
412 378
412 857
412 1839
412 2621
412 3618
412 4407
412 4894
412 5773
413 193
413 822
413 2196
413 2450
413 3479
413 4415
413 5225
413 5733
414 526
414 1516
414 1965
414 2555
414 3361
414 4408
414 5219
414 6122
415 553
415 859
415 2333
415 2464
415 3857
415 4220
415 5311
415 6401
416 561
416 1268
416 1961
416 3162
416 3846
416 4106
416 4989
416 6197
417 566
417 876
417 1629
417 2442
417 3670
417 4716
417 5277
417 6029
418 798
418 1131
418 1810
418 2558
418 3567
418 4782
418 5505
418 5937
419 777
419 1117
419 2203
419 2468
419 3303
419 4056
419 5206
419 6062
420 215
420 1384
420 1805
420 2888
420 3229
420 4086
420 5128
420 6337
421 446
421 1562
421 1720
421 2932
421 3743
421 4274
421 4996
421 5903
422 306
422 1332
422 1834
422 2792
422 3364
422 4241
422 4990
422 5768
423 782
423 1267
423 1896
423 2678
423 3704
423 4675
423 5449
423 6143
424 300
424 812
424 2122
424 2703
424 3889
424 4118
424 5344
424 6233
425 365
425 1223
425 2017
425 2814
425 4023
425 4127
425 5037
425 5672
426 432
426 1067
426 1687
426 2965
426 3698
426 4037
426 5064
426 6097
427 494
427 1602
427 2342
427 3071
427 3607
427 4251
427 5512
427 6093
428 540
428 835
428 2233
428 2902
428 4028
428 4362
428 5529
428 5813
429 714
429 1433
429 2414
429 3046
429 3572
429 4774
429 5547
429 6305
430 233
430 1595
430 1699
430 2808
430 3858
430 4531
430 4954
430 5927
431 772
431 1005
431 2415
431 2656
431 4006
431 4237
431 4863
431 6032
432 638
432 1555
432 1817
432 3117
432 3934
432 4693
432 5404
432 6311
433 386
433 1023
433 1905
433 3063
433 3430
433 4826
433 4971
433 5767
434 652
434 1407
434 1995
434 2517
434 3459
434 4599
434 5457
434 6096
435 476
435 1382
435 2313
435 2899
435 3299
435 4121
435 5563
435 5950
436 285
436 1416
436 2056
436 3202
436 3604
436 4454
436 5466
436 6226
437 748
437 1492
437 1767
437 2704
437 3963
437 4547
437 4974
437 5890
438 753
438 1012
438 2293
438 2425
438 3916
438 4067
438 5056
438 5873
439 580
439 1126
439 2185
439 2503
439 3682
439 4574
439 5080
439 5869
440 40
440 824
440 2401
440 2700
440 3327
440 4757
440 5278
440 5839
441 431
441 1024
441 2189
441 3135
441 3897
441 4713
441 5406
441 5840
442 154
442 1129
442 1797
442 2755
442 3680
442 4392
442 4903
442 6026
443 710
443 1376
443 1621
443 2481
443 3349
443 4590
443 5498
443 5763
444 214
444 1013
444 1711
444 2940
444 3888
444 4769
444 4946
444 5678
445 224
445 941
445 1750
445 2862
445 3396
445 4697
445 5327
445 5755
446 479
446 1006
446 2109
446 2838
446 3397
446 4726
446 4922
446 6411
447 73
447 1202
447 2107
447 2733
447 3654
447 4370
447 4882
447 6216
448 486
448 1592
448 2346
448 3040
448 3748
448 4051
448 5228
448 6069
449 199
449 1585
449 2182
449 2689
449 3446
449 4598
449 4869
449 6402
450 97
450 985
450 1641
450 2739
450 3679
450 4698
450 5594
450 6343
451 585
451 963
451 2325
451 3069
451 3762
451 4595
451 5328
451 6290
452 468
452 1037
452 1705
452 2712
452 3292
452 4679
452 5027
452 6073
453 278
453 1579
453 2153
453 2906
453 3422
453 4293
453 4893
453 5707
454 745
454 1571
454 2370
454 2715
454 3658
454 4401
454 5205
454 6373
455 135
455 875
455 2139
455 2920
455 3932
455 4386
455 5015
455 5872
456 704
456 1418
456 2243
456 2874
456 3854
456 4669
456 5088
456 6199
457 550
457 930
457 1887
457 2648
457 3348
457 4452
457 5503
457 5786
458 537
458 939
458 1856
458 3138
458 3711
458 4142
458 5284
458 6333
459 649
459 1282
459 2394
459 2749
459 3864
459 4406
459 5044
459 5743
460 723
460 1106
460 1789
460 2750
460 3928
460 4689
460 5408
460 6332
461 64
461 982
461 1880
461 2843
461 3884
461 4132
461 4944
461 5933
462 94
462 1061
462 2330
462 2430
462 3684
462 4133
462 5161
462 5655
463 589
463 1158
463 1757
463 2891
463 3642
463 4163
463 4980
463 6397
464 297
464 1167
464 2272
464 2680
464 4009
464 4082
464 5117
464 5999
465 395
465 809
465 1624
465 2484
465 3357
465 4668
465 5634
465 5831
466 509
466 1244
466 2059
466 3201
466 3922
466 4387
466 5108
466 6328
467 191
467 948
467 1740
467 3151
467 3778
467 4111
467 4926
467 5747
468 467
468 894
468 2035
468 3055
468 3380
468 4096
468 5624
468 5781
469 721
469 1082
469 2140
469 2886
469 3456
469 4832
469 5642
469 6387
470 805
470 1081
470 2117
470 2802
470 4025
470 4692
470 5535
470 6181
471 273
471 1078
471 1678
471 3084
471 3735
471 4069
471 5007
471 6102
472 621
472 847
472 1623
472 2823
472 3750
472 4665
472 4940
472 5779
473 260
473 1566
473 2343
473 2627
473 3509
473 4458
473 5364
473 5850
474 722
474 1049
474 1894
474 2919
474 3233
474 4821
474 5126
474 5668
475 131
475 1155
475 1647
475 2986
475 3962
475 4206
475 4862
475 5900
476 130
476 1310
476 1921
476 3077
476 3986
476 4213
476 5281
476 5647
477 24
477 1543
477 1655
477 2472
477 3275
477 4123
477 5061
477 5879
478 355
478 905
478 1657
478 2513
478 3875
478 4822
478 4928
478 5970
479 760
479 934
479 2292
479 2871
479 3418
479 4052
479 5195
479 5787
480 471
480 1118
480 2045
480 2811
480 3354
480 4236
480 4969
480 6414
481 474
481 912
481 1765
481 2480
481 3270
481 4662
481 5331
481 6398
482 552
482 1111
482 2282
482 2510
482 3937
482 4656
482 4930
482 6170
483 481
483 1191
483 1620
483 2819
483 3236
483 4166
483 5129
483 6326
484 761
484 929
484 1784
484 3033
484 4001
484 4153
484 5442
484 6153
485 363
485 1496
485 2397
485 2583
485 3614
485 4169
485 4868
485 6223
486 227
486 1178
486 2341
486 2564
486 4015
486 4683
486 4865
486 5978
487 90
487 838
487 2288
487 2809
487 3583
487 4041
487 5618
487 5949
488 397
488 1563
488 2194
488 3064
488 3295
488 4743
488 4920
488 6241
489 388
489 1587
489 2160
489 2681
489 3288
489 4504
489 5609
489 5814
490 103
490 1512
490 1985
490 3213
490 3586
490 4768
490 5579
490 5979
491 505
491 1355
491 1845
491 2850
491 3882
491 4425
491 5140
491 6349
492 438
492 1525
492 2248
492 2622
492 3796
492 4097
492 5441
492 5730
493 120
493 1083
493 2181
493 2976
493 3359
493 4068
493 5375
493 6227
494 676
494 1330
494 1865
494 3081
494 3923
494 4560
494 5545
494 5810
495 31
495 1593
495 2365
495 2611
495 3424
495 4745
495 5530
495 6232
496 633
496 856
496 1936
496 2458
496 3907
496 4430
496 5319
496 6364
497 579
497 883
497 2065
497 3217
497 3990
497 4720
497 5348
497 6195
498 776
498 1514
498 1741
498 2572
498 3538
498 4380
498 5614
498 6406
499 194
499 1419
499 2402
499 2993
499 3856
499 4435
499 5516
499 6404
500 57
500 1293
500 2112
500 2826
500 3487
500 4303
500 5269
500 5643
501 213
501 1424
501 1866
501 2985
501 3803
501 4545
501 5264
501 6141
502 527
502 1296
502 1979
502 2617
502 3630
502 4646
502 4874
502 6016
503 572
503 1484
503 2082
503 2483
503 3908
503 4484
503 4961
503 5653
504 170
504 959
504 2138
504 2772
504 3833
504 4431
504 5551
504 6120
505 221
505 1219
505 1821
505 2783
505 3493
505 4200
505 5444
505 6087
506 408
506 947
506 1654
506 2729
506 3451
506 4320
506 4884
506 6277
507 455
507 943
507 1762
507 2569
507 3691
507 4385
507 4850
507 6400
508 618
508 1441
508 1969
508 2590
508 3721
508 4262
508 5288
508 5731
509 185
509 1603
509 1770
509 2504
509 3984
509 4791
509 5435
509 5944
510 266
510 1534
510 2411
510 2952
510 3722
510 4521
510 5515
510 6353
511 602
511 1553
511 2048
511 2541
511 3525
511 4766
511 5617
511 5674
512 758
512 981
512 1778
512 2949
512 3843
512 4482
512 5262
512 6066
513 207
513 1250
513 2050
513 2658
513 3638
513 4724
513 4979
513 5822
514 767
514 967
514 2286
514 2570
514 3688
514 4119
514 5156
514 6117
515 671
515 918
515 1909
515 2746
515 3772
515 4735
515 5440
515 6177
516 264
516 1550
516 2201
516 2848
516 3242
516 4180
516 5438
516 5834
517 523
517 1221
517 2362
517 2763
517 3759
517 4523
517 5492
517 5835
518 429
518 1483
518 2053
518 2479
518 3725
518 4428
518 5342
518 6423
519 235
519 1199
519 1733
519 2498
519 3450
519 4140
519 5067
519 6314
520 428
520 821
520 2101
520 3176
520 3817
520 4613
520 5263
520 6352
521 533
521 978
521 1677
521 2666
521 3635
521 4141
521 5279
521 6403
522 68
522 996
522 1739
522 3141
522 3573
522 4499
522 4972
522 5646
523 640
523 1469
523 1688
523 3114
523 4004
523 4147
523 5089
523 5698
524 783
524 1561
524 2093
524 2762
524 3764
524 4809
524 5077
524 5800
525 15
525 1020
525 1645
525 3211
525 3420
525 4814
525 4881
525 6165
526 142
526 916
526 1638
526 2610
526 3376
526 4307
526 5388
526 6383
527 41
527 1188
527 2268
527 3214
527 3631
527 4534
527 5489
527 6316
528 261
528 1499
528 2170
528 3006
528 3868
528 4098
528 5334
528 6428
529 165
529 881
529 2373
529 2531
529 3620
529 4369
529 5473
529 6367
530 101
530 1598
530 2019
530 2589
530 3676
530 4318
530 5581
530 5823
531 445
531 860
531 2033
531 3051
531 3988
531 4434
531 5314
531 5913
532 680
532 811
532 2058
532 3140
532 3821
532 4314
532 5464
532 6138
533 627
533 1601
533 1777
533 2560
533 3264
533 4587
533 5068
533 6284
534 672
534 1125
534 2216
534 2506
534 3972
534 4700
534 5351
534 6008
535 309
535 1055
535 2302
535 2989
535 3865
535 4576
535 5478
535 6202
536 565
536 854
536 2161
536 2859
536 3813
536 4648
536 5428
536 6273
537 675
537 1254
537 1708
537 2714
537 3467
537 4391
537 4923
537 5686
538 645
538 961
538 2123
538 2659
538 3226
538 4476
538 5394
538 5962
539 200
539 850
539 2296
539 3216
539 3718
539 4112
539 5272
539 6142
540 79
540 1235
540 1860
540 2632
540 3495
540 4677
540 5315
540 6070
541 491
541 1442
541 1950
541 3161
541 3289
541 4788
541 5220
541 6224
542 25
542 1472
542 1991
542 3208
542 3706
542 4508
542 4880
542 6231
543 469
543 808
543 1876
543 2747
543 3557
543 4182
543 5392
543 5729
544 156
544 1580
544 1794
544 3212
544 3788
544 4742
544 5095
544 6243
545 785
545 1287
545 2096
545 2916
545 3793
545 4686
545 5300
545 5701
546 301
546 1359
546 2049
546 2662
546 3488
546 4238
546 5290
546 6442
547 717
547 1009
547 2318
547 2634
547 3824
547 4808
547 5099
547 5909
548 709
548 1391
548 1736
548 2566
548 3820
548 4288
548 5210
548 5663
549 500
549 1027
549 1978
549 2828
549 3268
549 4187
549 5410
549 6291
550 145
550 1242
550 1854
550 3074
550 3847
550 4464
550 5470
550 6422
551 535
551 1107
551 2148
551 3016
551 3980
551 4626
551 4858
551 5811
552 144
552 1594
552 2405
552 2688
552 3377
552 4663
552 5425
552 6098
553 642
553 895
553 2039
553 2727
553 3514
553 4189
553 5396
553 6125
554 786
554 1051
554 1847
554 2489
554 3531
554 4270
554 5069
554 5648
555 10
555 818
555 1916
555 2820
555 3859
555 4388
555 5566
555 5958
556 603
556 1498
556 2175
556 2538
556 3337
556 4712
556 4986
556 6228
557 718
557 855
557 1718
557 2661
557 3331
557 4836
557 4936
557 5994
558 137
558 926
558 2072
558 2834
558 3313
558 4516
558 4985
558 6025
559 49
559 964
559 1904
559 2816
559 3925
559 4494
559 5052
559 6441
560 421
560 1427
560 2258
560 2813
560 3234
560 4570
560 5385
560 6370
561 654
561 1581
561 1613
561 3133
561 3527
561 4394
561 5002
561 5726
562 653
562 1026
562 1977
562 2740
562 3428
562 4565
562 4895
562 5661
563 134
563 1277
563 1825
563 2668
563 3301
563 4375
563 4872
563 6259
564 688
564 1110
564 1774
564 2524
564 3921
564 4044
564 5376
564 6369
565 771
565 882
565 2354
565 3148
565 3609
565 4045
565 5120
565 6217
566 762
566 1423
566 1702
566 2640
566 3592
566 4367
566 5209
566 6055
567 287
567 1487
567 2374
567 2924
567 3225
567 4796
567 5062
567 6245
568 741
568 1218
568 2098
568 2587
568 4000
568 4393
568 5555
568 5769
569 43
569 998
569 2410
569 3014
569 3383
569 4759
569 5418
569 5683
570 665
570 816
570 1990
570 3154
570 3427
570 4539
570 5439
570 6089
571 570
571 1422
571 2014
571 2619
571 3746
571 4222
571 5338
571 6145
572 86
572 1137
572 2069
572 2984
572 3536
572 4723
572 5148
572 6304
573 340
573 1606
573 2018
573 2684
573 3600
573 4280
573 5178
573 6147
574 98
574 851
574 1619
574 2650
574 3257
574 4738
574 5520
574 5863
575 314
575 970
575 2251
575 2449
575 3910
575 4330
575 5299
575 6426
576 548
576 1468
576 1679
576 2804
576 3454
576 4046
576 4983
576 6167
577 4
577 1085
577 1742
577 2955
577 3790
577 4732
577 5393
577 5982
578 567
578 928
578 2262
578 3131
578 3300
578 4294
578 5025
578 6329
579 558
579 1279
579 2236
579 2537
579 3901
579 4473
579 4841
579 6071
580 319
580 1322
580 2190
580 2652
580 3341
580 4559
580 5204
580 6301
581 674
581 1315
581 1955
581 2944
581 3752
581 4784
581 5380
581 6287
582 750
582 1576
582 1786
582 2522
582 3239
582 4050
582 5107
582 5963
583 334
583 1176
583 1649
583 2649
583 3745
583 4259
583 5173
583 5784
584 196
584 1395
584 2128
584 2869
584 3967
584 4178
584 5295
584 6037
585 539
585 1274
585 1782
585 3011
585 3309
585 4785
585 5354
585 5916
586 65
586 1358
586 1998
586 3078
586 3827
586 4066
586 5191
586 5657
587 119
587 1536
587 2040
587 3100
587 3564
587 4298
587 5224
587 6417
588 38
588 901
588 1877
588 3155
588 3613
588 4793
588 5127
588 5915
589 399
589 1194
589 2255
589 3169
589 3523
589 4811
589 4901
589 5911
590 296
590 1286
590 2340
590 2883
590 3912
590 4690
590 5166
590 5803
591 546
591 869
591 1963
591 3111
591 3992
591 4571
591 5145
591 5965
592 613
592 925
592 1843
592 2881
592 3374
592 4412
592 5602
592 5819
593 752
593 864
593 2075
593 2639
593 4005
593 4749
593 5434
593 6152
594 106
594 1317
594 1640
594 2674
594 3276
594 4736
594 5142
594 6173
595 380
595 1211
595 1727
595 2897
595 3526
595 4421
595 4902
595 5692
596 475
596 1197
596 1943
596 3010
596 3767
596 4695
596 5343
596 6185
597 418
597 1261
597 1769
597 2961
597 3247
597 4143
597 5076
597 6074
598 167
598 900
598 2269
598 2495
598 3695
598 4797
598 5395
598 6047
599 536
599 1018
599 2242
599 2466
599 3344
599 4192
599 5198
599 6078
600 61
600 1341
600 1987
600 2655
600 4030
600 4747
600 5243
600 5742
601 530
601 1596
601 1818
601 2730
601 3379
601 4813
601 5476
601 5744
602 148
602 841
602 2132
602 3076
602 3243
602 4563
602 5424
602 5912
603 495
603 975
603 1846
603 3147
603 3484
603 4122
603 4907
603 5922
604 376
604 1243
604 1940
604 2488
604 3496
604 4799
604 4955
604 6018
605 44
605 1554
605 1737
605 2553
605 3855
605 4396
605 5246
605 6292
606 624
606 1162
606 1875
606 3192
606 3754
606 4580
606 5250
606 6126
607 383
607 1542
607 2400
607 2597
607 3553
607 4552
607 5475
607 5966
608 192
608 906
608 2003
608 2770
608 3381
608 4536
608 4860
608 5736
609 331
609 1396
609 1650
609 2592
609 3400
609 4772
609 5256
609 5740
610 138
610 1105
610 2100
610 2988
610 3323
610 4196
610 5212
610 6042
611 267
611 1115
611 2077
611 2876
611 3629
611 4513
611 4886
611 5793
612 499
612 1325
612 2028
612 2996
612 3320
612 4278
612 5518
612 6324
613 409
613 1265
613 2390
613 2540
613 3435
613 4325
613 5544
613 5894
614 747
614 988
614 2418
614 3092
614 3724
614 4657
614 5567
614 5735
615 186
615 993
615 1993
615 3220
615 3232
615 4321
615 5253
615 6285
616 243
616 1353
616 2087
616 2837
616 3806
616 4760
616 4885
616 6317
617 201
617 1449
617 2393
617 2954
617 3253
617 4622
617 5273
617 5938
618 496
618 1038
618 2212
618 2757
618 4019
618 4727
618 5349
618 6299
619 502
619 1000
619 2377
619 2682
619 3870
619 4207
619 5245
619 6270
620 791
620 1446
620 2155
620 2981
620 3755
620 4619
620 5175
620 6030
621 631
621 1252
621 1891
621 2620
621 3432
621 4461
621 5370
621 6365
622 729
622 887
622 2229
622 2991
622 3802
622 4324
622 5611
622 6136
623 152
623 1143
623 1819
623 2720
623 3749
623 4059
623 5083
623 6346
624 489
624 933
624 1893
624 3085
624 3530
624 4161
624 5366
624 6380
625 11
625 1136
625 1836
625 2467
625 3728
625 4366
625 5462
625 5766
626 463
626 1451
626 2210
626 2591
626 3954
626 4605
626 5183
626 5679
627 557
627 1022
627 1756
627 2514
627 3822
627 4034
627 5619
627 5676
628 22
628 1236
628 2091
628 3024
628 3771
628 4538
628 4888
628 6137
629 775
629 825
629 2290
629 2508
629 3913
629 4323
629 4839
629 6105
630 123
630 920
630 2245
630 2858
630 3408
630 4780
630 5017
630 5919
631 669
631 897
631 2130
631 3198
631 3585
631 4358
631 5321
631 6043
632 554
632 1207
632 2001
632 2951
632 3731
632 4625
632 5585
632 6160
633 529
633 972
633 2166
633 2499
633 3343
633 4271
633 5430
633 5880
634 126
634 1303
634 2234
634 3125
634 3468
634 4242
634 5144
634 6058
635 651
635 1412
635 1953
635 2748
635 3981
635 4333
635 5426
635 6020
636 793
636 1352
636 2379
636 2568
636 3783
636 4589
636 5310
636 6358
637 160
637 1321
637 1761
637 2737
637 3369
637 4175
637 5131
637 5964
638 742
638 1127
638 2277
638 3182
638 3245
638 4647
638 5214
638 6376
639 596
639 1612
639 1738
639 3221
639 3623
639 4477
639 4982
639 6209
640 362
640 1404
640 2331
640 2787
640 4016
640 4165
640 5416
640 6368
641 628
641 1100
641 1670
641 2607
641 3720
641 4350
641 5497
641 6010
642 251
642 1001
642 2011
642 2728
642 3757
642 4468
642 5389
642 6260
643 484
643 1349
643 2071
643 2477
643 3317
643 4475
643 5094
643 6044
644 451
644 1491
644 1906
644 3223
644 3414
644 4629
644 5460
644 6303
645 279
645 1201
645 1918
645 2900
645 4018
645 4519
645 5377
645 6278
646 482
646 1313
646 2324
646 2879
646 3622
646 4588
646 5073
646 6351
647 423
647 874
647 2339
647 3160
647 3776
647 4470
647 5071
647 5929
648 684
648 1245
648 2172
648 2497
648 3899
648 4705
648 4951
648 5791
649 189
649 1611
649 1648
649 2550
649 3358
649 4264
649 5072
649 6090
650 483
650 1134
650 1913
650 3098
650 3968
650 4372
650 5138
650 6425
651 198
651 1263
651 2396
651 3165
651 3460
651 4497
651 5398
651 6410
652 21
652 858
652 1975
652 2743
652 3508
652 4164
652 4905
652 6208
653 521
653 1092
653 2068
653 2585
653 3909
653 4674
653 5147
653 6129
654 615
654 1500
654 2364
654 2693
654 3464
654 4177
654 5339
654 5935
655 662
655 954
655 1626
655 3057
655 3321
655 4553
655 5305
655 6005
656 27
656 1560
656 1925
656 2598
656 4017
656 4295
656 5625
656 5828
657 673
657 995
657 2246
657 2633
657 3297
657 4471
657 5207
657 6166
658 247
658 1605
658 1622
658 2616
658 3693
658 4612
658 5303
658 5751
659 504
659 1515
659 2010
659 2573
659 3469
659 4226
659 5040
659 5709
660 740
660 1357
660 2232
660 2643
660 3903
660 4108
660 5237
660 6014
661 385
661 1153
661 1808
661 2471
661 3284
661 4427
661 5601
661 6204
662 150
662 1257
662 1966
662 3060
662 3382
662 4670
662 5176
662 6218
663 222
663 866
663 2260
663 2509
663 3727
663 4053
663 4845
663 5765
664 36
664 1437
664 1879
664 2963
664 3811
664 4446
664 4995
664 6327
665 177
665 896
665 2030
665 3149
665 3665
665 4329
665 5605
665 6361
666 23
666 877
666 1618
666 2856
666 3715
666 4409
666 5242
666 6381
667 682
667 962
667 1864
667 3038
667 3649
667 4353
667 5387
667 5644
668 643
668 1237
668 1689
668 3124
668 3702
668 4527
668 5106
668 5713
669 544
669 1096
669 2249
669 2914
669 3249
669 4752
669 5230
669 5940
670 393
670 1444
670 2142
670 2946
670 3694
670 4701
670 5109
670 5908
671 262
671 1458
671 2320
671 2612
671 3935
671 4450
671 5558
671 6262
672 609
672 1086
672 2047
672 2960
672 3799
672 4786
672 5276
672 5855
673 506
673 1073
673 2108
673 2800
673 3730
673 4710
673 4927
673 5762
674 744
674 1291
674 1747
674 2523
674 3804
674 4032
674 5181
674 6178
675 2
675 843
675 2178
675 3007
675 3983
675 4065
675 5458
675 6390
676 707
676 1297
676 1881
676 3112
676 3228
676 4628
676 4912
676 6264
677 592
677 991
677 1666
677 3001
677 3421
677 4794
677 5358
677 6419
678 77
678 1121
678 1724
678 2475
678 3434
678 4363
678 4919
678 6440
679 417
679 1460
679 2141
679 3113
679 3850
679 4289
679 5514
679 6067
680 600
680 1532
680 2186
680 2637
680 3616
680 4755
680 4889
680 5992
681 323
681 1309
681 1937
681 2677
681 3543
681 4535
681 5104
681 5737
682 492
682 1028
682 2171
682 2511
682 3461
682 4080
682 5471
682 5664
683 598
683 1148
683 2285
683 2535
683 3872
683 4818
683 5448
683 6144
684 754
684 1289
684 1684
684 2922
684 3989
684 4292
684 5371
684 5667
685 136
685 1124
685 2008
685 2784
685 3955
685 4171
685 5070
685 6385
686 759
686 1379
686 2183
686 3186
686 3681
686 4564
686 5132
686 5690
687 350
687 1122
687 2316
687 2905
687 3667
687 4322
687 5420
687 6041
688 412
688 1220
688 2375
688 2997
688 3308
688 4432
688 5031
688 5717
689 503
689 1146
689 1731
689 3185
689 3929
689 4776
689 5427
689 5670
690 179
690 1547
690 2309
690 2987
690 3894
690 4101
690 4921
690 5775
691 75
691 1288
691 2328
691 3120
691 3798
691 4678
691 5367
691 6435
692 532
692 1295
692 1958
692 2840
692 3612
692 4537
692 5152
692 6189
693 435
693 1328
693 1752
693 2697
693 3808
693 4650
693 4908
693 6293
694 415
694 955
694 2385
694 2867
694 3819
694 4146
694 4838
694 5693
695 606
695 1186
695 1768
695 2994
695 3615
695 4296
695 5322
695 6249
696 176
696 938
696 1870
696 3130
696 3386
696 4172
696 5638
696 5776
697 661
697 1004
697 2165
697 2628
697 3952
697 4520
697 5249
697 5662
698 208
698 1130
698 1754
698 2969
698 3465
698 4255
698 4916
698 6389
699 712
699 1097
699 1814
699 3164
699 3285
699 4261
699 5491
699 5997
700 197
700 1394
700 1785
700 2584
700 3690
700 4299
700 5004
700 5820
701 433
701 1471
701 2022
701 2545
701 3544
701 4687
701 5433
701 6323
702 42
702 829
702 2131
702 2974
702 3621
702 4139
702 5423
702 6362
703 239
703 1025
703 1614
703 3093
703 3512
703 4567
703 5472
703 5896
704 700
704 960
704 2273
704 2657
704 3307
704 4644
704 4941
704 5764
705 244
705 1320
705 1796
705 2596
705 3332
705 4195
705 5527
705 6405
706 358
706 914
706 2280
706 2492
706 4029
706 4219
706 5116
706 5910
707 450
707 986
707 2220
707 2439
707 4010
707 4810
707 5203
707 6056
708 52
708 1467
708 1924
708 2600
708 3666
708 4731
708 5379
708 5706
709 13
709 992
709 2351
709 3179
709 3266
709 4569
709 5590
709 5749
710 659
710 1258
710 1816
710 2923
710 3471
710 4819
710 5359
710 6060
711 332
711 889
711 2021
711 3075
711 3656
711 4078
711 5081
711 5694
712 801
712 1214
712 2193
712 2980
712 3423
712 4246
712 5154
712 6063
713 711
713 1213
713 1912
713 2705
713 3879
713 4438
713 5003
713 5989
714 470
714 1068
714 1716
714 3204
714 3563
714 4631
714 5059
714 5980
715 295
715 1588
715 2256
715 2431
715 3550
715 4305
715 5325
715 6235
716 701
716 871
716 1986
716 2794
716 3466
716 4775
716 4992
716 6028
717 664
717 1114
717 2004
717 2534
717 3940
717 4390
717 5336
717 6247
718 246
718 1174
718 1656
718 3106
718 3686
718 4376
718 5352
718 5789
719 731
719 1204
719 1832
719 2675
719 3683
719 4549
719 4994
719 5739
720 749
720 1326
720 2267
720 2719
720 3860
720 4049
720 5112
720 6187
721 5
721 1521
721 1840
721 3017
721 3640
721 4597
721 5500
721 5654
722 182
722 1281
722 1822
722 3067
722 3291
722 4562
722 5033
722 5808
723 447
723 1249
723 2221
723 2501
723 3453
723 4160
723 5637
723 6035
724 248
724 1093
724 1772
724 2759
724 3597
724 4781
724 5282
724 6354
725 411
725 813
725 1972
725 3197
725 4013
725 4258
725 5091
725 5804
726 569
726 1231
726 2215
726 3158
726 3330
726 4795
726 5465
726 5875
727 430
727 1177
727 1862
727 3142
727 3412
727 4751
727 5632
727 6246
728 108
728 1539
728 2136
728 2736
728 3625
728 4729
728 5231
728 5846
729 453
729 1544
729 1698
729 2775
729 3305
729 4087
729 5274
729 6109
730 685
730 823
730 1900
730 3159
730 3938
730 4704
730 5208
730 6244
731 480
731 1568
731 2157
731 2982
731 3719
731 4702
731 5485
731 5757
732 289
732 1165
732 2372
732 2928
732 3956
732 4419
732 5631
732 6191
733 166
733 1166
733 1962
733 2789
733 3717
733 4459
733 5626
733 6239
734 440
734 1488
734 1929
734 2485
734 3338
734 4437
734 5639
734 6119
735 768
735 1069
735 2126
735 2601
735 3664
735 4750
735 5586
735 6437
736 735
736 1181
736 1771
736 3044
736 3603
736 4715
736 5034
736 6196
737 390
737 1540
737 2103
737 2938
737 3890
737 4455
737 5019
737 6186
738 89
738 1232
738 1933
738 2785
738 3891
738 4460
738 5399
738 6115
739 345
739 1470
739 2289
739 2847
739 3485
739 4621
739 5607
739 5918
740 727
740 1054
740 2235
740 3153
740 3394
740 4319
740 5026
740 6234
741 280
741 1133
741 1710
741 2552
741 3518
741 4411
741 5196
741 5961
742 147
742 911
742 2174
742 2577
742 3431
742 4199
742 5383
742 6269
743 583
743 1088
743 1800
743 3052
743 3565
743 4190
743 4909
743 5995
744 551
744 1546
744 2227
744 2776
744 3522
744 4448
744 5565
744 6150
745 371
745 1192
745 1830
745 2586
745 3904
745 4630
745 5153
745 5998
746 766
746 1063
746 1791
746 3036
746 3578
746 4664
746 4943
746 6407
747 96
747 817
747 1944
747 2793
747 3403
747 4225
747 4846
747 6342
748 219
748 1574
748 1725
748 2778
748 3944
748 4232
748 5616
748 5760
749 268
749 1251
749 2034
749 2957
749 3455
749 4835
749 5236
749 6444
750 47
750 1360
750 2409
750 2636
750 3946
750 4204
750 5297
750 6027
751 349
751 1364
751 2252
751 2438
751 3384
751 4413
751 5528
751 6172
752 568
752 983
752 1631
752 3079
752 3726
752 4063
752 5539
752 6382
753 787
753 1528
753 2361
753 3041
753 3610
753 4816
753 5550
753 6266
754 792
754 927
754 2121
754 2723
754 4020
754 4606
754 5636
754 6015
755 146
755 1089
755 1923
755 3102
755 3812
755 4134
755 5381
755 5946
756 8
756 893
756 2279
756 2544
756 3830
756 4208
756 5580
756 6159
757 488
757 853
757 1694
757 2435
757 4002
757 4803
757 5411
757 5899
758 311
758 891
758 2253
758 2959
758 3491
758 4424
758 5248
758 6415
759 732
759 1432
759 1947
759 2673
759 3915
759 4792
759 4938
759 5682
760 231
760 1393
760 1885
760 2660
760 3671
760 4240
760 5233
760 6083
761 341
761 1311
761 1871
761 3196
761 3639
761 4154
761 5603
761 5881
762 105
762 1333
762 2041
762 2576
762 3958
762 4616
762 5168
762 5805
763 382
763 1041
763 2046
763 2780
763 3674
763 4673
763 5459
763 5738
764 800
764 1045
764 2228
764 2947
764 3235
764 4286
764 5302
764 5892
765 616
765 1530
765 2261
765 2904
765 3254
765 4540
765 5574
765 5718
766 255
766 1410
766 2257
766 3219
766 3433
766 4089
766 5463
766 5957
767 281
767 1036
767 1849
767 2863
767 3643
767 4825
767 5223
767 5852
768 195
768 1374
768 1812
768 3090
768 4012
768 4057
768 4898
768 6253
769 34
769 1522
769 1934
769 3080
769 3794
769 4188
769 5570
769 5920
770 366
770 1586
770 1659
770 3187
770 3566
770 4800
770 5021
770 5956
771 60
771 1062
771 1954
771 3101
771 3590
771 4364
771 5254
771 5931
772 666
772 1476
772 1952
772 2983
772 3581
772 4640
772 5028
772 5795
773 202
773 1170
773 1780
773 2908
773 3598
773 4340
773 5525
773 6039
774 290
774 1210
774 2283
774 2937
774 3945
774 4201
774 5188
774 6309
775 313
775 1272
775 2389
775 2895
775 3490
775 4765
775 5192
775 5934
776 434
776 1336
776 2376
776 3123
776 3741
776 4377
776 5540
776 5996
777 588
777 1569
777 1983
777 2845
777 3999
777 4036
777 4844
777 5972
778 171
778 1239
778 1617
778 3171
778 4007
778 4633
778 4993
778 5660
779 286
779 1312
779 2024
779 3200
779 3540
779 4586
779 4883
779 6107
780 576
780 1504
780 1882
780 2421
780 3873
780 4833
780 5110
780 5711
781 691
781 1039
781 2042
781 2978
781 3737
781 4091
781 5412
781 6198
782 317
782 1154
782 2407
782 2671
782 3355
782 4384
782 5559
782 6017
783 578
783 1128
783 2408
783 2549
783 3250
783 4115
783 5213
783 6330
784 124
784 1298
784 2066
784 2559
784 3477
784 4487
784 5323
784 6230
785 324
785 1604
785 2012
785 3072
785 3920
785 4229
785 5409
785 6242
786 788
786 848
786 1781
786 2788
786 3655
786 4088
786 5235
786 6064
787 336
787 1172
787 1907
787 3088
787 3844
787 4528
787 4873
787 5853
788 636
788 1494
788 2184
788 2973
788 3976
788 4398
788 5078
788 6099
789 581
789 1508
789 2336
789 3086
789 3316
789 4198
789 5261
789 6250
790 271
790 1280
790 1753
790 2496
790 3532
790 4491
790 5407
790 6258
791 347
791 1584
791 1813
791 2631
791 3960
791 4417
791 4864
791 6433
792 773
792 1411
792 2115
792 2644
792 3669
792 4753
792 5587
792 5665
793 381
793 820
793 1895
793 2614
793 3697
793 4276
793 5222
793 5878
794 513
794 1350
794 1807
794 2865
794 3511
794 4167
794 5024
794 6375
795 276
795 1233
795 1872
795 2773
795 4003
795 4094
795 5390
795 6176
796 230
796 1247
796 1695
796 2774
796 3500
796 4472
796 4976
796 5851
797 305
797 1377
797 2321
797 3009
797 3346
797 4790
797 5093
797 5838
798 789
798 878
798 1646
798 2456
798 3998
798 4212
798 5023
798 5725
799 464
799 1339
799 1888
799 2903
799 3809
799 4578
799 5189
799 6302
800 608
800 1173
800 1850
800 2887
800 3829
800 4075
800 4953
800 6179
801 756
801 1537
801 2307
801 3129
801 3902
801 4368
801 4852
801 6386
802 1
802 1318
802 1675
802 2758
802 3816
802 4490
802 5087
802 5816
803 228
803 832
803 1820
803 3103
803 3708
803 4231
803 5350
803 6392
804 32
804 1513
804 1721
804 2526
804 3736
804 4685
804 5312
804 5817
805 187
805 1486
805 1693
805 3210
805 3347
805 4423
805 5090
805 5877
806 573
806 1466
806 2104
806 3136
806 3650
806 4247
806 5613
806 6128
1 6984
1 7840
1 8446
1 9594
1 9689
1 10515
1 11351
1 12635
2 6846
2 7623
2 8558
2 9142
2 9675
2 10922
2 12056
2 12851
3 6696
3 7941
3 8836
3 9274
3 9676
3 10755
3 11942
3 12589
4 6750
4 7264
4 8859
4 8948
4 10148
4 10781
4 11312
4 12779
5 7121
5 7707
5 8402
5 9149
5 10181
5 10666
5 11552
5 12470
6 7140
6 7287
6 8099
6 9610
6 9813
6 10704
6 11478
6 12219
7 6562
7 8015
7 8207
7 9007
7 9932
7 10992
7 11301
7 12281
8 7072
8 7945
8 8837
8 9373
8 10261
8 11259
8 11553
8 12684
9 7240
9 7930
9 8315
9 9634
9 9729
9 10763
9 12053
9 12631
10 7170
10 7436
10 8587
10 9620
10 10323
10 11087
10 11650
10 12767
11 7157
11 7811
11 8716
11 8941
11 10087
11 11035
11 12080
11 12371
12 6840
12 7904
12 8806
12 9325
12 10049
12 10927
12 11705
12 12612
13 7137
13 7728
13 8235
13 9086
13 9998
13 11047
13 11826
13 12366
14 7201
14 8027
14 8257
14 9432
14 9711
14 10646
14 11588
14 12453
15 6825
15 7990
15 8186
15 9124
15 9838
15 10594
15 11644
15 12687
16 6938
16 7938
16 8117
16 9129
16 10201
16 10966
16 11539
16 12389
17 6625
17 7727
17 8857
17 9052
17 9985
17 10649
17 11946
17 12656
18 6523
18 7484
18 8644
18 8954
18 10287
18 10597
18 11431
18 12118
19 6647
19 7349
19 8838
19 9393
19 9974
19 10943
19 11544
19 12784
20 6997
20 7857
20 8149
20 8883
20 10345
20 10598
20 11333
20 12510
21 6478
21 7923
21 8147
21 9568
21 10096
21 10867
21 12089
21 12605
22 6579
22 7842
22 8350
22 9224
22 10164
22 10880
22 11626
22 12512
23 6842
23 7467
23 8110
23 8887
23 10355
23 10889
23 11603
23 12569
24 7023
24 7582
24 8389
24 8890
24 10187
24 11136
24 11437
24 12241
25 6865
25 7481
25 8251
25 9329
25 10416
25 10827
25 11462
25 12829
26 7008
26 7376
26 8663
26 9316
26 9840
26 11147
26 11770
26 12533
27 6764
27 7488
27 8503
27 8868
27 9721
27 11020
27 11600
27 12144
28 7179
28 7510
28 8539
28 8946
28 9938
28 10951
28 12018
28 12132
29 7064
29 8008
29 8519
29 9414
29 10449
29 10608
29 11586
29 12153
30 6646
30 7360
30 8820
30 9337
30 9872
30 10581
30 11517
30 12378
31 6817
31 7498
31 8126
31 9398
31 10455
31 10765
31 11352
31 12475
32 6868
32 7263
32 8372
32 8961
32 10447
32 10579
32 11464
32 12592
33 7093
33 7956
33 8342
33 9347
33 10366
33 10810
33 11304
33 12502
34 6537
34 7963
34 8156
34 9103
34 10396
34 11275
34 11936
34 12514
35 6729
35 8002
35 8777
35 9482
35 9992
35 10700
35 11795
35 12247
36 7005
36 7919
36 8635
36 9493
36 10425
36 10788
36 11463
36 12753
37 7226
37 7678
37 8176
37 9246
37 10175
37 10645
37 11961
37 12644
38 6951
38 7547
38 8681
38 9511
38 10384
38 10731
38 11392
38 12236
39 7116
39 7738
39 8151
39 9591
39 10216
39 10634
39 11852
39 12886
40 7133
40 7284
40 8065
40 9586
40 10113
40 11069
40 11896
40 12286
41 6815
41 7416
41 8553
41 9221
41 10424
41 11095
41 11632
41 12877
42 6677
42 8023
42 8241
42 8965
42 10172
42 10777
42 11390
42 12417
43 6919
43 7588
43 8478
43 9471
43 10228
43 11274
43 11929
43 12337
44 6940
44 7827
44 8087
44 9548
44 10316
44 11220
44 12075
44 12787
45 6526
45 7299
45 8783
45 9633
45 10386
45 10640
45 11932
45 12493
46 6530
46 7295
46 8718
46 9577
46 10081
46 10635
46 11715
46 12759
47 6462
47 7478
47 8144
47 9554
47 9854
47 11063
47 11945
47 12277
48 7026
48 7518
48 8590
48 9198
48 9877
48 10505
48 11979
48 12302
49 6529
49 7790
49 8692
49 9021
49 10011
49 10972
49 11367
49 12858
50 6479
50 7430
50 8341
50 8901
50 10412
50 10894
50 11548
50 12712
51 6806
51 7619
51 8443
51 9354
51 10462
51 10535
51 12090
51 12630
52 6930
52 7972
52 8715
52 8953
52 10203
52 11278
52 11400
52 12327
53 6485
53 7648
53 8162
53 9621
53 10110
53 11059
53 11691
53 12839
54 6650
54 7803
54 8411
54 9549
54 9800
54 11118
54 11934
54 12517
55 6632
55 7677
55 8675
55 9165
55 10133
55 11203
55 11911
55 12874
56 6597
56 8011
56 8273
56 9407
56 9957
56 10681
56 11631
56 12097
57 7141
57 7348
57 8121
57 9467
57 10294
57 11139
57 11955
57 12688
58 6643
58 7568
58 8657
58 9252
58 9895
58 11003
58 11630
58 12230
59 7061
59 7978
59 8472
59 8871
59 10433
59 10734
59 11687
59 12109
60 6622
60 7839
60 8098
60 9177
60 9950
60 10733
60 11576
60 12111
61 7092
61 7519
61 8824
61 9336
61 9939
61 10482
61 12002
61 12888
62 7043
62 7586
62 8774
62 9073
62 10430
62 10900
62 11624
62 12283
63 6728
63 7595
63 8237
63 9358
63 9892
63 10713
63 11698
63 12257
64 7143
64 7535
64 8728
64 9275
64 9918
64 11104
64 11556
64 12308
65 6476
65 7266
65 8582
65 9556
65 10364
65 10617
65 11348
65 12313
66 6660
66 7777
66 8713
66 8892
66 10394
66 10877
66 11433
66 12126
67 7163
67 8058
67 8455
67 9388
67 9968
67 11132
67 11477
67 12541
68 6466
68 7873
68 8252
68 9051
68 10098
68 10753
68 11821
68 12099
69 6640
69 7591
69 8572
69 9105
69 10053
69 10824
69 11847
69 12180
70 6519
70 7815
70 8509
70 9060
70 9712
70 10699
70 11306
70 12372
71 6976
71 7303
71 8238
71 8995
71 10304
71 11026
71 11623
71 12704
72 7053
72 7743
72 8844
72 9525
72 9700
72 10574
72 11952
72 12778
73 7222
73 7456
73 8420
73 9445
73 10190
73 10596
73 11481
73 12319
74 6787
74 7492
74 8629
74 9266
74 10303
74 10702
74 11672
74 12835
75 6639
75 8032
75 8373
75 9080
75 9862
75 10679
75 11408
75 12474
76 7000
76 7698
76 8356
76 8933
76 9981
76 10612
76 11581
76 12491
77 6475
77 7319
77 8617
77 9481
77 10468
77 10852
77 11574
77 12242
78 6575
78 7437
78 8694
78 9307
78 10301
78 11185
78 11349
78 12596
79 6482
79 7361
79 8461
79 9501
79 10075
79 10563
79 11330
79 12732
80 7239
80 7307
80 8699
80 9197
80 10095
80 10876
80 11484
80 12430
81 6706
81 7691
81 8403
81 8963
81 9835
81 11216
81 11850
81 12542
82 7207
82 7912
82 8761
82 9036
82 10337
82 10684
82 11503
82 12239
83 6961
83 7371
83 8730
83 9559
83 9993
83 10886
83 11520
83 12694
84 7120
84 7283
84 8319
84 8972
84 10199
84 10844
84 11980
84 12887
85 6705
85 7551
85 8808
85 9170
85 10332
85 11244
85 11465
85 12738
86 7218
86 7870
86 8225
86 9534
86 10082
86 11070
86 11874
86 12495
87 6807
87 7545
87 8270
87 9291
87 10107
87 10780
87 12068
87 12148
88 7245
88 7780
88 8842
88 9318
88 10205
88 10615
88 11496
88 12246
89 7227
89 7758
89 8170
89 8905
89 10171
89 11110
89 11583
89 12117
90 7217
90 7378
90 8615
90 8867
90 10413
90 10541
90 11813
90 12258
91 6528
91 8026
91 8655
91 9322
91 10114
91 10718
91 11789
91 12110
92 6972
92 7603
92 8269
92 9300
92 10361
92 10620
92 12038
92 12585
93 7247
93 7336
93 8133
93 9293
93 10013
93 10509
93 11629
93 12212
94 6561
94 7541
94 8450
94 9357
94 10271
94 10820
94 11973
94 12096
95 6837
95 7967
95 8271
95 8944
95 10476
95 10767
95 11324
95 12696
96 6834
96 7706
96 8184
96 9324
96 9962
96 11062
96 11429
96 12450
97 6924
97 7397
97 8555
97 9417
97 10348
97 11279
97 11768
97 12551
98 6464
98 7611
98 8243
98 9261
98 9775
98 10587
98 11844
98 12191
99 6971
99 8047
99 8596
99 9042
99 10262
99 10756
99 11723
99 12822
100 6571
100 7373
100 8696
100 9365
100 10099
100 10984
100 11456
100 12504
101 6603
101 7922
101 8071
101 9592
101 10452
101 10739
101 11525
101 12228
102 6708
102 7796
102 8614
102 9342
102 10030
102 11234
102 11990
102 12106
103 6810
103 7382
103 8524
103 9112
103 10142
103 10680
103 11736
103 12113
104 6532
104 7975
104 8839
104 9646
104 10421
104 10531
104 11930
104 12497
105 7125
105 7660
105 8258
105 9616
105 9912
105 11257
105 11513
105 12574
106 6680
106 7453
106 8354
106 9671
106 9794
106 11228
106 11888
106 12892
107 6857
107 7823
107 8516
107 9585
107 9972
107 10643
107 11577
107 12162
108 6946
108 7546
108 8150
108 8926
108 9690
108 11267
108 12027
108 12315
109 7169
109 7999
109 8284
109 9047
109 10212
109 11011
109 11967
109 12310
110 6941
110 7671
110 8818
110 9575
110 9787
110 10841
110 11393
110 12675
111 6544
111 7705
111 8423
111 9573
111 9836
111 11158
111 11759
111 12795
112 6618
112 7302
112 8479
112 9289
112 10022
112 10677
112 11317
112 12123
113 7087
113 7426
113 8511
113 9201
113 10390
113 10595
113 12040
113 12243
114 6676
114 8012
114 8213
114 9192
114 9848
114 11102
114 11681
114 12203
115 7190
115 7788
115 8693
115 9382
115 10334
115 10746
115 11543
115 12299
116 6702
116 7946
116 8589
116 9476
116 9742
116 10983
116 11664
116 12666
117 6484
117 8038
117 8259
117 9475
117 10290
117 10939
117 11677
117 12545
118 6943
118 7337
118 8768
118 8910
118 9783
118 11006
118 11635
118 12775
119 6496
119 7977
119 8070
119 8897
119 10183
119 10558
119 11454
119 12142
120 6851
120 7846
120 8691
120 9490
120 10001
120 11074
120 11858
120 12880
121 6889
121 7886
121 8224
121 9066
121 10159
121 11217
121 11338
121 12368
122 6487
122 7353
122 8138
122 9459
122 10136
122 10663
122 12035
122 12416
123 6734
123 7555
123 8157
123 9304
123 10385
123 10981
123 11951
123 12480
124 6648
124 7793
124 8079
124 9317
124 9925
124 10996
124 11998
124 12614
125 7094
125 7874
125 8288
125 8927
125 10093
125 11086
125 11772
125 12673
126 7174
126 7515
126 8599
126 9319
126 10031
126 10950
126 11294
126 12095
127 7025
127 7770
127 8827
127 9552
127 9695
127 11064
127 11461
127 12721
128 7253
128 7571
128 8792
128 9254
128 9680
128 10952
128 11823
128 12773
129 6755
129 7556
129 8581
129 9114
129 9884
129 10812
129 11738
129 12414
130 7189
130 7740
130 8064
130 9359
130 9991
130 10556
130 12020
130 12369
131 7106
131 7723
131 8408
131 8949
131 10473
131 10808
131 12081
131 12296
132 6690
132 7797
132 8148
132 8873
132 10121
132 10685
132 11796
132 12325
133 6483
133 7602
133 8323
133 9600
133 9706
133 10490
133 11849
133 12303
134 6538
134 7289
134 8248
134 9350
134 10065
134 10953
134 11453
134 12837
135 7027
135 8040
135 8469
135 9140
135 10000
135 11012
135 11939
135 12114
136 6527
136 7542
136 8206
136 9174
136 10223
136 11218
136 12039
136 12660
137 6774
137 7693
137 8554
137 8889
137 10254
137 10573
137 11308
137 12409
138 6605
138 7496
138 8438
138 9578
138 9909
138 11021
138 11385
138 12634
139 6644
139 7346
139 8726
139 8870
139 9811
139 10783
139 11512
139 12205
140 6947
140 7583
140 8355
140 9351
140 9769
140 10976
140 11828
140 12567
141 6563
141 7487
141 8570
141 9657
141 9987
141 11088
141 11515
141 12329
142 6721
142 7711
142 8322
142 9551
142 10456
142 10589
142 11604
142 12647
143 6489
143 7712
143 8426
143 9292
143 9715
143 11242
143 11540
143 12460
144 7090
144 7768
144 8132
144 9381
144 9821
144 11210
144 11953
144 12604
145 6567
145 7381
145 8823
145 9367
145 9772
145 10769
145 11984
145 12879
146 6673
146 7682
146 8119
146 8958
146 10368
146 10488
146 11361
146 12507
147 6454
147 7631
147 8383
147 9186
147 9961
147 11067
147 11778
147 12170
148 6587
148 7686
148 8090
148 9308
148 9935
148 10748
148 11855
148 12354
149 6730
149 7592
149 8647
149 9603
149 10209
149 10738
149 11451
149 12316
150 7017
150 7559
150 8658
150 9121
150 10188
150 11151
150 11877
150 12447
151 6832
151 7514
151 8585
151 9310
151 10043
151 10658
151 11912
151 12288
152 7100
152 7476
152 8208
152 9655
152 10247
152 11219
152 11962
152 12434
153 6670
153 7988
153 8306
153 9205
153 10042
153 10881
153 11699
153 12421
154 7024
154 7491
154 8646
154 9148
154 10225
154 10974
154 11785
154 12179
155 6977
155 7759
155 8081
155 9669
155 10454
155 11100
155 11495
155 12654
156 7224
156 7692
156 8788
156 9111
156 10377
156 10831
156 12043
156 12876
157 6560
157 7775
157 8610
157 9088
157 10431
157 11230
157 11346
157 12553
158 6591
158 7628
158 8222
158 9631
158 9881
158 10771
158 11968
158 12586
159 6993
159 7309
159 8391
159 8977
159 9778
159 11247
159 11779
159 12636
160 6520
160 8007
160 8268
160 9169
160 9833
160 10890
160 11446
160 12530
161 7147
161 8057
161 8864
161 9542
161 9839
161 11150
161 11793
161 12707
162 6704
162 7670
162 8702
162 9250
162 10026
162 11075
162 11825
162 12202
163 7211
163 7778
163 8560
163 9126
163 10349
163 10839
163 11639
163 12218
164 7185
164 7613
164 8415
164 9311
164 9767
164 10613
164 11459
164 12715
165 6973
165 7424
165 8245
165 8918
165 10270
165 10516
165 11303
165 12603
166 6701
166 7357
166 8209
166 9496
166 9745
166 11193
166 11318
166 12774
167 6550
167 7732
167 8418
167 9089
167 10176
167 10802
167 11996
167 12649
168 7214
168 7820
168 8441
168 9191
168 9754
168 11144
168 11921
168 12186
169 7079
169 8016
169 8230
169 9474
169 9922
169 10636
169 11545
169 12184
170 6548
170 7380
170 8791
170 9374
170 10036
170 10606
170 11585
170 12737
171 6503
171 8001
171 8746
171 9033
171 10277
171 11269
171 11354
171 12794
172 6686
172 7404
172 8609
172 9480
172 10063
172 10518
172 11977
172 12256
173 7244
173 7891
173 8506
173 9200
173 9776
173 10911
173 11505
173 12807
174 6835
174 7871
174 8789
174 9171
174 10404
174 10801
174 12058
174 12827
175 6792
175 7984
175 8482
175 9409
175 10094
175 10570
175 11833
175 12672
176 6821
176 7816
176 8834
176 9100
176 10437
176 10818
176 11370
176 12120
177 6802
177 7634
177 8380
177 9444
177 10274
177 10669
177 11782
177 12651
178 7194
178 7884
178 8801
178 9653
178 9792
178 11002
178 11859
178 12140
179 6931
179 7992
179 8345
179 9425
179 10147
179 10803
179 11471
179 12386
180 6688
180 7367
180 8141
180 9601
180 9681
180 10511
180 11679
180 12524
181 7021
181 7824
181 8674
181 9375
181 10166
181 10795
181 11541
181 12747
182 6481
182 7681
182 8467
182 9084
182 10092
182 10830
182 11299
182 12562
183 6743
183 7639
183 8744
183 9440
183 9726
183 10853
183 11857
183 12808
184 6808
184 7532
184 8487
184 8929
184 9989
184 10862
184 11413
184 12875
185 6501
185 8051
185 8131
185 8877
185 9923
185 11001
185 11537
185 12823
186 6455
186 7351
186 8700
186 9571
186 10137
186 11079
186 11954
186 12735
187 6824
187 7446
187 8810
187 9510
187 10342
187 11263
187 11618
187 12743
188 6955
188 7503
188 8819
188 9453
188 10128
188 10721
188 11931
188 12796
189 7139
189 7530
189 8621
189 9122
189 9933
189 10619
189 11725
189 12415
190 6912
190 7645
190 8706
190 9648
190 10058
190 10855
190 11897
190 12395
191 7074
191 7695
191 8105
191 9006
191 9765
191 10572
191 11331
191 12326
192 6611
192 7649
192 8275
192 9230
192 9770
192 10580
192 11620
192 12390
193 7228
193 7633
193 8115
193 9144
193 10265
193 10741
193 11504
193 12152
194 7099
194 8029
194 8758
194 9242
194 9732
194 11117
194 11693
194 12764
195 6607
195 7581
195 8525
195 9298
195 10273
195 11170
195 11374
195 12192
196 6499
196 7490
196 8737
196 9599
196 10422
196 10882
196 11958
196 12826
197 6531
197 7471
197 8607
197 9494
197 9850
197 11040
197 11316
197 12137
198 7176
198 7868
198 8088
198 9668
198 9818
198 10544
198 11890
198 12481
199 6954
199 7939
199 8360
199 9652
199 10248
199 11197
199 11584
199 12840
200 6883
200 7528
200 8725
200 9234
200 10050
200 11250
200 11780
200 12701
201 6589
201 7512
201 8226
201 9486
201 10039
201 10988
201 11575
201 12138
202 6500
202 7756
202 8673
202 9492
202 9860
202 11126
202 11668
202 12830
203 7115
203 7647
203 8089
203 9567
203 10210
203 10775
203 11487
203 12628
204 7162
204 7754
204 8697
204 9179
204 9982
204 11238
204 11916
204 12503
205 6797
205 7915
205 8732
205 9517
205 9710
205 11043
205 11637
205 12861
206 6813
206 7417
206 8584
206 8966
206 9975
206 11168
206 11804
206 12550
207 7113
207 7280
207 8335
207 9539
207 10103
207 10582
207 11901
207 12555
208 6585
208 7427
208 8291
208 9484
208 9738
208 10838
208 11940
208 12487
209 7135
209 7321
209 8499
209 9013
209 10132
209 10902
209 11571
209 12529
210 6910
210 7849
210 8494
210 9044
210 9684
210 10786
210 11363
210 12700
211 7123
211 7313
211 8664
211 9643
211 10441
211 10675
211 12014
211 12534
212 6452
212 7620
212 8627
212 8997
212 10423
212 10932
212 11422
212 12820
213 6493
213 7524
213 8203
213 9446
213 9920
213 11212
213 11692
213 12758
214 6830
214 7513
214 8687
214 9505
214 9771
214 11277
214 11914
214 12582
215 6533
215 7569
215 8775
215 9245
215 9741
215 10709
215 11387
215 12461
216 6700
216 7395
216 8308
216 9180
216 10073
216 10695
216 11494
216 12515
217 7175
217 7952
217 8486
217 9522
217 9791
217 10995
217 11319
217 12331
218 6845
218 7370
218 8574
218 9491
218 9744
218 10549
218 11997
218 12115
219 6799
219 7860
219 8393
219 9011
219 10363
219 10871
219 11710
219 12431
220 7032
220 7810
220 8076
220 8869
220 9946
220 11280
220 11365
220 12353
221 6556
221 8044
221 8303
221 8934
221 10115
221 10610
221 11652
221 12377
222 7198
222 7642
222 8080
222 9280
222 10102
222 10958
222 11690
222 12881
223 6745
223 7431
223 8537
223 9469
223 9973
223 11027
223 11336
223 12890
224 6525
224 7771
224 8738
224 9384
224 10403
224 11152
224 11943
224 12273
225 6863
225 7765
225 8854
225 9283
225 10312
225 10751
225 11806
225 12607
226 7066
226 7968
226 8707
226 9222
226 10279
226 10757
226 11469
226 12423
227 6756
227 8010
227 8490
227 9572
227 10379
227 10657
227 11424
227 12655
228 6502
228 7757
228 8333
228 9420
228 9694
228 10553
228 11617
228 12237
229 7246
229 7966
229 8852
229 8993
229 10246
229 11237
229 11555
229 12164
230 7028
230 7987
230 8103
230 9176
230 9979
230 10936
230 12078
230 12522
231 6685
231 7752
231 8485
231 9002
231 9819
231 10991
231 11680
231 12311
232 6596
232 7856
232 8246
232 9447
232 10126
232 10576
232 11661
232 12160
233 6624
233 7889
233 8500
233 9519
233 9709
233 10959
233 11733
233 12424
234 7192
234 7760
234 8601
234 9666
234 10388
234 10605
234 11970
234 12726
235 6798
235 7394
235 8659
235 9294
235 10071
235 10942
235 11613
235 12289
236 6565
236 7916
236 8793
236 9253
236 9949
236 10914
236 11920
236 12754
237 6572
237 7917
237 8698
237 9514
237 10314
237 10656
237 11695
237 12135
238 6789
238 7392
238 8437
238 9418
238 9958
238 11155
238 11755
238 12819
239 6869
239 7539
239 8095
239 9670
239 10168
239 10825
239 11926
239 12661
240 6599
240 7833
240 8575
240 9332
240 10380
240 11032
240 11522
240 12566
241 6814
241 7516
241 8641
241 8916
241 9841
241 10787
241 11371
241 12863
242 6472
242 7605
242 8260
242 8979
242 10037
242 10678
242 11895
242 12677
243 7076
243 7399
243 8293
243 9376
243 10155
243 11215
243 11362
243 12276
244 7251
244 7940
244 8392
244 8906
244 10354
244 10990
244 11642
244 12745
245 6975
245 7911
245 8158
245 9258
245 9814
245 10903
245 12070
245 12613
246 6513
246 7993
246 8464
246 9562
246 9865
246 10851
246 11797
246 12832
247 7142
247 7858
247 8474
247 9108
247 10438
247 11112
247 11728
247 12168
248 6641
248 7853
248 8709
248 8943
248 10400
248 11180
248 12009
248 12572
249 6891
249 7531
249 8551
249 9312
249 9890
249 10667
249 11342
249 12852
250 6656
250 7888
250 8314
250 9279
250 9743
250 10935
250 12046
250 12224
251 6594
251 7629
251 8177
251 9010
251 9863
251 10724
251 11820
251 12380
252 6576
252 7269
252 8365
252 8974
252 10475
252 11195
252 11983
252 12244
253 6573
253 7529
253 8798
253 9043
253 10153
253 10720
253 11987
253 12383
254 6753
254 7526
254 8263
254 9659
254 10124
254 11052
254 11657
254 12322
255 6978
255 7329
255 8616
255 9609
255 9801
255 10764
255 12057
255 12697
256 7060
256 7949
256 8522
256 8881
256 9683
256 11146
256 12003
256 12093
257 6892
257 7308
257 8754
257 9194
257 10402
257 10793
257 11567
257 12692
258 6893
258 7658
258 8072
258 9077
258 9986
258 11165
258 11592
258 12225
259 6506
259 7961
259 8289
259 9025
259 10104
259 11240
259 11531
259 12749
260 6989
260 7527
260 8556
260 9515
260 10123
260 10659
260 11743
260 12435
261 6628
261 7996
261 8343
261 9009
261 10410
261 10525
261 11310
261 12271
262 7188
262 7714
262 8366
262 9146
262 10266
262 10609
262 11627
262 12777
263 6960
263 7737
263 8829
263 9196
263 9692
263 11272
263 12044
263 12626
264 6758
264 7865
264 8517
264 9477
264 10086
264 11184
264 11397
264 12149
265 6828
265 7538
265 8546
265 9195
265 10382
265 10872
265 12077
265 12172
266 7231
266 7272
266 8212
266 9037
266 10206
266 10918
266 11700
266 12772
267 7236
267 7390
267 8573
267 9256
267 10263
267 10624
267 11735
267 12570
268 6747
268 7852
268 8586
268 9016
268 10167
268 10804
268 11972
268 12198
269 6574
269 7859
269 8367
269 9638
269 10391
269 10754
269 11667
269 12340
270 6586
270 7474
270 8223
270 9561
270 10445
270 11105
270 11388
270 12471
271 7049
271 7683
271 8602
271 9268
271 10469
271 10971
271 11747
271 12812
272 7180
272 7715
272 8559
272 8950
272 10411
272 10735
272 11801
272 12520
273 7167
273 7511
273 8649
273 9101
273 10160
273 10485
273 11468
273 12681
274 6816
274 7785
274 8860
274 9248
274 10373
274 11058
274 11749
274 12509
275 6630
275 7387
275 8463
275 8956
275 10340
275 10639
275 11966
275 12889
276 7220
276 8017
276 8417
276 9383
276 10019
276 11271
276 11986
276 12463
277 6672
277 7265
277 8800
277 9099
277 9763
277 11148
277 11313
277 12141
278 6716
278 7580
278 8388
278 9560
278 10450
278 10708
278 11566
278 12464
279 6768
279 7604
279 8444
279 9249
279 10097
279 10554
279 11420
279 12248
280 6570
280 7335
280 8650
280 8981
280 9686
280 10819
280 11335
280 12608
281 6698
281 7910
281 8548
281 9183
281 9864
281 10896
281 11991
281 12821
282 6963
282 7918
282 8325
282 9605
282 10178
282 10856
282 11732
282 12105
283 6559
283 7276
283 8353
283 9217
283 9945
283 11243
283 11927
283 12709
284 6875
284 7995
284 8394
284 9059
284 9717
284 10934
284 12082
284 12719
285 7155
285 7736
285 8386
285 9067
285 10051
285 10770
285 11727
285 12843
286 6638
286 7455
286 8660
286 9039
286 10250
286 10641
286 11587
286 12426
287 6509
287 8030
287 8416
287 9396
287 9927
287 11154
287 11391
287 12213
288 6707
288 7355
288 8750
288 9521
288 10325
288 10969
288 11621
288 12420
289 7068
289 7494
289 8815
289 9489
289 10007
289 11167
289 11572
289 12458
290 7225
290 7894
290 8104
290 9041
290 10244
290 10792
290 11416
290 12842
291 6923
291 7855
291 8790
291 9535
291 10215
291 11161
291 11748
291 12725
292 7044
292 7913
292 8185
292 9096
292 9806
292 10805
292 12013
292 12298
293 6907
293 7948
293 8493
293 9202
293 9807
293 11137
293 11589
293 12295
294 6819
294 7936
294 8204
294 8991
294 9980
294 11239
294 11419
294 12816
295 6546
295 7713
295 8412
295 9424
295 10061
295 10499
295 11382
295 12274
296 7197
296 7562
296 8684
296 9241
296 9965
296 11042
296 11291
296 12182
297 7102
297 7288
297 8285
297 8875
297 10083
297 11145
297 11839
297 12304
298 7184
298 7690
298 8633
298 9236
298 9944
298 10510
298 11407
298 12521
299 6996
299 7375
299 8279
299 9210
299 9866
299 10908
299 11607
299 12189
300 7144
300 7981
300 8562
300 9255
300 10362
300 10686
300 11872
300 12703
301 6784
301 8025
301 8666
301 9392
301 9749
301 11038
301 11341
301 12364
302 7004
302 7443
302 8580
302 8914
302 10326
302 10637
302 11787
302 12641
303 6936
303 7973
303 8480
303 9431
303 9937
303 10532
303 11830
303 12484
304 6861
304 7384
304 8648
304 9081
304 10318
304 11115
304 11993
304 12531
305 6741
305 7685
305 8200
305 9290
305 9930
305 11191
305 11395
305 12866
306 6723
306 7667
306 8101
306 9423
306 9905
306 11085
306 11902
306 12454
307 6693
307 7577
307 8304
307 8931
307 9963
307 10706
307 11807
307 12671
308 6631
308 7626
308 8382
308 9147
308 10311
308 10712
308 11904
308 12563
309 7077
309 7573
309 8164
309 9533
309 10353
309 10591
309 11799
309 12365
310 7119
310 7944
310 8063
310 9214
310 10170
310 10600
310 11347
310 12210
311 7055
311 7925
311 8127
311 9566
311 10151
311 11082
311 11703
311 12131
312 6822
312 7525
312 8340
312 8987
312 10004
312 10523
312 11602
312 12689
313 6457
313 7523
313 8344
313 9070
313 10298
313 10930
313 11638
313 12501
314 6608
314 7566
314 8166
314 9031
314 10024
314 10904
314 12067
314 12309
315 6683
315 8000
315 8194
315 9402
315 10280
315 10571
315 11838
315 12211
316 6914
316 7340
316 8862
316 9097
316 9879
316 11182
316 11909
316 12147
317 6939
317 7887
317 8092
317 9040
317 10310
317 10506
317 11350
317 12854
318 7029
318 7463
318 8847
318 9206
318 10440
318 10778
318 11612
318 12590
319 6592
319 7640
319 8265
319 9075
319 10282
319 11260
319 11656
319 12234
320 6895
320 8049
320 8399
320 9161
320 9805
320 10744
320 12076
320 12294
321 6694
321 7710
321 8379
321 9072
321 10439
321 10697
321 11982
321 12486
322 6874
322 7483
322 8221
322 8878
322 9874
322 11094
322 11686
322 12508
323 6584
323 7345
323 8074
323 9412
323 10100
323 10884
323 11646
323 12301
324 7204
324 7350
324 8214
324 9644
324 9688
324 10779
324 12063
324 12441
325 6952
325 7734
325 8749
325 9050
325 10230
325 10638
325 11466
325 12482
326 6751
326 7943
326 8496
326 8896
326 9916
326 10848
326 11594
326 12263
327 6582
327 7662
327 8199
327 9518
327 10315
327 11048
327 11841
327 12785
328 6703
328 7718
328 8120
328 9626
328 10234
328 10607
328 11817
328 12895
329 6659
329 7997
329 8381
329 8903
329 9999
329 11200
329 11919
329 12446
330 7229
330 7830
330 8679
330 9345
330 10308
330 11061
330 11452
330 12249
331 7237
331 7358
331 8561
331 9305
331 10359
331 10534
331 11808
331 12227
332 7096
332 7401
332 8665
332 8893
332 9960
332 10484
332 12015
332 12336
333 6752
333 7485
333 8134
333 9421
333 10284
333 11181
333 11488
333 12540
334 6566
334 7315
334 8626
334 9612
334 10016
334 10897
334 11565
334 12891
335 6773
335 7776
335 8622
335 9076
335 9902
335 10502
335 11843
335 12751
336 7114
336 7668
336 8233
336 9546
336 10426
336 10630
336 11928
336 12525
337 6450
337 7624
337 8814
337 9063
337 9919
337 11071
337 11665
337 12847
338 6711
338 7608
338 8545
338 9284
338 10222
338 11130
338 11470
338 12222
339 6682
339 7261
339 8118
339 9327
339 10293
339 10762
339 11521
339 12793
340 7034
340 7716
340 8153
340 9608
340 10182
340 11153
340 11527
340 12341
341 7063
341 7364
341 8483
341 9223
341 9758
341 11049
341 12064
341 12619
342 6783
342 7656
342 8160
342 9597
342 10397
342 10671
342 11730
342 12571
343 6801
343 7845
343 8145
343 8888
343 10084
343 11056
343 11605
343 12433
344 6601
344 7809
344 8763
344 9295
344 9827
344 10492
344 11300
344 12836
345 7122
345 7410
345 8645
345 8911
345 9832
345 11046
345 11421
345 12161
346 6866
346 7969
346 8299
346 9135
346 10365
346 10497
346 11302
346 12346
347 7158
347 7301
347 8540
347 9287
347 9868
347 10627
347 11814
347 12663
348 6655
348 7875
348 8364
348 9371
348 10233
348 10842
348 11883
348 12600
349 7056
349 7817
349 8374
349 9443
349 10211
349 11091
349 11971
349 12782
350 7154
350 7320
350 8228
350 9570
350 9728
350 10975
350 11842
350 12518
351 6453
351 7854
351 8370
351 9120
351 10074
351 11010
351 11876
351 12781
352 7082
352 7799
352 8514
352 9640
352 9808
352 11008
352 11678
352 12717
353 6937
353 7636
353 8534
353 9632
353 9900
353 10791
353 11535
353 12444
354 6967
354 7579
354 8736
354 9478
354 10427
354 10588
354 12028
354 12746
355 6836
355 7584
355 8328
355 8884
355 9898
355 11109
355 11375
355 12733
356 7223
356 7851
356 8753
356 9032
356 9882
356 10489
356 11443
356 12490
357 7254
357 7791
357 8591
357 9281
357 9790
357 10604
357 11340
357 12713
358 7146
358 7614
358 8549
358 9558
358 9798
358 11143
358 11702
358 12691
359 6935
359 7813
359 8533
359 9306
359 10466
359 11092
359 11435
359 12307
360 6803
360 7953
360 8771
360 9537
360 10116
360 11098
360 12007
360 12698
361 6934
361 7942
361 8083
361 9466
361 10297
361 10504
361 11682
361 12231
362 6512
362 7338
362 8218
362 9027
362 10401
362 10752
362 11404
362 12374
363 6887
363 7989
363 8762
363 8970
363 10191
363 10578
363 11549
363 12452
364 7001
364 7552
364 8331
364 9356
364 10193
364 10956
364 11322
364 12440
365 6669
365 7899
365 8371
365 8885
365 9685
365 10644
365 12025
365 12320
366 7182
366 7565
366 8603
366 9160
366 9750
366 11123
366 12026
366 12817
367 6490
367 7867
367 8432
367 9395
367 10415
367 10941
367 11406
367 12428
368 6873
368 7652
368 8735
368 9131
368 9724
368 10833
368 11323
368 12275
369 7134
369 7630
369 8498
369 9020
369 10302
369 11051
369 11853
369 12361
370 6882
370 7725
370 8440
370 9379
370 9901
370 10480
370 11593
370 12523
371 6754
371 8036
371 8470
371 9366
371 10169
371 10768
371 12008
371 12272
372 7038
372 7766
372 8594
372 9297
372 10343
372 10651
372 11649
372 12157
373 7168
373 7814
373 8711
373 9654
373 9795
373 10618
373 11500
373 12121
374 7054
374 8043
374 8583
374 9003
374 9761
374 10774
374 12072
374 12896
375 6876
375 7625
375 8266
375 9091
375 10352
375 11236
375 11377
375 12154
376 6958
376 7618
376 8477
376 9296
376 10217
376 10550
376 11426
376 12457
377 6480
377 7651
377 8805
377 9228
377 10185
377 10714
377 11440
377 12720
378 7015
378 7739
378 8267
378 9204
378 10414
378 10962
378 11906
378 12349
379 6981
379 7866
379 8643
379 9193
379 10195
379 10628
379 11721
379 12579
380 6494
380 8041
380 8668
380 8917
380 10046
380 11163
380 11653
380 12379
381 7208
381 7960
381 8078
381 8955
381 10184
381 10503
381 11950
381 12342
382 6769
382 7805
382 8835
382 9544
382 10078
382 11055
382 11528
382 12798
383 7039
383 7638
383 8401
383 9647
383 10038
383 11235
383 11658
383 12119
384 6470
384 7318
384 8564
384 9452
384 10346
384 10785
384 11671
384 12618
385 7006
385 7994
385 8604
385 9503
385 9746
385 10672
385 11309
385 12107
386 6619
386 7983
386 8642
386 9473
386 10419
386 10557
386 12065
386 12577
387 7105
387 7962
387 8813
387 8894
387 9906
387 11213
387 11625
387 12690
388 6839
388 7762
388 8302
388 9123
388 10321
388 10688
388 11863
388 12872
389 6722
389 7767
389 8856
389 9500
389 9997
389 10481
389 11337
389 12410
390 6653
390 7991
390 8757
390 9015
390 10371
390 10947
390 11492
390 12659
391 6956
391 7980
391 8689
391 9649
391 9677
391 10533
391 11803
391 12177
392 7195
392 7773
392 8349
392 9190
392 9781
392 10806
392 11368
392 12252
393 6516
393 7429
393 8202
393 9277
393 9718
393 10689
393 11865
393 12670
394 6551
394 7826
394 8359
394 9270
394 9737
394 11169
394 11767
394 12588
395 6671
395 7327
395 8421
395 9613
395 10154
395 10707
395 11654
395 12376
396 6994
396 7279
396 8307
396 9155
396 10012
396 10986
396 11560
396 12616
397 6999
397 7408
397 8853
397 9346
397 10010
397 10924
397 12086
397 12849
398 6581
398 7278
398 8521
398 9637
398 10089
398 11253
398 11757
398 12456
399 6979
399 8021
399 8787
399 9164
399 9888
399 11084
399 11892
399 12828
400 6962
400 7877
400 8159
400 9132
400 10138
400 11186
400 11360
400 12259
401 6662
401 7374
401 8433
401 8990
401 9748
401 10949
401 11357
401 12156
402 6995
402 7786
402 8855
402 9178
402 10374
402 11176
402 11959
402 12264
403 7089
403 7998
403 8318
403 8984
403 9799
403 10524
403 11480
403 12543
404 7002
404 7659
404 8577
404 9604
404 10292
404 10583
404 12088
404 12339
405 6860
405 7665
405 8491
405 9401
405 9907
405 11023
405 11428
405 12871
406 6775
406 7929
406 8210
406 9406
406 10130
406 10682
406 11829
406 12167
407 6665
407 7415
407 8310
407 8976
407 9844
407 11019
407 11878
407 12338
408 7101
408 7267
408 8571
408 9130
408 9951
408 11045
408 11296
408 12285
409 6811
409 7985
409 8811
409 9368
409 9970
409 10826
409 11988
409 12527
410 6894
410 7334
410 8181
410 9397
410 10367
410 11204
410 11417
410 12439
411 6872
411 7468
411 8528
411 9483
411 10329
411 11119
411 12047
411 12472
412 7209
412 7957
412 8347
412 9630
412 10029
412 11266
412 11619
412 12399
413 6657
413 8045
413 8606
413 9109
413 9955
413 10784
413 11633
413 12362
414 6718
414 7520
414 8311
414 9004
414 10461
414 10863
414 12012
414 12591
415 6850
415 7906
415 8387
415 8920
415 9773
415 10559
415 11447
415 12214
416 6920
416 7493
416 8254
416 9635
416 10035
416 10623
416 11827
416 12556
417 7045
417 8037
417 8592
417 9074
417 10324
417 10999
417 11315
417 12332
418 7159
418 7861
418 8667
418 9526
418 9910
418 10631
418 11978
418 12809
419 7016
419 7300
419 8530
419 9113
419 9751
419 10674
419 11846
419 12124
420 6539
420 7389
420 8611
420 9061
420 10213
420 11207
420 11379
420 12884
421 6788
421 7558
421 8240
421 9545
421 9693
421 10963
421 11485
421 12270
422 6715
422 7617
422 8082
422 9330
422 9914
422 10800
422 11332
422 12894
423 6838
423 7792
423 8662
423 9589
423 9760
423 10905
423 11688
423 12173
424 6668
424 7557
424 8550
424 9422
424 10111
424 11221
424 11580
424 12799
425 6505
425 7475
425 8563
425 8872
425 9774
425 10696
425 11774
425 12786
426 6736
426 7876
426 8445
426 9237
426 9727
426 10797
426 11455
426 12412
427 6921
427 7255
427 8123
427 9617
427 10395
427 10907
427 11976
427 12564
428 6998
428 7275
428 8332
428 9408
428 10062
428 11033
428 11965
428 12757
429 6980
429 7433
429 8766
429 9168
429 10257
429 11166
429 11286
429 12492
430 6542
430 7644
430 8180
430 9639
430 9870
430 11078
430 11415
430 12265
431 7059
431 7850
431 8688
431 9488
431 9941
431 11054
431 12045
431 12609
432 6925
432 7286
432 8786
432 9078
432 10259
432 10542
432 11573
432 12750
433 6763
433 7753
433 8752
433 9607
433 10465
433 11125
433 11915
433 12328
434 6953
434 7907
434 8532
434 9323
434 10055
434 10547
434 11546
434 12413
435 6968
435 7974
435 8161
435 9363
435 10464
435 11160
435 11885
435 12565
436 6896
436 7450
436 8770
436 8964
436 10285
436 10865
436 11840
436 12233
437 7153
437 7472
437 8385
437 9557
437 10467
437 10494
437 11764
437 12506
438 6620
438 7411
438 8682
438 8988
438 9793
438 10815
438 11376
438 12407
439 6848
439 7789
439 8620
439 9251
439 10471
439 10514
439 12042
439 12479
440 6949
440 7784
440 8497
440 8886
440 10177
440 10536
440 11879
440 12789
441 7035
441 7970
441 8122
441 9370
441 9720
441 10940
441 11769
441 12278
442 6793
442 7292
442 8637
442 9509
442 10327
442 10507
442 11762
442 12730
443 6932
443 7641
443 8320
443 8998
443 10243
443 10965
443 11854
443 12422
444 7156
444 7304
444 8405
444 9532
444 10054
444 10910
444 11562
444 12396
445 6518
445 7862
445 8544
445 9523
445 10014
445 11030
445 11372
445 12136
446 6748
446 7881
446 8462
446 8928
446 9873
446 10577
446 11835
446 12091
447 7013
447 7359
447 8338
447 9628
447 10241
447 11099
447 11326
447 12557
448 7216
448 7383
448 8781
448 9529
448 10338
448 10723
448 11815
448 12546
449 7127
449 7314
449 8773
449 9024
449 9856
449 10773
449 11948
449 12408
450 6942
450 7505
450 8174
450 8960
450 10398
450 10726
450 12071
450 12101
451 6760
451 7536
451 8190
451 9104
451 9943
451 11025
451 11999
451 12668
452 6578
452 7419
452 8336
452 9247
452 9809
452 10633
452 12041
452 12292
453 7173
453 7703
453 8301
453 9068
453 10281
453 11211
453 11941
453 12171
454 6812
454 7589
454 8543
454 9463
454 10341
454 10834
454 11491
454 12620
455 6765
455 7328
455 8295
455 9167
455 9867
455 11096
455 11894
455 12448
456 6918
456 7674
456 8435
456 9665
456 10149
456 10854
456 11568
456 12195
457 6614
457 7769
457 8449
457 9285
457 10370
457 10913
457 12033
457 12112
458 7031
458 7482
458 8484
458 9660
458 10344
458 10483
458 11499
458 12193
459 7232
459 7366
459 8785
459 8940
459 10125
459 10920
459 11325
459 12755
460 7067
460 7669
460 8866
460 8879
460 10474
460 10761
460 11731
460 12223
461 6862
461 7812
461 8112
461 9622
461 10006
461 11190
461 12055
461 12841
462 6606
462 7522
462 8427
462 9361
462 10134
462 10906
462 12060
462 12646
463 7065
463 7517
463 8219
463 8975
463 10189
463 10621
463 11511
463 12488
464 6627
464 7294
464 8321
464 9399
464 10420
464 10921
464 11305
464 12388
465 7136
465 7311
465 8468
465 9563
465 9959
465 10569
465 11871
465 12801
466 7238
466 7258
466 8196
466 9173
466 9701
466 11014
466 11744
466 12739
467 7058
467 7880
467 8547
467 8935
467 10319
467 11283
467 11645
467 12878
468 6719
468 7748
468 8330
468 9372
468 9852
468 11041
468 11717
468 12324
469 7212
469 7746
469 8300
469 9136
469 10381
469 10530
469 11445
469 12805
470 6577
470 7465
470 8475
470 9593
470 10180
470 10868
470 11311
470 12624
471 6908
471 7627
471 8595
471 9019
471 9823
471 11202
471 11750
471 12790
472 6909
472 7664
472 8283
472 9497
472 10048
472 10759
472 11401
472 12549
473 6695
473 7362
473 8619
473 8952
473 9876
473 11068
473 11498
473 12352
474 6928
474 7774
474 8407
474 9527
474 9825
474 11265
474 11297
474 12363
475 7107
475 7702
475 8334
475 9485
475 9810
475 10538
475 11558
475 12427
476 7213
476 7837
476 8863
476 9267
476 10227
476 10626
476 11712
476 12629
477 6636
477 7451
477 8097
477 9209
477 9896
477 10799
477 11845
477 12185
478 6770
478 7883
478 8062
478 9656
478 9716
478 10895
478 11356
478 12104
479 7152
479 7675
479 8424
479 9085
479 10372
479 11053
479 11622
479 12736
480 6610
480 7635
480 8515
480 9115
480 10008
480 10732
480 11756
480 12653
481 7191
481 7297
481 8419
481 9328
481 9842
481 11065
481 11569
481 12188
482 6460
482 7657
482 8632
482 9531
482 10119
482 10526
482 11651
482 12760
483 6663
483 7434
483 8236
483 9405
483 10158
483 10968
483 11298
483 12262
484 7200
484 7616
484 8605
484 9235
484 9725
484 10878
484 11373
484 12652
485 7109
485 7449
485 8113
485 9219
485 10127
485 11107
485 11344
485 12803
486 6495
486 7926
486 8588
486 9547
486 9875
486 10967
486 11343
486 12245
487 7030
487 7323
487 8652
487 9150
487 10186
487 11156
487 12031
487 12537
488 7080
488 7548
488 8717
488 9028
488 9699
488 10888
488 11989
488 12166
489 7181
489 7601
489 8623
489 9615
489 10260
489 11245
489 11740
489 12102
490 6776
490 7268
490 8135
490 9213
490 9956
490 10616
490 11969
490 12727
491 6761
491 7606
491 8253
491 8951
491 10472
491 11196
491 11559
491 12175
492 7091
492 8024
492 8488
492 9536
492 10157
492 11016
492 11866
492 12290
493 6982
493 7744
493 8720
493 8957
493 10085
493 10909
493 11673
493 12176
494 7242
494 7950
494 8297
494 8959
494 9822
494 10716
494 11524
494 12780
495 7203
495 8020
495 8205
495 9650
495 9829
495 11142
495 11493
495 12397
496 7033
496 7908
496 8541
496 9461
496 10231
496 10845
496 11483
496 12196
497 6957
497 7735
497 8430
497 8919
497 9812
497 11252
497 11964
497 12159
498 6902
498 7808
498 8061
498 9038
498 9891
498 10915
498 11933
498 12404
499 6492
499 7794
499 8767
499 9118
499 10443
499 10491
499 11752
499 12347
500 6451
500 7838
500 8708
500 9199
500 10451
500 11209
500 11734
500 12554
501 6966
501 7273
501 8172
501 8962
501 10283
501 11231
501 11893
501 12174
502 6598
502 7841
502 8831
502 9151
502 10041
502 10500
502 11482
502 12499
503 7148
503 7828
503 8309
503 8891
503 10112
503 10543
503 11714
503 12208
504 7040
504 7655
504 8751
504 9208
504 10174
504 10745
504 11924
504 12559
505 6709
505 7442
505 8578
505 8938
505 10220
505 11090
505 11380
505 12741
506 6871
506 7506
506 8296
506 9596
506 9682
506 10561
506 11615
506 12742
507 6623
507 7296
507 8077
507 9344
507 10267
507 11198
507 11432
507 12229
508 6986
508 8019
508 8410
508 9569
508 10145
508 10925
508 11788
508 12814
509 6595
509 7274
509 8137
509 9106
509 9858
509 10566
509 12017
509 12469
510 6504
510 7890
510 8434
510 9259
510 9733
510 11141
510 12022
510 12201
511 6675
511 7425
511 8714
511 9082
511 10408
511 11248
511 11384
511 12547
512 6553
512 7661
512 8722
512 8973
512 9830
512 11214
512 12019
512 12323
513 6959
513 7262
513 8102
513 8924
513 10028
513 10840
513 12032
513 12857
514 7234
514 7409
514 8094
514 9079
514 9855
514 10648
514 11399
514 12251
515 7235
515 7749
515 8861
515 8980
515 10463
515 11194
515 11434
515 12669
516 6514
516 7882
516 8346
516 9257
516 9784
516 10740
516 11832
516 12411
517 6818
517 7420
517 8068
517 8921
517 10032
517 10869
517 11873
517 12100
518 6970
518 7598
518 8653
518 9153
518 10446
518 10901
518 11864
518 12187
519 6985
519 7363
519 8458
519 9229
519 9969
519 10989
519 11683
519 12449
520 7057
520 7260
520 8337
520 9134
520 10409
520 10747
520 11834
520 12770
521 6913
521 7959
521 8281
521 9053
521 10072
521 10725
521 11761
521 12640
522 6781
522 7955
522 8795
522 9430
522 10309
522 10944
522 12021
522 12401
523 6459
523 7368
523 8542
523 9460
523 9768
523 11005
523 11476
523 12178
524 6615
524 8053
524 8414
524 9642
524 10375
524 10694
524 11394
524 12207
525 6710
525 8042
525 8843
525 8908
525 10405
525 10487
525 11410
525 12575
526 6613
526 7540
526 8817
526 8968
526 10090
526 11120
526 12000
526 12291
527 6888
527 7291
527 8832
527 9581
527 10040
527 10479
527 11359
527 12815
528 6849
528 7844
528 8465
528 9055
528 9777
528 11101
528 11925
528 12667
529 6897
529 7257
529 8634
529 9017
529 9722
529 10846
529 11659
529 12282
530 6767
530 7779
530 8262
530 9520
530 10229
530 10546
530 11898
530 12280
531 6463
531 8003
531 8628
531 9404
531 10218
531 10859
531 11590
531 12811
532 6687
532 7407
532 8114
532 9433
532 10034
532 11174
532 11763
532 12552
533 7042
533 8039
533 8731
533 8907
533 10418
533 10822
533 12030
533 12300
534 6926
534 8048
534 8274
534 9271
534 10109
534 10520
534 12061
534 12348
535 6906
535 7497
535 8552
535 9434
535 9766
535 10849
535 11427
535 12769
536 7165
536 8059
536 8794
536 9664
536 10122
536 10970
536 11949
536 12699
537 6762
537 8014
537 8368
537 9369
537 10478
537 10691
537 11937
537 12711
538 6732
538 7772
538 8124
538 9387
538 10336
538 11164
538 12006
538 12455
539 7219
539 7457
539 8671
539 9550
539 9952
539 11133
539 11355
539 12287
540 6855
540 7317
540 8363
540 9419
540 10056
540 10517
540 11398
540 12639
541 6945
541 7901
541 8466
541 8978
541 10444
541 11128
541 11616
541 12345
542 6826
542 7597
542 8397
542 9240
542 9734
542 10933
542 11675
542 12633
543 6880
543 7829
543 8535
543 9636
543 9889
543 11177
543 11640
543 12526
544 6593
544 7807
544 8242
544 9454
544 10129
544 10961
544 11816
544 12373
545 7112
545 7553
545 8670
545 9152
545 9802
545 11114
545 11383
545 12437
546 6547
546 7440
546 8802
546 9435
546 9849
546 11175
546 11405
546 12680
547 6786
547 7964
547 8384
547 8982
547 10331
547 10929
547 12083
547 12266
548 6987
548 7694
548 8809
548 9390
548 10165
548 10642
548 11506
548 12375
549 6864
549 7720
549 8348
549 9437
549 10221
549 10528
549 11831
549 12538
550 6543
550 7564
550 8298
550 9189
550 10033
550 10486
550 11636
550 12103
551 6588
551 7293
551 8743
551 9315
551 9983
551 11254
551 11899
551 12783
552 6666
552 7804
552 8178
552 9377
552 10251
552 11140
552 11536
552 12763
553 6964
553 7755
553 8361
553 9233
553 10064
553 10879
553 11711
553 12893
554 7103
554 7719
554 8396
554 9451
554 10435
554 11173
554 11995
554 12127
555 6600
555 7909
555 8439
555 9355
555 10322
555 10790
555 11985
555 12215
556 7221
556 7554
556 8109
556 9400
556 9931
556 10926
556 11381
556 12788
557 6927
557 8006
557 8327
557 9524
557 10406
557 10883
557 11724
557 12637
558 7124
558 7594
558 8234
558 9175
558 10333
558 11108
558 11425
558 12714
559 6508
559 7422
559 8651
559 9069
559 10434
559 10662
559 11529
559 12792
560 6805
560 7676
560 8282
560 8882
560 10307
560 10660
560 11418
560 12602
561 7199
561 7928
561 8779
561 9587
561 9831
561 11264
561 11771
561 12860
562 6674
562 7561
562 8784
562 8904
562 9994
562 11233
562 11460
562 12392
563 6477
563 7489
563 8106
563 9265
563 10360
563 10973
563 12069
563 12593
564 6717
564 7947
564 8378
564 9302
564 10407
564 11034
564 11791
564 12685
565 7110
565 7687
565 8244
565 9159
565 9964
565 10498
565 11321
565 12638
566 6497
566 7533
566 8192
566 9023
566 9764
566 10652
566 11947
566 12623
567 6649
567 7637
567 8724
567 9343
567 10066
567 11000
567 11439
567 12483
568 6642
568 7802
568 8163
568 8969
568 10232
568 10687
568 11882
568 12445
569 6856
569 7438
569 8457
569 9065
569 10275
569 10899
569 11726
569 12617
570 6969
570 7898
570 8191
570 8947
570 10351
570 10796
570 11777
570 12473
571 7046
571 7689
571 8593
571 9158
571 9828
571 11080
571 12005
571 12385
572 6917
572 7684
572 8390
572 9464
572 9894
572 10562
572 11861
572 12221
573 6629
573 8034
573 8169
573 9218
573 9893
573 10664
573 11810
573 12776
574 7138
574 7741
574 8566
574 9564
574 10163
574 10917
574 12062
574 12648
575 7009
575 7835
575 8264
575 9584
575 10025
575 10710
575 12010
575 12716
576 7095
576 7369
576 8352
576 9487
576 10156
576 10673
576 11611
576 12728
577 6616
577 7391
577 8168
577 9133
577 9859
577 10758
577 11851
577 12253
578 7230
578 7290
578 8086
578 9385
578 9995
578 10693
578 11781
578 12731
579 6948
579 7469
579 8460
579 9338
579 9845
579 10828
579 11812
579 12558
580 7206
580 7458
580 8739
580 9071
580 10378
580 10861
580 12001
580 12664
581 6991
581 7848
581 8286
581 8989
581 9735
581 11201
581 11293
581 12806
582 6795
582 7954
582 8510
582 9184
582 10387
582 10647
582 11510
582 12150
583 6564
583 7486
583 8565
583 9288
583 10106
583 10760
583 11648
583 12226
584 7073
584 7821
584 8140
584 9455
584 9990
584 10590
584 11913
584 12489
585 6983
585 7895
585 8277
585 8994
585 10432
585 11178
585 11547
585 12615
586 6790
586 7414
586 8636
586 9334
586 9942
586 11089
586 11751
586 12568
587 6637
587 8018
587 8316
587 8909
587 9679
587 10527
587 11327
587 12442
588 7132
588 7979
588 8175
588 9269
588 9755
588 10512
588 11917
588 12403
589 6890
589 7461
589 8538
589 9225
589 10226
589 10766
589 11685
589 12235
590 7145
590 7502
590 8142
590 9056
590 9786
590 10717
590 11507
590 12351
591 7210
591 7721
591 8116
591 9468
591 10196
591 10711
591 12050
591 12155
592 7250
592 7331
592 8085
592 8915
592 10358
592 11077
592 11981
592 12425
593 6498
593 7717
593 8146
593 9116
593 10350
593 10938
593 11706
593 12679
594 6590
594 7575
594 8513
594 8992
594 9904
594 11066
594 11479
594 12885
595 6900
595 7413
595 8128
595 8936
595 9757
595 10997
595 12048
595 12833
596 6833
596 7903
596 8422
596 9391
596 10383
596 10864
596 11719
596 12705
597 6689
597 7607
597 8096
597 9303
597 10131
597 11270
597 11760
597 12584
598 6878
598 7508
598 8125
598 9579
598 9934
598 10987
598 11848
598 12367
599 7037
599 7688
599 8398
599 9574
599 9816
599 10993
599 11701
599 12676
600 6929
600 8031
600 8084
600 9335
600 9673
600 10670
600 11320
600 12864
601 6536
601 7473
601 8719
601 9502
601 10457
601 11031
601 11784
601 12813
602 6867
602 7836
602 8179
602 9479
602 10255
602 11127
602 11366
602 12723
603 6858
603 7310
603 8734
603 9528
603 10291
603 10829
603 11798
603 12810
604 6540
604 7699
604 8631
604 9457
604 10044
604 10586
604 11663
604 12594
605 7172
605 7905
605 8727
605 8913
605 10009
605 10496
605 11944
605 12597
606 7126
606 7800
606 8395
606 9598
606 10020
606 11227
606 11314
606 12748
607 6771
607 7570
607 8425
607 9326
607 10313
607 10565
607 11526
607 12206
608 7036
608 7897
608 8400
608 9364
608 10268
608 10654
608 11860
608 12419
609 6712
609 7982
609 8358
609 9507
609 10068
609 10891
609 11994
609 12678
610 6852
610 7386
610 8579
610 9012
610 10459
610 11258
610 11614
610 12539
611 6898
611 7282
611 8507
611 9226
611 10300
611 10629
611 11869
611 12855
612 6515
612 8035
612 8227
612 9667
612 10477
612 10893
612 11386
612 12343
613 7160
613 7921
613 8765
613 9188
613 9846
613 11135
613 11870
613 12129
614 6474
614 8004
614 8598
614 9094
614 10079
614 10982
614 11334
614 12662
615 6886
615 7504
615 8683
615 9137
615 9897
615 11111
615 11792
615 12845
616 6488
616 7447
616 8357
616 9211
616 10347
616 11015
616 11414
616 12818
617 7166
617 8055
617 8830
617 9062
617 10045
617 10912
617 11963
617 12145
618 7131
618 7403
618 8217
618 9472
618 10278
618 10715
618 11975
618 12824
619 6667
619 7324
619 8442
619 9629
619 10027
619 11171
619 11564
619 12382
620 6510
620 7935
620 8612
620 9590
620 9747
620 10729
620 11497
620 12587
621 6904
621 7452
621 8195
621 9141
621 10296
621 11232
621 12024
621 12674
622 6915
622 7460
622 8567
622 9110
622 10295
622 11037
622 11856
622 12400
623 7149
623 7534
623 8845
623 9614
623 9713
623 11225
623 11579
623 12151
624 7014
624 7701
624 8821
624 9272
624 10460
624 10593
624 11881
624 12297
625 6780
625 7801
625 8613
625 9576
625 9887
625 11116
625 12054
625 12511
626 6859
626 7312
626 8454
626 8937
626 9928
626 10776
626 11490
626 12462
627 7020
627 7590
627 8526
627 9321
627 10198
627 10817
627 11676
627 12260
628 6884
628 7653
628 8305
628 8874
628 9752
628 11083
628 11709
628 12387
629 6654
629 7764
629 8705
629 9331
629 9759
629 10887
629 11689
629 12752
630 6678
630 7924
630 8772
630 9441
630 10023
630 11261
630 11753
630 12862
631 7104
631 7646
631 8376
631 9262
631 9762
631 11024
631 11609
631 12476
632 7003
632 7454
632 8536
632 9611
632 10003
632 10560
632 11287
632 12398
633 6796
633 7599
633 8431
633 9127
633 9714
633 11172
633 11696
633 12451
634 6691
634 7750
634 8280
634 9499
634 10017
634 11022
634 11601
634 12706
635 7248
635 7432
635 8232
635 9125
635 10162
635 10539
635 11697
635 12859
636 7151
636 7596
636 8188
636 9339
636 10264
636 10843
636 11720
636 12762
637 7118
637 7277
637 8066
637 9415
637 9921
637 10632
637 11457
637 12576
638 7178
638 7470
638 8317
638 8945
638 9704
638 10603
638 11907
638 12181
639 6555
639 7600
639 8247
639 9166
639 9788
639 10866
639 11666
639 12293
640 7202
640 7650
640 8261
640 9449
640 10240
640 11229
640 11369
640 12865
641 7187
641 7448
641 8143
641 9273
641 9674
641 11208
641 11473
641 12269
642 6777
642 7731
642 8290
642 8939
642 9785
642 10622
642 11722
642 12682
643 6507
643 7747
643 8748
643 9380
643 10286
643 11179
643 11423
643 12581
644 7010
644 7354
644 8183
644 9439
644 9926
644 10954
644 11910
644 12650
645 7161
645 7782
645 8531
645 8923
645 9723
645 10508
645 11458
645 12204
646 6465
646 7316
646 8136
646 9286
646 10150
646 11073
646 11704
646 12761
647 6737
647 7543
647 8197
647 9516
647 10146
647 10655
647 11514
647 12268
648 6469
648 7499
648 8406
648 9530
648 9730
648 10998
648 11530
648 12216
649 7171
649 7663
649 8216
649 9602
649 10018
649 10835
649 11523
649 12466
650 7150
650 7298
650 8624
650 8902
650 10060
650 10564
650 11508
650 12436
651 6746
651 7798
651 8733
651 9595
651 9977
651 10568
651 12085
651 12516
652 6522
652 7333
652 8436
652 9662
652 10140
652 10814
652 11918
652 12279
653 6535
653 7742
653 8640
653 8999
653 10470
653 11246
653 11800
653 12318
654 6604
654 7733
654 8672
654 9278
654 10417
654 10653
654 11519
654 12254
655 6467
655 7365
655 8661
655 9301
655 9903
655 10964
655 11516
655 12665
656 6843
656 7574
656 8276
656 9034
656 10105
656 10977
656 11472
656 12578
657 6735
657 7441
657 8108
657 9448
657 10238
657 10701
657 11992
657 12098
658 6679
658 7806
658 8529
658 8922
658 9967
658 10719
658 11389
658 12844
659 6684
659 7435
659 8704
659 9465
659 9954
659 11050
659 11551
659 12306
660 6524
660 7831
660 8471
660 9386
660 10235
660 10749
660 11449
660 12116
661 6720
661 7406
661 8804
661 9403
661 9978
661 11009
661 11557
661 12627
662 7215
662 7781
662 8848
662 9625
662 9707
662 10919
662 11467
662 12438
663 7088
663 8033
663 8451
663 9411
663 9753
663 10529
663 11518
663 12381
664 6602
664 7271
664 8527
664 9008
664 10091
664 10584
664 11597
664 12734
665 6699
665 7878
665 8351
665 9095
665 9705
665 10599
665 11707
665 12722
666 7018
666 7933
666 8292
666 9139
666 9988
666 10860
666 12011
666 12429
667 6733
667 7576
667 8740
667 9058
667 9915
667 10585
667 11886
667 12883
668 6742
668 7563
668 8850
668 9263
668 10200
668 11124
668 11436
668 12134
669 7062
669 7818
669 8723
669 8912
669 9996
669 10705
669 11534
669 12405
670 7177
670 7610
670 8703
670 9313
670 10108
670 10551
670 11729
670 12867
671 6724
671 7306
671 8822
671 9083
671 9678
671 10985
671 11489
671 12163
672 6580
672 8022
672 8769
672 8985
672 10237
672 10537
672 11364
672 12804
673 6766
673 7537
673 8413
673 9663
673 9756
673 10495
673 11599
673 12130
674 6609
674 8050
674 8508
674 9555
674 9917
674 10522
674 11533
674 12314
675 6992
675 7500
675 8865
675 8880
675 10339
675 10813
675 12049
675 12406
676 6944
676 7843
676 8756
676 9498
676 9789
676 10548
676 11660
676 12092
677 7130
677 7477
677 8287
677 9029
677 10135
677 10994
677 11288
677 12710
678 6844
678 7256
678 8448
678 9553
678 10399
678 10823
678 11643
678 12358
679 7241
679 7986
679 8858
679 9340
679 9687
679 10821
679 11935
679 12693
680 6877
680 8056
680 8755
680 9276
680 10239
680 10722
680 11295
680 12599
681 6791
681 7480
681 8512
681 9138
681 10317
681 10625
681 11868
681 12686
682 6903
682 7893
682 8505
682 8899
682 10197
682 11057
682 11766
682 12869
683 6658
683 7621
683 8654
683 9362
683 9847
683 10750
683 11775
683 12485
684 6772
684 7464
684 8326
684 8971
684 9708
684 10698
684 11900
684 12284
685 6651
685 7864
685 8495
685 9394
685 9929
685 10816
685 11818
685 12183
686 7083
686 7332
686 8600
686 9022
686 10306
686 10923
686 11786
686 12321
687 6785
687 7379
687 8669
687 9216
687 10258
687 11028
687 11411
687 12330
688 6449
688 7673
688 8456
688 8932
688 10393
688 10948
688 11790
688 12505
689 6879
689 7421
689 8409
689 9582
689 9702
689 10870
689 11328
689 12846
690 7252
690 7560
690 8825
690 9428
690 10202
690 10957
690 11448
690 12658
691 7022
691 7402
691 8152
691 9333
691 9911
691 10847
691 12087
691 12831
692 6681
692 7466
692 8618
692 9090
692 9824
692 10980
692 11486
692 12335
693 6899
693 8028
693 8851
693 9619
693 10067
693 10703
693 11542
693 12532
694 6829
694 8005
694 8187
694 9143
694 10335
694 10742
694 11509
694 12622
695 6545
695 7730
695 8501
695 8876
695 9719
695 10858
695 11430
695 12766
696 7205
696 7259
696 8680
696 9624
696 10436
696 10519
696 11716
696 12393
697 6809
697 7325
697 8686
697 9046
697 9843
697 10832
697 11938
697 12519
698 7050
698 7550
698 8215
698 9005
698 9782
698 10614
698 11908
698 12125
699 6778
699 7745
699 8833
699 9606
699 9731
699 10794
699 11783
699 12478
700 6757
700 7400
700 8504
700 9162
700 9913
700 11122
700 12051
700 12432
701 6820
701 7622
701 8776
701 9212
701 9697
701 11251
701 11713
701 12238
702 7052
702 7501
702 8129
702 9232
702 10059
702 11224
702 11960
702 12356
703 6744
703 7787
703 8404
703 9207
703 9984
703 10789
703 11442
703 12765
704 7019
704 7679
704 8807
704 9238
704 10429
704 11039
704 11358
704 12465
705 7081
705 7704
705 8520
705 9093
705 9736
705 10650
705 11598
705 12165
706 6697
706 7405
706 8211
706 9054
706 9924
706 11029
706 11662
706 12255
707 6933
707 8054
707 8721
707 9102
707 10005
707 10730
707 12016
707 12108
708 6847
708 7763
708 8193
708 9450
708 10224
708 10737
708 11811
708 12498
709 6549
709 7672
709 8294
709 9244
709 10356
709 11241
709 11441
709 12217
710 7186
710 7342
710 8093
710 9618
710 10070
710 11276
710 11670
710 12496
711 7193
711 7632
711 8782
711 9239
711 10057
711 11072
711 12037
711 12334
712 7233
712 7700
712 8182
712 9314
712 10448
712 10521
712 12074
712 12240
713 6738
713 7615
713 8780
713 9264
713 10242
713 11256
713 11819
713 12606
714 6827
714 7726
714 8846
714 8942
714 9834
714 11189
714 11754
714 12544
715 6456
715 7885
715 8453
715 9048
715 9820
715 10892
715 11570
715 12391
716 6517
716 7521
716 8111
716 9231
716 9691
716 11192
716 11822
716 12768
717 7012
717 7444
717 8459
717 9429
717 9698
717 11044
717 11758
717 12870
718 6713
718 7377
718 8362
718 9583
718 9947
718 11273
718 12066
718 12199
719 7108
719 7834
719 8638
719 9504
719 9779
719 11076
719 11608
719 12190
720 6661
720 7931
720 8272
720 9565
720 9878
720 10809
720 11794
720 12261
721 6552
721 7344
721 8139
721 9117
721 9883
721 11262
721 11809
721 12200
722 6725
722 7654
722 8075
722 9260
722 10120
722 11004
722 11694
722 12143
723 7243
723 7643
723 8568
723 9220
723 10299
723 10928
723 11956
723 12848
724 6916
724 8046
724 8816
724 8996
724 10453
724 11188
724 11409
724 12561
725 6557
725 7326
725 8742
725 9014
725 9886
725 10692
725 11285
725 12370
726 7085
726 7270
726 8171
726 8900
726 9796
726 11036
726 11655
726 12305
727 7047
727 7914
727 8100
727 8895
727 10117
727 11121
727 11329
727 12695
728 7075
728 7587
728 8608
728 9513
728 10214
728 11183
728 11475
728 12146
729 6626
729 7932
729 8625
729 9227
729 10442
729 10979
729 11805
729 12853
730 7007
730 7976
730 8155
730 9156
730 10236
730 11157
730 12079
730 12394
731 6901
731 7412
731 8073
731 9410
731 9696
731 10676
731 11532
731 12642
732 6664
732 7863
732 8759
732 9470
732 9837
732 10782
732 11641
732 12645
733 6950
733 7832
733 8778
733 9442
733 10276
733 10661
733 11634
733 12402
734 7164
734 7285
734 8760
734 9182
734 10173
734 10955
734 12073
734 12317
735 6739
735 7869
735 8747
735 9064
735 9880
735 10552
735 11741
735 12825
736 7078
736 7305
736 8229
736 9282
736 10252
736 11282
736 11776
736 12838
737 6617
737 7892
737 8067
737 9163
737 10015
737 11226
737 11289
737 12122
738 6568
738 7445
738 8677
738 9456
738 10088
738 10501
738 11402
738 12601
739 6853
739 7934
739 8313
739 9145
739 10288
739 10540
739 11718
739 12643
740 6885
740 7965
740 8165
740 9000
740 10245
740 11018
740 11824
740 12583
741 6558
741 7819
741 8256
741 8930
741 10077
741 10743
741 11880
741 12139
742 6554
742 7612
742 8429
742 9098
742 10141
742 11187
742 11739
742 12702
743 6804
743 7341
743 8201
743 9416
743 10389
743 10513
743 11891
743 12350
744 6922
744 7549
744 8557
744 9215
744 9797
744 11129
744 11444
744 12729
745 6794
745 7343
745 8826
745 9154
745 10076
745 11162
745 11550
745 12882
746 6974
746 7902
746 8576
746 8983
746 9803
746 10601
746 11922
746 12657
747 7128
747 7666
747 8255
747 9341
747 10002
747 10836
747 11884
747 12856
748 6740
748 7398
748 8597
748 9092
748 10152
748 11149
748 11610
748 12197
749 6800
749 7495
749 8678
749 9495
749 9948
749 11007
749 12023
749 12610
750 7051
750 7396
750 8729
750 9580
750 9703
750 10545
750 11307
750 12868
751 7041
751 8052
751 8710
751 9035
751 10458
751 10885
751 11742
751 12094
752 6749
752 7872
752 8239
752 8925
752 9817
752 10798
752 11628
752 12468
753 6731
753 7709
753 8377
753 9203
753 9851
753 11284
753 11502
753 12850
754 6782
754 7347
754 8840
754 9641
754 10392
754 10567
754 11353
754 12312
755 6486
755 7372
755 8841
755 9672
755 9853
755 10728
755 11595
755 12708
756 6541
756 7479
756 8476
756 9538
756 9971
756 10937
756 11745
756 12267
757 6534
757 7585
757 8375
757 9172
757 10194
757 10978
757 11773
757 12560
758 7111
758 7544
758 8154
758 9243
758 10357
758 11013
758 11836
758 12580
759 6633
759 7896
759 8695
759 9348
759 9940
759 10602
759 12029
759 12513
760 7070
760 7330
760 8173
760 9181
760 10207
760 11249
760 11875
760 12220
761 6881
761 7462
761 8249
761 8898
761 9861
761 11103
761 11561
761 12800
762 7129
762 7322
762 8492
762 9438
762 10139
762 10874
762 12084
762 12477
763 7196
763 7722
763 8797
763 8967
763 9871
763 10811
763 11396
763 12771
764 7117
764 7751
764 8278
764 9512
764 10052
764 10575
764 11708
764 12548
765 6911
765 7393
765 8569
765 9352
765 10080
765 11206
765 11923
765 12443
766 6692
766 7951
766 8745
766 9030
766 10289
766 11205
766 11737
766 12333
767 7098
767 7609
767 8312
767 9119
767 10143
767 10946
767 11957
767 12528
768 6635
768 7339
768 8481
768 9389
768 10021
768 11199
768 11438
768 12598
769 6727
769 7937
769 8849
769 9658
769 10219
769 10807
769 11887
769 12632
770 6458
770 7761
770 8502
770 9426
770 10428
770 10668
770 11563
770 12611
771 6468
771 7900
771 8250
771 9157
771 9899
771 10945
771 11674
771 12360
772 6905
772 7958
772 8523
772 9543
772 9976
772 10736
772 12059
772 12494
773 6854
773 7507
773 8812
773 9651
773 10328
773 10493
773 11889
773 12683
774 6634
774 7971
774 8069
774 9045
774 9826
774 10850
774 11596
774 12355
775 6511
775 7418
775 8489
775 9001
775 9953
775 10857
775 11474
775 12459
776 6583
776 8060
776 8828
776 9185
776 9804
776 10690
776 11684
776 12194
777 7071
777 7281
777 8091
777 8986
777 10320
777 11081
777 11669
777 12744
778 6569
778 7509
778 8452
778 9588
778 9908
778 10960
778 11862
778 12467
779 6779
779 7927
779 8198
779 9506
779 10047
779 10611
779 12034
779 12535
780 6823
780 7822
780 8369
780 9057
780 10204
780 11113
780 11867
780 12359
781 7097
781 7724
781 8220
781 9087
781 10192
781 11131
781 11802
781 12740
782 6831
782 7439
782 8339
782 9320
782 10369
782 11106
782 11746
782 12536
783 6621
783 7697
783 8473
783 9353
783 10249
783 11134
783 11591
783 12232
784 6645
784 7847
784 8656
784 9360
784 9739
784 11255
784 12004
784 12133
785 6491
785 7578
785 8107
785 9107
785 9780
785 11060
785 11450
785 12724
786 6965
786 7572
786 8712
786 9540
786 9936
786 11222
786 11974
786 12802
787 6726
787 7708
787 8676
787 9128
787 10330
787 11159
787 11339
787 12418
788 6870
788 7783
788 8329
788 9413
788 10269
788 11281
788 11554
788 12169
789 6988
789 7459
789 8518
789 9378
789 9740
789 11138
789 11345
789 12344
790 6714
790 7696
790 8639
790 9026
790 10144
790 11097
790 11292
790 12158
791 6652
791 7729
791 8167
791 9508
791 10376
791 10898
791 11412
791 12873
792 7183
792 7423
792 8741
792 9627
792 9869
792 10916
792 11765
792 12834
793 6521
793 7567
793 8799
793 9299
793 10256
793 11093
793 11578
793 12128
794 7011
794 8013
794 8685
794 9049
794 10272
794 10931
794 12036
794 12500
795 6471
795 8009
795 8803
795 9661
795 10208
795 11268
795 11538
795 12209
796 6841
796 7920
796 8130
796 9187
796 10161
796 10837
796 11903
796 12573
797 7084
797 7356
797 8231
797 9462
797 10179
797 11223
797 11582
797 12621
798 7069
798 7428
798 8324
798 9309
798 10069
798 10772
798 11905
798 12250
799 7048
799 7385
799 8690
799 9018
799 9885
799 10727
799 11290
799 12357
800 6990
800 7879
800 8189
800 9645
800 10118
800 10555
800 11606
800 12718
801 6473
801 7825
801 8701
801 9427
801 9857
801 10592
801 11837
801 12625
802 7086
802 7352
802 8428
802 9541
802 9815
802 10665
802 11378
802 12384
803 6759
803 7593
803 8447
803 9436
803 10305
803 10873
803 11501
803 12791
804 7249
804 7795
804 8764
804 9349
804 10101
804 10683
804 11403
804 12595
805 6612
805 7680
805 8630
805 9458
805 9966
805 11017
805 11647
805 12797
806 6461
806 7388
806 8796
806 9623
806 10253
806 10875
806 12052
806 12756
