0 3 
416 780 
15 8 
1 298
1 506
1 838
1 1531
1 1784
1 2476
1 2825
1 2954
1 3605
1 4121
1 4293
1 4727
1 5223
1 5703
1 6156
2 96
2 542
2 951
2 1377
2 2012
2 2412
2 2655
2 3035
2 3451
2 3881
2 4443
2 4841
2 5215
2 5500
2 6187
3 140
3 664
3 858
3 1433
3 1873
3 2306
3 2566
3 3305
3 3529
3 3784
3 4512
3 4620
3 5324
3 5527
3 6102
4 373
4 599
4 1241
4 1519
4 1848
4 2406
4 2642
4 3114
4 3420
4 4087
4 4371
4 4843
4 5328
4 5585
4 6157
5 110
5 602
5 851
5 1265
5 2039
5 2453
5 2754
5 3050
5 3639
5 3837
5 4260
5 4876
5 5373
5 5409
5 5886
6 265
6 528
6 983
6 1615
6 1986
6 2210
6 2548
6 3281
6 3417
6 3923
6 4441
6 4842
6 5316
6 5484
6 5841
7 120
7 464
7 1074
7 1366
7 1910
7 2441
7 2586
7 3259
7 3338
7 3852
7 4464
7 4781
7 5329
7 5686
7 6191
8 8
8 449
8 1193
8 1663
8 1725
8 2204
8 2882
8 2933
8 3546
8 4146
8 4172
8 4820
8 5349
8 5725
8 5946
9 94
9 710
9 994
9 1410
9 1863
9 2432
9 2523
9 2979
9 3422
9 3949
9 4362
9 4598
9 5049
9 5667
9 6007
10 392
10 442
10 938
10 1479
10 2055
10 2115
10 2591
10 3007
10 3554
10 3809
10 4397
10 4845
10 5156
10 5623
10 5848
11 60
11 727
11 1234
11 1482
11 2075
11 2140
11 2799
11 3257
11 3703
11 4157
11 4378
11 4902
11 5248
11 5444
11 6043
12 308
12 505
12 1185
12 1557
12 1909
12 2150
12 2653
12 3068
12 3534
12 3767
12 4386
12 4717
12 5225
12 5542
12 6048
13 84
13 498
13 1162
13 1253
13 1984
13 2485
13 2718
13 3263
13 3564
13 4012
13 4192
13 4628
13 5363
13 5457
13 6014
14 270
14 691
14 1053
14 1500
14 2036
14 2353
14 2905
14 3294
14 3393
14 3787
14 4325
14 4778
14 5278
14 5666
14 6001
15 130
15 741
15 1100
15 1357
15 2042
15 2085
15 2900
15 3212
15 3636
15 4039
15 4492
15 4724
15 5231
15 5577
15 6027
16 261
16 758
16 862
16 1420
16 1675
16 2217
16 2544
16 3293
16 3540
16 4063
16 4520
16 4694
16 5059
16 5465
16 5973
17 14
17 560
17 1048
17 1569
17 1995
17 2336
17 2603
17 2921
17 3663
17 4088
17 4323
17 4844
17 5135
17 5656
17 6024
18 203
18 475
18 859
18 1278
18 2052
18 2327
18 2851
18 2952
18 3411
18 3976
18 4486
18 4958
18 5348
18 5650
18 5832
19 159
19 519
19 1223
19 1490
19 1756
19 2470
19 2819
19 3297
19 3538
19 3757
19 4338
19 4840
19 5182
19 5794
19 5909
20 258
20 540
20 1069
20 1385
20 1890
20 2369
20 2649
20 3213
20 3604
20 3773
20 4543
20 4987
20 5285
20 5797
20 5931
21 63
21 644
21 1239
21 1506
21 1906
21 2152
21 2637
21 3008
21 3450
21 4133
21 4282
21 4903
21 5208
21 5710
21 6099
22 321
22 566
22 1194
22 1451
22 2031
22 2372
22 2597
22 3264
22 3333
22 4105
22 4222
22 4959
22 5213
22 5574
22 6002
23 38
23 726
23 866
23 1556
23 1891
23 2341
23 2622
23 3173
23 3560
23 3816
23 4556
23 4863
23 5242
23 5524
23 6235
24 132
24 783
24 1202
24 1650
24 1749
24 2215
24 2686
24 3029
24 3732
24 3821
24 4385
24 4875
24 5280
24 5771
24 5860
25 333
25 831
25 935
25 1581
25 1741
25 2099
25 2894
25 2988
25 3730
25 3962
25 4171
25 4824
25 5393
25 5700
25 5876
26 277
26 640
26 1228
26 1308
26 1969
26 2161
26 2581
26 3193
26 3593
26 3905
26 4322
26 4636
26 5311
26 5540
26 6006
27 15
27 786
27 955
27 1423
27 1801
27 2249
27 2756
27 3067
27 3391
27 3967
27 4223
27 4605
27 5308
27 5817
27 6171
28 231
28 479
28 1201
28 1529
28 1743
28 2434
28 2861
28 3141
28 3552
28 3982
28 4515
28 4857
28 5226
28 5454
28 6061
29 144
29 496
29 1213
29 1349
29 1753
29 2424
29 2536
29 3111
29 3533
29 4158
29 4396
29 4630
29 5313
29 5509
29 6059
30 25
30 421
30 921
30 1339
30 1773
30 2125
30 2732
30 3292
30 3690
30 3978
30 4480
30 4802
30 5233
30 5721
30 6104
31 171
31 721
31 1019
31 1442
31 1991
31 2290
31 2541
31 3062
31 3500
31 4155
31 4284
31 4681
31 5037
31 5642
31 6197
32 39
32 647
32 1217
32 1641
32 1750
32 2296
32 2772
32 3109
32 3601
32 3805
32 4357
32 4596
32 5325
32 5742
32 6230
33 318
33 546
33 891
33 1405
33 1687
33 2308
33 2520
33 3300
33 3741
33 3829
33 4414
33 4967
33 5397
33 5453
33 6079
34 356
34 725
34 1218
34 1477
34 1983
34 2127
34 2730
34 3277
34 3362
34 3951
34 4270
34 4764
34 5077
34 5478
34 6113
35 133
35 531
35 1042
35 1625
35 1690
35 2433
35 2615
35 3016
35 3431
35 3859
35 4316
35 4829
35 5367
35 5429
35 5888
36 197
36 497
36 985
36 1264
36 1924
36 2314
36 2634
36 3199
36 3352
36 3986
36 4206
36 4719
36 5046
36 5691
36 6125
37 27
37 530
37 847
37 1538
37 1746
37 2157
37 2567
37 3055
37 3358
37 4000
37 4331
37 4798
37 5161
37 5737
37 5868
38 233
38 458
38 1210
38 1259
38 1780
38 2235
38 2911
38 2972
38 3406
38 4116
38 4549
38 4679
38 5320
38 5525
38 6177
39 366
39 690
39 1215
39 1592
39 1701
39 2418
39 2514
39 3304
39 3510
39 4130
39 4296
39 4673
39 5054
39 5598
39 6150
40 183
40 619
40 1237
40 1565
40 2064
40 2409
40 2570
40 3058
40 3515
40 3745
40 4446
40 4922
40 5170
40 5475
40 6174
41 292
41 796
41 964
41 1622
41 1733
41 2490
41 2525
41 3014
41 3689
41 3991
41 4315
41 4985
41 5235
41 5558
41 5881
42 22
42 502
42 1200
42 1564
42 1826
42 2123
42 2595
42 3063
42 3413
42 4071
42 4575
42 4809
42 5306
42 5562
42 6036
43 343
43 761
43 1155
43 1311
43 1900
43 2324
43 2687
43 2984
43 3410
43 3894
43 4451
43 4860
43 5214
43 5621
43 6025
44 26
44 652
44 1175
44 1369
44 1937
44 2430
44 2557
44 2920
44 3456
44 4018
44 4447
44 4699
44 5228
44 5685
44 6100
45 368
45 672
45 926
45 1282
45 1853
45 2192
45 2717
45 3017
45 3739
45 3841
45 4376
45 4690
45 5140
45 5657
45 6094
46 80
46 789
46 1204
46 1266
46 1833
46 2356
46 2906
46 2993
46 3463
46 4118
46 4473
46 4704
46 5177
46 5799
46 5853
47 118
47 576
47 909
47 1488
47 1834
47 2279
47 2587
47 3191
47 3428
47 3868
47 4442
47 4726
47 5284
47 5802
47 5990
48 121
48 798
48 900
48 1578
48 1751
48 2082
48 2507
48 3093
48 3347
48 3878
48 4305
48 4907
48 5121
48 5567
48 6155
49 196
49 661
49 1121
49 1337
49 1879
49 2370
49 2752
49 3009
49 3675
49 4040
49 4209
49 4643
49 5221
49 5706
49 6029
50 396
50 648
50 876
50 1269
50 1716
50 2489
50 2746
50 2927
50 3574
50 4032
50 4430
50 4926
50 5240
50 5440
50 6000
51 289
51 701
51 1029
51 1523
51 1838
51 2440
51 2659
51 3018
51 3673
51 3835
51 4308
51 4821
51 5345
51 5752
51 6142
52 193
52 592
52 967
52 1568
52 1934
52 2096
52 2862
52 3295
52 3403
52 3788
52 4363
52 4862
52 5062
52 5591
52 5861
53 191
53 740
53 1153
53 1396
53 1710
53 2381
53 2505
53 2924
53 3669
53 4131
53 4289
53 4934
53 4998
53 5823
53 6098
54 386
54 555
54 1087
54 1398
54 1831
54 2492
54 2895
54 3106
54 3612
54 4057
54 4339
54 4803
54 5014
54 5646
54 6203
55 349
55 631
55 966
55 1277
55 2004
55 2400
55 2896
55 3252
55 3652
55 3937
55 4530
55 4880
55 5210
55 5510
55 6062
56 218
56 617
56 867
56 1375
56 1962
56 2124
56 2503
56 3039
56 3418
56 4041
56 4229
56 4703
56 5147
56 5413
56 6130
57 410
57 613
57 1165
57 1585
57 1839
57 2396
57 2748
57 3179
57 3535
57 4020
57 4444
57 4854
57 5322
57 5736
57 5825
58 122
58 826
58 903
58 1656
58 1990
58 2246
58 2675
58 2990
58 3654
58 4062
58 4439
58 4823
58 5010
58 5774
58 6195
59 246
59 509
59 857
59 1614
59 1745
59 2147
59 2683
59 3303
59 3542
59 4073
59 4484
59 4676
59 5045
59 5543
59 5968
60 383
60 822
60 1122
60 1263
60 2023
60 2295
60 2767
60 3103
60 3711
60 4037
60 4471
60 4688
60 5090
60 5587
60 6153
61 378
61 637
61 1212
61 1633
61 2020
61 2425
61 2674
61 3254
61 3637
61 3917
61 4407
61 4685
61 5197
61 5668
61 6213
62 221
62 765
62 1243
62 1570
62 1999
62 2095
62 2768
62 3081
62 3477
62 4140
62 4355
62 4796
62 5218
62 5787
62 5993
63 107
63 500
63 915
63 1454
63 1930
63 2294
63 2577
63 2942
63 3468
63 4031
63 4318
63 4712
63 5023
63 5714
63 5883
64 397
64 553
64 1060
64 1642
64 1902
64 2261
64 2805
64 3253
64 3471
64 3992
64 4545
64 4651
64 5220
64 5593
64 6219
65 416
65 684
65 1199
65 1485
65 1827
65 2177
65 2879
65 3323
65 3598
65 4056
65 4295
65 4773
65 5072
65 5672
65 5954
66 77
66 600
66 1198
66 1551
66 2054
66 2146
66 2524
66 2937
66 3407
66 4138
66 4434
66 4655
66 5082
66 5452
66 6148
67 92
67 484
67 945
67 1611
67 1957
67 2413
67 2823
67 3280
67 3521
67 3953
67 4437
67 4927
67 5089
67 5441
67 6147
68 78
68 535
68 916
68 1406
68 1709
68 2203
68 2828
68 3137
68 3331
68 3963
68 4360
68 4616
68 5190
68 5683
68 5987
69 213
69 699
69 925
69 1553
69 2034
69 2134
69 2679
69 3186
69 3487
69 3861
69 4470
69 4799
69 5247
69 5760
69 6167
70 3
70 603
70 1078
70 1452
70 1861
70 2107
70 2594
70 3308
70 3336
70 4023
70 4247
70 4856
70 5171
70 5698
70 6186
71 345
71 557
71 865
71 1418
71 1680
71 2252
71 2901
71 3202
71 3644
71 4070
71 4240
71 4916
71 5391
71 5724
71 6226
72 126
72 642
72 949
72 1502
72 1852
72 2149
72 2818
72 3116
72 3370
72 3969
72 4523
72 4634
72 5137
72 5689
72 5866
73 394
73 482
73 992
73 1572
73 1700
73 2442
73 2795
73 3312
73 3377
73 3862
73 4264
73 4599
73 5256
73 5614
73 6051
74 274
74 516
74 908
74 1453
74 1803
74 2145
74 2902
74 3249
74 3668
74 3896
74 4232
74 4720
74 5290
74 5638
74 5994
75 112
75 552
75 1238
75 1449
75 1899
75 2450
75 2535
75 3282
75 3687
75 4100
75 4321
75 4715
75 5326
75 5612
75 6032
76 166
76 806
76 914
76 1575
76 1938
76 2451
76 2796
76 3159
76 3462
76 4082
76 4317
76 4615
76 5202
76 5756
76 6123
77 123
77 570
77 849
77 1618
77 1858
77 2318
77 2560
77 3239
77 3476
77 4026
77 4467
77 4991
77 5270
77 5808
77 5885
78 406
78 720
78 1178
78 1566
78 1877
78 2326
78 2562
78 3271
78 3384
78 3884
78 4435
78 4933
78 5262
78 5761
78 5906
79 267
79 624
79 954
79 1295
79 2016
79 2427
79 2676
79 3181
79 3653
79 4150
79 4203
79 4870
79 5020
79 5747
79 6194
80 331
80 559
80 1088
80 1491
80 2051
80 2351
80 2797
80 3273
80 3383
80 3939
80 4185
80 4976
80 5302
80 5513
80 6052
81 337
81 445
81 907
81 1342
81 1688
81 2444
81 2749
81 3241
81 3640
81 3866
81 4225
81 4751
81 5154
81 5599
81 6121
82 152
82 649
82 1136
82 1460
82 1945
82 2446
82 2691
82 3070
82 3412
82 3877
82 4493
82 4664
82 5162
82 5550
82 6008
83 41
83 439
83 1116
83 1250
83 1989
83 2448
83 2510
83 3314
83 3482
83 3959
83 4272
83 4984
83 5117
83 5514
83 6178
84 64
84 745
84 1077
84 1340
84 1951
84 2365
84 2897
84 3118
84 3715
84 3940
84 4361
84 4747
84 5374
84 5568
84 6037
85 361
85 797
85 1001
85 1353
85 1818
85 2439
85 2836
85 3074
85 3717
85 4067
85 4342
85 4700
85 4996
85 5609
85 6152
86 32
86 781
86 958
86 1341
86 1987
86 2173
86 2680
86 3251
86 3390
86 4030
86 4409
86 4872
86 5002
86 5800
86 6114
87 44
87 590
87 1052
87 1286
87 1865
87 2133
87 2558
87 3291
87 3625
87 4075
87 4301
87 4705
87 4997
87 5805
87 6016
88 262
88 819
88 896
88 1287
88 1896
88 2436
88 2624
88 3162
88 3373
88 3912
88 4453
88 4791
88 5122
88 5803
88 6044
89 88
89 706
89 937
89 1421
89 1736
89 2209
89 2826
89 2964
89 3539
89 4078
89 4574
89 4760
89 5265
89 5469
89 5944
90 95
90 507
90 1038
90 1607
90 1811
90 2393
90 2684
90 3064
90 3435
90 3998
90 4258
90 4869
90 5173
90 5445
90 6021
91 363
91 468
91 1220
91 1434
91 2001
91 2447
91 2834
91 3215
91 3355
91 3972
91 4190
91 4597
91 5272
91 5654
91 6109
92 266
92 773
92 1000
92 1646
92 1816
92 2171
92 2843
92 3045
92 3396
92 3965
92 4384
92 4590
92 5307
92 5645
92 6055
93 42
93 487
93 1097
93 1648
93 1988
93 2345
93 2786
93 3223
93 3737
93 4096
93 4243
93 4855
93 5110
93 5648
93 5897
94 71
94 804
94 875
94 1481
94 2030
94 2471
94 2529
94 3043
94 3543
94 4050
94 4226
94 4888
94 5013
94 5661
94 6159
95 376
95 808
95 898
95 1616
95 1881
95 2135
95 2657
95 3020
95 3569
95 4134
95 4510
95 4819
95 5403
95 5744
95 5867
96 319
96 571
96 1151
96 1427
96 1731
96 2394
96 2842
96 3163
96 3479
96 3792
96 4330
96 4640
96 5238
96 5611
96 5910
97 58
97 564
97 922
97 1486
97 2058
97 2283
97 2601
97 3142
97 3363
97 3887
97 4402
97 4948
97 5066
97 5788
97 5962
98 369
98 456
98 854
98 1520
98 2061
98 2408
98 2698
98 3220
98 3620
98 4076
98 4508
98 4607
98 5390
98 5801
98 5850
99 9
99 793
99 1143
99 1573
99 1798
99 2094
99 2569
99 2916
99 3618
99 3769
99 4166
99 4818
99 5323
99 5427
99 6209
100 119
100 790
100 1004
100 1387
100 2065
100 2309
100 2652
100 3283
100 3517
100 3771
100 4288
100 4587
100 5184
100 5520
100 6038
101 100
101 630
101 1005
101 1429
101 2047
101 2184
101 2706
101 2986
101 3655
101 3777
101 4278
101 4898
101 5186
101 5418
101 5938
102 49
102 666
102 1080
102 1599
102 2074
102 2154
102 2592
102 3025
102 3445
102 3955
102 4311
102 4733
102 5288
102 5641
102 6129
103 336
103 817
103 973
103 1489
103 1925
103 2350
103 2708
103 3084
103 3681
103 3820
103 4535
103 4865
103 5144
103 5778
103 5911
104 389
104 675
104 1098
104 1312
104 1730
104 2234
104 2580
104 3161
104 3502
104 3908
104 4529
104 4897
104 5282
104 5738
104 6179
105 7
105 594
105 924
105 1472
105 1886
105 2084
105 2678
105 3048
105 3589
105 3768
105 4320
105 4670
105 5318
105 5482
105 6232
106 257
106 643
106 1020
106 1351
106 1913
106 2389
106 2784
106 2971
106 3449
106 4003
106 4519
106 4708
106 5034
106 5816
106 6208
107 210
107 714
107 1055
107 1298
107 1973
107 2414
107 2645
107 2947
107 3344
107 3818
107 4219
107 4787
107 5100
107 5502
107 6087
108 198
108 823
108 878
108 1658
108 1928
108 2189
108 2764
108 3060
108 3559
108 4010
108 4450
108 4780
108 5181
108 5819
108 5965
109 360
109 474
109 1242
109 1603
109 1689
109 2247
109 2820
109 3167
109 3692
109 4107
109 4494
109 4761
109 5396
109 5620
109 6185
110 310
110 814
110 1227
110 1514
110 1842
110 2259
110 2892
110 3261
110 3548
110 4127
110 4550
110 4923
110 5022
110 5658
110 6101
111 37
111 434
111 844
111 1638
111 1939
111 2199
111 2757
111 3226
111 3547
111 3907
111 4216
111 4988
111 5395
111 5717
111 6031
112 278
112 709
112 1173
112 1659
112 1761
112 2091
112 2867
112 3096
112 3443
112 3961
112 4456
112 4801
112 5183
112 5539
112 5958
113 34
113 488
113 1013
113 1588
113 1677
113 2237
113 2857
113 3266
113 3447
113 3830
113 4332
113 4754
113 5379
113 5446
113 6183
114 334
114 825
114 931
114 1458
114 2008
114 2093
114 2618
114 2956
114 3469
114 3774
114 4241
114 4742
114 5106
114 5545
114 5856
115 12
115 598
115 1006
115 1309
115 1849
115 2293
115 2773
115 3113
115 3565
115 4124
115 4410
115 4666
115 5370
115 5421
115 6030
116 312
116 683
116 897
116 1597
116 1998
116 2159
116 2891
116 3180
116 3505
116 3929
116 4246
116 4918
116 5091
116 5495
116 6146
117 136
117 681
117 1061
117 1373
117 2018
117 2349
117 2549
117 3034
117 3599
117 4111
117 4256
117 4882
117 5128
117 5583
117 5945
118 174
118 480
118 1054
118 1283
118 1781
118 2197
118 2849
118 3125
118 3573
118 4080
118 4210
118 4691
118 5057
118 5743
118 5884
119 415
119 574
119 990
119 1609
119 1671
119 2229
119 2600
119 3203
119 3466
119 4044
119 4310
119 4965
119 5024
119 5425
119 6236
120 372
120 646
120 861
120 1563
120 2057
120 2240
120 2704
120 3052
120 3514
120 4064
120 4259
120 4586
120 5017
120 5496
120 6225
121 21
121 451
121 950
121 1498
121 1764
121 2486
121 2629
121 3316
121 3595
121 4141
121 4511
121 4756
121 5354
121 5588
121 6206
122 294
122 418
122 920
122 1649
122 2043
122 2403
122 2651
122 3037
122 3662
122 3838
122 4251
122 4619
122 5076
122 5504
122 5882
123 252
123 747
123 991
123 1627
123 1946
123 2276
123 2724
123 3069
123 3346
123 3806
123 4354
123 4625
123 5070
123 5515
123 6086
124 393
124 606
124 1131
124 1446
124 1702
124 2391
124 2620
124 2948
124 3736
124 3900
124 4572
124 4915
124 5068
124 5734
124 5913
125 408
125 459
125 960
125 1467
125 1693
125 2186
125 2512
125 3237
125 3330
125 3932
125 4415
125 4832
125 5310
125 5726
125 6091
126 35
126 547
126 1229
126 1525
126 1714
126 2364
126 2499
126 3004
126 3649
126 4135
126 4287
126 4900
126 5249
126 5798
126 5991
127 200
127 715
127 1103
127 1537
127 1683
127 2301
127 2816
127 3006
127 3386
127 3915
127 4564
127 4899
127 5067
127 5606
127 6151
128 163
128 521
128 1010
128 1661
128 2017
128 2116
128 2739
128 2967
128 3572
128 4034
128 4211
128 4723
128 5357
128 5508
128 6056
129 137
129 469
129 836
129 1632
129 1786
129 2233
129 2628
129 2955
129 3638
129 3783
129 4379
129 4711
129 5123
129 5687
129 5939
130 344
130 460
130 1065
130 1358
130 1905
130 2493
130 2632
130 3322
130 3414
130 3867
130 4426
130 4771
130 5003
130 5662
130 6026
131 322
131 501
131 919
131 1583
131 2024
131 2232
131 2519
131 3071
131 3349
131 3895
131 4347
131 4580
131 5246
131 5682
131 6047
132 90
132 527
132 1072
132 1473
132 1949
132 2081
132 2881
132 3027
132 3432
132 3780
132 4350
132 4710
132 5312
132 5622
132 6217
133 411
133 653
133 1051
133 1275
133 1981
133 2112
133 2744
133 3151
133 3713
133 3853
133 4333
133 4662
133 5109
133 5750
133 5976
134 43
134 731
134 860
134 1291
134 1695
134 2388
134 2807
134 2930
134 3503
134 3886
134 4286
134 4729
134 5353
134 5757
134 5833
135 105
135 728
135 929
135 1352
135 1729
135 2141
135 2534
135 2997
135 3684
135 3974
135 4455
135 4941
135 5168
135 5707
135 6017
136 404
136 447
136 1167
136 1293
136 1966
136 2459
136 2793
136 3054
136 3709
136 4049
136 4265
136 4578
136 5359
136 5435
136 6039
137 46
137 694
137 1225
137 1619
137 1980
137 2196
137 2563
137 3085
137 3584
137 3848
137 4463
137 4588
137 5342
137 5447
137 5905
138 97
138 634
138 1105
138 1534
138 1830
138 2190
138 2734
138 2936
138 3545
138 3918
138 4477
138 4833
138 4994
138 5785
138 5934
139 98
139 739
139 1033
139 1376
139 2015
139 2201
139 2583
139 2991
139 3348
139 3842
139 4168
139 4753
139 5052
139 5433
139 6131
140 295
140 696
140 911
140 1260
140 1822
140 2226
140 2782
140 3086
140 3351
140 4092
140 4566
140 4816
140 5331
140 5619
140 5996
141 341
141 770
141 1203
141 1579
141 1917
141 2313
141 2837
141 3182
141 3398
141 4089
141 4218
141 4885
141 5047
141 5533
141 5870
142 186
142 466
142 993
142 1548
142 1760
142 2129
142 2817
142 3244
142 3549
142 3759
142 4274
142 4735
142 5097
142 5629
142 6018
143 155
143 569
143 1248
143 1441
143 1897
143 2086
143 2616
143 3243
143 3567
143 4159
143 4553
143 4924
143 5038
143 5779
143 5982
144 5
144 610
144 1128
144 1559
144 1668
144 2322
144 2668
144 3153
144 3488
144 3760
144 4468
144 4659
144 5166
144 5541
144 6231
145 104
145 520
145 988
145 1598
145 1953
145 2230
145 2839
145 3206
145 3461
145 4081
145 4501
145 4743
145 5315
145 5494
145 6221
146 297
146 816
146 1115
146 1542
146 1711
146 2270
146 2553
146 2953
146 3366
146 3836
146 4532
146 4604
146 5193
146 5681
146 6118
147 214
147 609
147 1219
147 1313
147 1776
147 2392
147 2910
147 3012
147 3359
147 4024
147 4558
147 4960
147 5376
147 5471
147 6145
148 146
148 813
148 976
148 1409
148 1841
148 2325
148 2904
148 3123
148 3389
148 3822
148 4336
148 4713
148 5198
148 5488
148 6212
149 347
149 769
149 1083
149 1535
149 2027
149 2488
149 2751
149 3013
149 3530
149 3843
149 4163
149 4811
149 5149
149 5537
149 6011
150 55
150 766
150 1181
150 1370
150 1771
150 2467
150 2844
150 3130
150 3470
150 3819
150 4425
150 4858
150 5382
150 5557
150 5890
151 226
151 832
151 1003
151 1470
151 1705
151 2089
151 2608
151 3290
151 3698
151 3924
151 4374
151 4890
151 5375
151 5487
151 5874
152 199
152 754
152 880
152 1372
152 1975
152 2271
152 2777
152 2918
152 3676
152 3813
152 4433
152 4744
152 5118
152 5547
152 5999
153 139
153 586
153 1174
153 1325
153 1846
153 2278
153 2658
153 2934
153 3591
153 3999
153 4250
153 4859
153 5196
153 5732
153 5966
154 301
154 679
154 1142
154 1647
154 1895
154 2337
154 2860
154 3032
154 3561
154 3931
154 4527
154 4964
154 5113
154 5559
154 6222
155 256
155 723
155 873
155 1561
155 2026
155 2223
155 2564
155 3189
155 3718
155 3875
155 4518
155 4647
155 5276
155 5824
155 6211
156 242
156 492
156 1110
156 1414
156 1982
156 2496
156 2716
156 3010
156 3459
156 3752
156 4388
156 4656
156 5036
156 5551
156 5970
157 306
157 556
157 1063
157 1430
157 1728
157 2118
157 2863
157 3143
157 3695
157 4128
157 4503
157 4606
157 5321
157 5730
157 6116
158 113
158 717
158 947
158 1580
158 1782
158 2379
158 2707
158 3185
158 3619
158 3831
158 4522
158 4944
158 5053
158 5680
158 5902
159 407
159 785
159 834
159 1586
159 2044
159 2378
159 2599
159 3317
159 3368
159 3935
159 4348
159 4707
159 5111
159 5780
159 5941
160 248
160 550
160 1232
160 1605
160 1955
160 2281
160 2640
160 2974
160 3424
160 3950
160 4249
160 4767
160 5352
160 5728
160 5980
161 17
161 432
161 932
161 1307
161 1961
161 2117
161 2803
161 2913
161 3634
161 3893
161 4438
161 4971
161 5080
161 5470
161 6154
162 401
162 651
162 871
162 1401
162 1974
162 2280
162 2538
162 3284
162 3397
162 3921
162 4460
162 4913
162 5245
162 5594
162 6162
163 281
163 707
163 1009
163 1378
163 1766
163 2120
163 2498
163 3140
163 3365
163 4060
163 4457
163 4632
163 5040
163 5729
163 6182
164 316
164 473
164 1127
164 1620
164 1866
164 2342
164 2516
164 3160
164 3586
164 3796
164 4177
164 4686
164 5101
164 5749
164 6019
165 271
165 489
165 1070
165 1254
165 1903
165 2475
165 2660
165 3108
165 3632
165 3828
165 4303
165 4635
165 5356
165 5432
165 6035
166 414
166 476
166 895
166 1464
166 1829
166 2401
166 2661
166 2923
166 3475
166 4066
166 4497
166 4893
166 5224
166 5419
166 5960
167 364
167 682
167 887
167 1288
167 1993
167 2328
167 2701
167 3139
167 3617
167 3766
167 4299
167 4633
167 5200
167 5664
167 5986
168 339
168 698
168 883
168 1657
168 1797
168 2260
168 2521
168 3046
168 3615
168 3803
168 4294
168 4831
168 5028
168 5563
168 6103
169 138
169 503
169 1112
169 1483
169 1757
169 2477
169 2671
169 3301
169 3557
169 3772
169 4281
169 4693
169 5060
169 5677
169 5995
170 205
170 621
170 901
170 1270
170 1893
170 2185
170 2880
170 3258
170 3489
170 4144
170 4499
170 4835
170 5287
170 5582
170 6120
171 237
171 452
171 1071
171 1345
171 1859
171 2163
171 2582
171 3236
171 3525
171 4028
171 4489
171 4979
171 5167
171 5476
171 6049
172 108
172 809
172 1086
172 1289
172 1929
172 2311
172 2725
172 3207
172 3409
172 3798
172 4528
172 4951
172 5304
172 5548
172 6141
173 327
173 762
173 1146
173 1395
173 1994
173 2321
173 2663
173 3155
173 3693
173 3901
173 4170
173 4931
173 5056
173 5505
173 5871
174 45
174 446
174 1067
174 1654
174 2046
174 2144
174 2574
174 3003
174 3436
174 3834
174 4568
174 4937
174 5401
174 5659
174 6134
175 23
175 558
175 910
175 1305
175 1817
175 2165
175 2500
175 3184
175 3507
175 4108
175 4273
175 4741
175 5043
175 5511
175 6085
176 353
176 735
176 855
176 1257
176 1748
176 2102
176 2800
176 3299
176 3583
176 4109
176 4454
176 4610
176 5227
176 5552
176 6075
177 287
177 585
177 1096
177 1255
177 1795
177 2187
177 2565
177 3104
177 3578
177 4086
177 4346
177 4639
177 5291
177 5597
177 6199
178 75
178 601
178 1085
178 1439
178 1875
178 2421
178 2808
178 2980
178 3522
178 4112
178 4534
178 4614
178 5257
178 5491
178 5879
179 400
179 433
179 980
179 1495
179 1752
179 2292
179 2783
179 2983
179 3727
179 3824
179 4349
179 4929
179 5087
179 5459
179 6229
180 33
180 604
180 1152
180 1533
180 1845
180 2360
180 2868
180 2989
180 3738
180 4114
180 4507
180 4826
180 5150
180 5741
180 5834
181 350
181 677
181 1068
181 1576
181 1936
181 2487
181 2688
181 3145
181 3592
181 3919
181 4228
181 4947
181 5234
181 5570
181 6020
182 85
182 655
182 874
182 1413
182 1720
182 2158
182 2699
182 3170
182 3356
182 3758
182 4504
182 4836
182 5229
182 5481
182 5893
183 224
183 674
183 1023
183 1608
183 1915
183 2100
183 2841
183 3321
183 3380
183 3883
183 4380
183 4978
183 5025
183 5618
183 6060
184 371
184 593
184 1091
184 1541
184 2067
184 2242
184 2887
184 3092
184 3434
184 4033
184 4491
184 4789
184 5264
184 5708
184 5943
185 284
185 483
185 1140
185 1331
185 2076
185 2429
185 2903
185 3076
185 3371
185 3890
185 4254
185 4595
185 5102
185 5416
185 6015
186 150
186 687
186 1106
186 1276
186 1872
186 2423
186 2606
186 3156
186 3441
186 3794
186 4313
186 4581
186 5096
186 5748
186 5967
187 285
187 481
187 961
187 1386
187 1947
187 2307
187 2774
187 3128
187 3404
187 3802
187 4538
187 4825
187 5333
187 5637
187 6196
188 116
188 829
188 918
188 1582
188 2077
188 2474
188 2765
188 3147
188 3688
188 4123
188 4242
188 4905
188 5192
188 5806
188 6237
189 192
189 671
189 927
189 1299
189 1944
189 2419
189 2787
189 3218
189 3430
189 3762
189 4483
189 4977
189 5071
189 5464
189 5839
190 263
190 802
190 1129
190 1634
190 1935
190 2390
190 2714
190 3115
190 3382
190 3795
190 4382
190 4631
190 5031
190 5758
190 6090
191 238
191 562
191 940
191 1333
191 1911
191 2273
191 2852
191 3248
191 3590
191 3981
191 4314
191 4817
191 5360
191 5534
191 6042
192 167
192 685
192 1172
192 1437
192 1792
192 2380
192 2809
192 3053
192 3334
192 3793
192 4488
192 4895
192 5083
192 5590
192 6089
193 342
193 563
193 974
193 1567
193 1712
193 2213
193 2726
193 2932
193 3493
193 3892
193 4351
193 4594
193 5258
193 5449
193 6223
194 180
194 689
194 934
194 1456
194 1942
194 2357
194 2667
194 3177
194 3571
194 4014
194 4269
194 4677
194 5006
194 5765
194 5898
195 303
195 680
195 1032
195 1475
195 1954
195 2298
195 2736
195 2925
195 3465
195 3985
195 4237
195 4582
195 5254
195 5804
195 6144
196 124
196 784
196 1171
196 1393
196 1823
196 2352
196 2638
196 3169
196 3629
196 4101
196 4365
196 4591
196 5309
196 5670
196 6228
197 86
197 711
197 1090
197 1426
197 1679
197 2180
197 2702
197 2931
197 3524
197 3847
197 4421
197 4745
197 5269
197 5426
197 6058
198 251
198 580
198 868
198 1403
198 1836
198 2266
198 2531
198 3172
198 3697
198 4042
198 4275
198 4645
198 5064
198 5776
198 6172
199 211
199 768
199 1132
199 1338
199 1970
199 2087
199 2835
199 3310
199 3731
199 4027
199 4383
199 4702
199 5134
199 5430
199 5831
200 208
200 641
200 957
200 1251
200 1904
200 2183
200 2802
200 2917
200 3513
200 3817
200 4221
200 4914
200 5157
200 5498
200 6132
201 323
201 626
201 1094
201 1415
201 1796
201 2106
201 2526
201 3228
201 3504
201 4065
201 4567
201 4593
201 5266
201 5451
201 5915
202 232
202 659
202 989
202 1496
202 1706
202 2214
202 2763
202 3320
202 3556
202 3910
202 4164
202 4722
202 5301
202 5753
202 5862
203 385
203 595
203 1108
203 1432
203 1821
203 2194
203 2856
203 3088
203 3357
203 3945
203 4194
203 4782
203 5116
203 5602
203 5969
204 207
204 545
204 913
204 1336
204 2053
204 2191
204 2633
204 3205
204 3379
204 3860
204 4474
204 4968
204 5277
204 5497
204 6190
205 239
205 499
205 959
205 1484
205 1850
205 2243
205 2703
205 3275
205 3494
205 3851
205 4302
205 4983
205 5337
205 5675
205 6164
206 388
206 777
206 1043
206 1493
206 1956
206 2312
206 2641
206 3166
206 3696
206 4153
206 4364
206 4804
206 5344
206 5793
206 5974
207 275
207 638
207 1224
207 1445
207 1783
207 2491
207 2738
207 3001
207 3364
207 4098
207 4370
207 4678
207 5239
207 5768
207 6040
208 380
208 575
208 1138
208 1323
208 1740
208 2397
208 2750
208 3072
208 3613
208 3804
208 4297
208 4952
208 5158
208 5428
208 5950
209 10
209 743
209 970
209 1412
209 1843
209 2332
209 2733
209 3276
209 3677
209 3973
209 4324
209 4749
209 5206
209 5759
209 6045
210 338
210 650
210 841
210 1497
210 1754
210 2361
210 2788
210 2977
210 3367
210 4077
210 4201
210 4654
210 5255
210 5695
210 5998
211 260
211 428
211 1075
211 1612
211 1666
211 2162
211 2758
211 3110
211 3427
211 4008
211 4481
211 4848
211 5207
211 5489
211 6088
212 72
212 538
212 997
212 1636
212 1777
212 2368
212 2593
212 3150
212 3699
212 4059
212 4576
212 4982
212 5241
212 5538
212 5875
213 188
213 581
213 885
213 1664
213 1979
213 2156
213 2576
213 2958
213 3628
213 4035
213 4283
213 4980
213 5048
213 5820
213 6204
214 99
214 755
214 1109
214 1443
214 1927
214 2358
214 2846
214 3328
214 3541
214 4021
214 4536
214 4718
214 5055
214 5434
214 6233
215 409
215 548
215 933
215 1450
215 1800
215 2435
215 2654
215 3030
215 3437
215 4001
215 4552
215 4834
215 5026
215 5625
215 5896
216 282
216 472
216 1247
216 1574
216 1665
216 2103
216 2685
216 3230
216 3576
216 3833
216 4560
216 4716
216 5408
216 5701
216 6108
217 93
217 435
217 890
217 1455
217 1992
217 2151
217 2815
217 3245
217 3667
217 4013
217 4230
217 4660
217 5136
217 5770
217 6076
218 129
218 457
218 1047
218 1596
218 2040
218 2092
218 2656
218 2928
218 3402
218 3943
218 4416
218 4777
218 5201
218 5480
218 6170
219 329
219 437
219 1099
219 1503
219 1837
219 2182
219 2713
219 3117
219 3742
219 3770
219 4485
219 4600
219 5299
219 5523
219 5843
220 387
220 522
220 1120
220 1404
220 1919
220 2472
220 2497
220 3098
220 3378
220 4122
220 4199
220 4864
220 5009
220 5702
220 5859
221 254
221 512
221 1157
221 1550
221 1885
221 2143
221 2785
221 3307
221 3453
221 3789
221 4408
221 4853
221 5074
221 5731
221 5933
222 375
222 799
222 1035
222 1296
222 2005
222 2088
222 2639
222 3133
222 3680
222 4147
222 4369
222 4757
222 5027
222 5501
222 6169
223 51
223 654
223 1148
223 1602
223 1724
223 2330
223 2673
223 3078
223 3341
223 3913
223 4475
223 4721
223 5007
223 5461
223 6064
224 259
224 656
224 1231
224 1448
224 2009
224 2245
224 2741
224 3225
224 3735
224 3885
224 4234
224 4986
224 5339
224 5692
224 6166
225 91
225 767
225 1107
225 1344
225 2049
225 2405
225 2762
225 3090
225 3518
225 3904
225 4277
225 4957
225 5399
225 5693
225 6138
226 89
226 425
226 886
226 1297
226 1809
226 2300
226 2648
226 2985
226 3568
226 3863
226 4412
226 4680
226 5232
226 5815
226 6180
227 291
227 417
227 1149
227 1510
227 1723
227 2463
227 2700
227 3250
227 3340
227 3864
227 4312
227 4701
227 5153
227 5521
227 6081
228 61
228 628
228 1028
228 1530
228 1799
228 2395
228 2602
228 3168
228 3706
228 4097
228 4345
228 4891
228 5112
228 5473
228 6143
229 377
229 636
229 1018
229 1381
229 1835
229 2097
229 2759
229 3158
229 3704
229 4038
229 4465
229 4769
229 5385
229 5493
229 5858
230 114
230 470
230 1134
230 1334
230 2045
230 2222
230 2539
230 3211
230 3483
230 3911
230 4276
230 4585
230 5172
230 5460
230 5977
231 30
231 467
231 1125
231 1590
231 2073
231 2148
231 2609
231 3256
231 3581
231 4091
231 4546
231 4827
231 5073
231 5566
231 6216
232 403
232 782
232 928
232 1397
232 1871
232 2153
232 2682
232 3194
232 3707
232 4117
232 4445
232 4784
232 5159
232 5586
232 5948
233 326
233 734
233 1062
233 1465
233 1996
233 2387
233 2635
233 3195
233 3694
233 3968
233 4490
233 4850
233 5298
233 5704
233 5937
234 280
234 427
234 1022
234 1371
234 1965
234 2160
234 2709
234 3042
234 3724
234 3747
234 4541
234 4866
234 5279
234 5595
234 6115
235 220
235 579
235 952
235 1589
235 2041
235 2428
235 2613
235 3094
235 3611
235 3989
235 4319
235 4637
235 5021
235 5422
235 5984
236 13
236 491
236 1008
236 1249
236 1722
236 2407
236 2670
236 3129
236 3528
236 3975
236 4231
236 4682
236 5275
236 5633
236 5927
237 357
237 688
237 1233
237 1528
237 1840
237 2262
237 2554
237 2960
237 3656
237 3753
237 4509
237 4748
237 5011
237 5669
237 5919
238 62
238 737
238 1160
238 1487
238 1794
238 2299
238 2695
238 3187
238 3438
238 3956
238 4393
238 4838
238 5058
238 5462
238 5829
239 6
239 821
239 1205
239 1532
239 1959
239 2219
239 2811
239 3051
239 3464
239 3865
239 4244
239 4936
239 5405
239 5688
239 6074
240 141
240 583
240 1016
240 1436
240 1669
240 2377
240 2827
240 3325
240 3647
240 3858
240 4162
240 4837
240 5303
240 5617
240 6128
241 175
241 448
241 971
241 1623
241 2033
241 2373
241 2572
241 3242
241 3444
241 4119
241 4398
241 4868
241 5289
241 5531
241 6192
242 348
242 719
242 1026
242 1262
242 1732
242 2335
242 2889
242 3188
242 3562
242 3849
242 4373
242 4611
242 5263
242 5463
242 6067
243 160
243 670
243 917
243 1319
243 1779
243 2174
243 2801
243 2945
243 3511
243 4142
243 4328
243 4792
243 4999
243 5483
243 5907
244 153
244 490
244 1045
244 1359
244 1933
244 2256
244 2876
244 3100
244 3645
244 3782
244 4335
244 4808
244 5000
244 5578
244 6022
245 206
245 787
245 870
245 1347
245 2079
245 2224
245 2742
245 3315
245 3544
245 3827
245 4478
245 4877
245 5132
245 5678
245 6012
246 223
246 794
246 1206
246 1626
246 1967
246 2104
246 2712
246 3091
246 3588
246 3855
246 4399
246 4928
246 5338
246 5490
246 6173
247 156
247 549
247 930
247 1444
247 1788
247 2494
247 2806
247 3015
247 3452
247 3845
247 4326
247 4940
247 5381
247 5572
247 5914
248 59
248 525
248 936
248 1394
248 1976
248 2431
248 2508
248 3095
248 3405
248 3938
248 4173
248 4806
248 5281
248 5474
248 5997
249 195
249 716
249 986
249 1544
249 1867
249 2320
249 2515
249 2969
249 3575
249 4007
249 4432
249 4785
249 5176
249 5784
249 5855
250 165
250 462
250 1156
250 1383
250 1772
250 2137
250 2719
250 2939
250 3423
250 3850
250 4554
250 4901
250 5380
250 5438
250 6106
251 381
251 669
251 1017
251 1271
251 1805
251 2416
251 2780
251 3175
251 3394
251 3880
251 4544
251 4589
251 5004
251 5522
251 5925
252 325
252 788
252 1159
252 1379
252 2078
252 2200
252 2607
252 3079
252 3708
252 3814
252 4392
252 4783
252 5252
252 5608
252 6069
253 148
253 800
253 877
253 1499
253 1742
253 2268
253 2533
253 2962
253 3726
253 3801
253 4268
253 4828
253 5088
253 5769
253 6165
254 241
254 443
254 1222
254 1310
254 1880
254 2272
254 2792
254 3200
254 3678
254 3934
254 4182
254 4736
254 5130
254 5727
254 5921
255 317
255 645
255 894
255 1536
255 2029
255 2167
255 2643
255 3041
255 3700
255 3811
255 4176
255 4603
255 5148
255 5532
255 6205
256 299
256 801
256 1176
256 1526
256 1815
256 2354
256 2878
256 3214
256 3579
256 4015
256 4487
256 4800
256 5033
256 5479
256 5900
257 54
257 657
257 1025
257 1447
257 1685
257 2251
257 2509
257 3026
257 3563
257 3832
257 4161
257 4746
257 5129
257 5636
257 6054
258 128
258 693
258 1195
258 1522
258 1759
258 2255
258 2626
258 3234
258 3536
258 4139
258 4169
258 4938
258 5358
258 5468
258 5961
259 50
259 493
259 1050
259 1419
259 1901
259 2460
259 2722
259 3024
259 3425
259 3764
259 4461
259 4932
259 5143
259 5746
259 6210
260 229
260 703
260 984
260 1261
260 1703
260 2340
260 2869
260 2995
260 3492
260 4149
260 4389
260 4714
260 5175
260 5530
260 6215
261 379
261 760
261 905
261 1494
261 1707
261 2329
261 2697
261 3112
261 3508
261 3906
261 4245
261 4584
261 5139
261 5573
261 6096
262 290
262 632
262 1209
262 1610
262 1884
262 2417
262 2804
262 2922
262 3596
262 3879
262 4180
262 4658
262 5163
262 5412
262 5947
263 135
263 795
263 869
263 1507
263 1882
263 2254
263 2545
263 3089
263 3607
263 3948
263 4375
263 4909
263 5371
263 5596
263 5978
264 162
264 807
264 1236
264 1501
264 1738
264 2206
264 2546
264 3097
264 3642
264 3957
264 4506
264 4963
264 5212
264 5679
264 5923
265 169
265 438
265 1119
265 1428
265 2066
265 2212
265 2776
265 3126
265 3472
265 4094
265 4280
265 4946
265 5294
265 5450
265 5949
266 189
266 607
266 1180
266 1469
266 1681
266 2383
266 2833
266 3056
266 3526
266 3823
266 4261
266 4884
266 5075
266 5665
266 5935
267 157
267 526
267 1007
267 1655
267 1820
267 2438
267 2888
267 3190
267 3744
267 4115
267 4165
267 4886
267 5343
267 5767
267 6107
268 111
268 508
268 1076
268 1365
268 1844
268 2155
268 2790
268 3119
268 3429
268 3888
268 4436
268 4592
268 5388
268 5601
268 6160
269 253
269 511
269 1184
269 1279
269 1952
269 2138
269 2883
269 3047
269 3714
269 3980
269 4343
269 4671
269 5364
269 5420
269 6238
270 311
270 775
270 1014
270 1316
270 1971
270 2455
270 2743
270 2946
270 3646
270 4061
270 4212
270 4579
270 5236
270 5553
270 6234
271 70
271 537
271 998
271 1545
271 1737
271 2287
271 2555
271 2998
271 3329
271 3903
271 4191
271 4962
271 5271
271 5632
271 6240
272 244
272 544
272 872
272 1302
272 1810
272 2098
272 2693
272 3075
272 3657
272 3984
272 4537
272 4618
272 5314
272 5535
272 6050
273 247
273 658
273 852
273 1326
273 1870
273 2105
273 2728
273 2965
273 3446
273 4055
273 4551
273 4925
273 5169
273 5772
273 6184
274 340
274 597
274 1150
274 1399
274 1819
274 2178
274 2696
274 3122
274 3721
274 3979
274 4189
274 4935
274 5317
274 5735
274 5972
275 255
275 744
275 843
275 1628
275 1948
275 2257
275 2898
275 3327
275 3658
275 4085
275 4298
275 4896
275 5189
275 5589
275 6084
276 4
276 551
276 892
276 1362
276 2070
276 2376
276 2664
276 3198
276 3388
276 4125
276 4236
276 4797
276 5253
276 5529
276 6023
277 391
277 695
277 1197
277 1552
277 1869
277 2304
277 2822
277 3192
277 3555
277 4069
277 4561
277 4852
277 5259
277 5718
277 5963
278 143
278 572
278 1158
278 1272
278 1793
278 2248
278 2647
278 2981
278 3665
278 3996
278 4200
278 4738
278 5211
278 5719
278 6188
279 87
279 529
279 962
279 1346
279 2068
279 2411
279 2598
279 2982
279 3661
279 3933
279 4516
279 4728
279 5174
279 5526
279 5846
280 358
280 732
280 1012
280 1392
280 1802
280 2277
280 2854
280 3210
280 3354
280 3990
280 4372
280 4675
280 5340
280 5740
280 6119
281 307
281 423
281 1064
281 1558
281 1883
281 2319
281 2556
281 2966
281 3416
281 4151
281 4195
281 4692
281 5107
281 5499
281 6176
282 36
282 515
282 1235
282 1594
282 2069
282 2355
282 2858
282 2915
282 3478
282 4053
282 4352
282 4608
282 5125
282 5640
282 6080
283 109
283 774
283 1245
283 1332
283 1674
283 2239
283 2850
283 3136
283 3716
283 4052
283 4337
283 4966
283 5188
283 5822
283 5847
284 56
284 612
284 1058
284 1273
284 1770
284 2481
284 2551
284 3019
284 3691
284 3914
284 4202
284 4665
284 5094
284 5790
284 6041
285 346
285 776
285 840
285 1292
285 1735
285 2168
285 2794
285 3061
285 3641
285 3746
285 4358
285 4652
285 5030
285 5705
285 5985
286 179
286 812
286 1190
286 1480
286 1785
286 2142
286 2610
286 3033
286 3712
286 4022
286 4239
286 4990
286 5267
286 5569
286 5826
287 48
287 746
287 1102
287 1306
287 1726
287 2384
287 2838
287 2994
287 3743
287 3891
287 4233
287 4674
287 5131
287 5733
287 5828
288 134
288 568
288 1056
288 1294
288 1950
288 2479
288 2886
288 2929
288 3600
288 3909
288 4500
288 4974
288 4993
288 5711
288 5926
289 315
289 730
289 1117
289 1516
289 1762
289 2181
289 2853
289 3224
289 3375
289 4072
289 4167
289 4810
289 5085
289 5467
289 5837
290 47
290 665
290 882
290 1256
290 1678
290 2221
290 2908
290 2996
290 3623
290 4103
290 4327
290 4911
290 5015
290 5607
290 5857
291 399
291 705
291 944
291 1653
291 2006
291 2130
291 2543
291 2943
291 3570
291 3839
291 4193
291 4750
291 5050
291 5786
291 5975
292 168
292 780
292 1147
292 1361
292 1943
292 2399
292 2848
292 2949
292 3686
292 4104
292 4573
292 4822
292 5217
292 5764
292 5964
293 40
293 791
293 850
293 1363
293 1744
293 2225
293 2821
293 2938
293 3682
293 4156
293 4557
293 4601
293 5069
293 5773
293 5889
294 304
294 539
294 996
294 1411
294 1920
294 2426
294 2778
294 3005
294 3374
294 3927
294 4255
294 4910
294 5155
294 5781
294 6110
295 390
295 430
295 853
295 1461
295 1963
295 2386
295 2694
295 3262
295 3498
295 3960
295 4565
295 4698
295 5103
295 5720
295 5852
296 313
296 616
296 1189
296 1584
296 1854
296 2289
296 2789
296 3149
296 3369
296 4154
296 4429
296 4981
296 5400
296 5584
296 6239
297 328
297 608
297 1031
297 1604
297 1812
297 2359
297 2614
297 3318
297 3720
297 4093
297 4197
297 4786
297 5051
297 5791
297 5929
298 149
298 577
298 1182
298 1303
298 1758
298 2339
298 2812
298 3028
298 3520
298 3825
298 4411
298 4602
298 5330
298 5674
298 6077
299 82
299 620
299 1101
299 1560
299 2014
299 2398
299 2740
299 3268
299 3484
299 3872
299 4344
299 4622
299 5384
299 5635
299 6122
300 76
300 494
300 1082
300 1391
300 2048
300 2402
300 2527
300 2957
300 3342
300 4079
300 4196
300 4919
300 5332
300 5442
300 6201
301 131
301 759
301 1207
301 1474
301 1887
301 2333
301 2623
301 3272
301 3457
301 3964
301 4329
301 4667
301 5268
301 5410
301 6066
302 19
302 614
302 1081
302 1268
302 1778
302 2334
302 2824
302 3260
302 3448
302 3970
302 4570
302 4657
302 5402
302 5424
302 5917
303 250
303 824
303 999
303 1400
303 2063
303 2367
303 2872
303 2999
303 3496
303 3857
303 4356
303 4846
303 5341
303 5624
303 6004
304 11
304 463
304 923
304 1644
304 1889
304 2179
304 2779
304 2950
304 3401
304 4043
304 4505
304 4752
304 5251
304 5417
304 5971
305 117
305 736
305 863
305 1252
305 2011
305 2348
305 2798
305 3313
305 3650
305 4051
305 4179
305 4917
305 5065
305 5647
305 6057
306 382
306 611
306 972
306 1617
306 2038
306 2286
306 2735
306 3087
306 3683
306 3810
306 4214
306 4812
306 5383
306 5455
306 5952
307 374
307 713
307 948
307 1285
307 1997
307 2302
307 2604
307 3049
307 3516
307 3751
307 4186
307 4883
307 5108
307 5712
307 6202
308 190
308 426
308 845
308 1521
308 2022
308 2310
308 2528
308 3154
308 3519
308 3997
308 4533
308 4906
308 5205
308 5519
308 6028
309 142
309 453
309 1002
309 1509
309 2071
309 2344
309 2690
309 3021
309 3587
309 4068
309 4420
309 4687
309 5387
309 5564
309 5942
310 288
310 779
310 1066
310 1327
310 2002
310 2346
310 2552
310 2992
310 3353
310 4110
310 4291
310 4621
310 5274
310 5437
310 5887
311 405
311 495
311 1141
311 1355
311 1806
311 2231
311 2644
311 3057
311 3616
311 3958
311 4238
311 4815
311 5230
311 5663
311 5842
312 395
312 623
312 912
312 1527
312 1717
312 2282
312 2517
312 2968
312 3624
312 4054
312 4569
312 4970
312 5180
312 5792
312 6135
313 225
313 810
313 1111
313 1554
313 2072
313 2169
313 2571
313 3002
313 3723
313 3761
313 4495
313 4609
313 5178
313 5716
313 5959
314 286
314 596
314 1187
314 1505
314 1931
314 2362
314 2631
314 2940
314 3523
314 4148
314 4427
314 4740
314 5191
314 5631
314 6163
315 268
315 724
315 977
315 1571
315 1673
315 2366
315 2584
315 3127
315 3343
315 3941
315 4428
315 4672
315 5372
315 5762
315 5912
316 16
316 771
316 939
316 1329
316 1718
316 2420
316 2504
316 3065
316 3400
316 3994
316 4548
316 4683
316 5222
316 5655
316 5864
317 177
317 722
317 833
317 1593
317 2028
317 2371
317 2745
317 3073
317 3630
317 3925
317 4391
317 4790
317 5209
317 5579
317 6068
318 370
318 828
318 1230
318 1643
318 2060
318 2265
318 2559
318 3165
318 3532
318 3889
318 4562
318 4731
318 5019
318 5423
318 6082
319 352
319 485
319 969
319 1652
319 1958
319 2236
319 2547
319 3135
319 3506
319 3844
319 4404
319 4972
319 5194
319 5512
319 5844
320 53
320 454
320 902
320 1417
320 1768
320 2445
320 2775
320 3105
320 3408
320 3897
320 4413
320 4765
320 5350
320 5634
320 6063
321 320
321 561
321 1139
321 1476
321 1755
321 2119
321 2769
321 3152
321 3621
321 3807
321 4198
321 4956
321 5008
321 5814
321 5932
322 164
322 830
322 987
322 1317
322 1985
322 2465
322 2530
322 3197
322 3399
322 4029
322 4401
322 4648
322 5407
322 5439
322 5849
323 302
323 668
323 1015
323 1324
323 1912
323 2110
323 2893
323 3201
323 3725
323 3748
323 4252
323 4805
323 5093
323 5694
323 5916
324 309
324 753
324 906
324 1431
324 1874
324 2202
324 2737
324 3196
324 3585
324 4145
324 4431
324 4739
324 5292
324 5697
324 5845
325 101
325 662
325 1164
325 1515
325 1968
325 2466
325 2710
325 3222
325 3651
325 3899
325 4300
325 4776
325 5327
325 5796
325 6124
326 264
326 605
326 1244
326 1587
326 2062
326 2443
326 2636
326 3083
326 3580
326 4025
326 4257
326 4758
326 5219
326 5795
326 6198
327 272
327 465
327 1166
327 1468
327 1699
327 2109
327 2532
327 3000
327 3702
327 3882
327 4406
327 4779
327 5035
327 5610
327 5835
328 161
328 742
328 884
328 1422
328 1719
328 2462
328 2540
328 3023
328 3553
328 3755
328 4462
328 4889
328 5377
328 5754
328 6065
329 103
329 697
329 879
329 1459
329 1864
329 2263
329 2692
329 3247
329 3491
329 3808
329 4235
329 4969
329 5295
329 5571
329 6200
330 181
330 718
330 899
330 1424
330 1696
330 2114
330 2859
330 3183
330 3361
330 4137
330 4539
330 4943
330 4995
330 5516
330 5924
331 176
331 565
331 1039
331 1630
331 1763
331 2275
331 2501
331 3171
331 3458
331 3791
331 4449
331 4650
331 5204
331 5576
331 5827
332 170
332 763
332 1027
332 1281
332 1697
332 2175
332 2585
332 2941
332 3660
332 4160
332 4417
332 4794
332 5061
332 5456
332 5901
333 127
333 444
333 953
333 1360
333 1855
333 2482
333 2625
333 3229
333 3733
333 4004
333 4405
333 4830
333 5250
333 5739
333 6189
334 194
334 667
334 1130
334 1606
334 1832
334 2315
334 2502
334 2976
334 3339
334 4084
334 4452
334 4689
334 5369
334 5536
334 6193
335 240
335 729
335 1041
335 1267
335 1670
335 2437
335 2884
335 3022
335 3350
335 4074
335 4217
335 4955
335 5283
335 5763
335 5873
336 184
336 772
336 837
336 1466
336 1789
336 2241
336 2711
336 3326
336 3501
336 4106
336 4424
336 4768
336 5203
336 5813
336 5951
337 65
337 510
337 1186
337 1314
337 1694
337 2363
337 2865
337 3031
337 3719
337 3763
337 4479
337 4930
337 5044
337 5503
337 6133
338 273
338 419
338 1124
338 1471
338 1922
338 2422
338 2723
338 3121
338 3527
338 3942
338 4394
338 4814
338 5195
338 5414
338 5989
339 230
339 700
339 848
339 1511
339 1907
339 2170
339 2912
339 3232
339 3360
339 3983
339 4377
339 4732
339 5114
339 5673
339 5840
340 151
340 615
340 1240
340 1356
340 1856
340 2195
340 2561
340 3278
340 3729
340 3869
340 4476
340 4874
340 5001
340 5581
340 6220
341 235
341 673
341 1036
341 1524
341 1790
341 2410
341 2899
341 3011
341 3395
341 3800
341 4267
341 4669
341 5179
341 5506
341 5892
342 269
342 517
342 963
342 1407
342 2032
342 2136
342 2578
342 3208
342 3421
342 3876
342 4306
342 4873
342 5115
342 5777
342 6083
343 102
343 803
343 942
343 1621
343 1727
343 2244
343 2907
343 3146
343 3426
343 4006
343 4466
343 4908
343 5260
343 5723
343 6053
344 172
344 712
344 889
344 1631
344 1847
344 2205
344 2705
344 3285
344 3631
344 3947
344 4309
344 4989
344 5084
344 5549
344 6127
345 245
345 618
345 1246
345 1388
345 1894
345 2347
345 2579
345 3231
345 3672
345 4009
345 4403
345 4847
345 5378
345 5755
345 6111
346 79
346 708
346 1057
346 1543
346 2021
346 2415
346 2568
346 2963
346 3481
346 3840
346 4181
346 4644
346 5099
346 5561
346 6158
347 187
347 633
347 1179
347 1595
347 1977
347 2269
347 2575
347 3324
347 3582
347 3873
347 4459
347 4706
347 5351
347 5485
347 6095
348 413
348 589
348 1079
348 1555
348 1676
348 2131
348 2840
348 3176
348 3480
348 4126
348 4262
348 4772
348 5389
348 5713
348 5880
349 335
349 811
349 846
349 1390
349 1972
349 2193
349 2864
349 3138
349 3610
349 4058
349 4563
349 4894
349 5392
349 5580
349 5838
350 351
350 420
350 835
350 1280
350 1862
350 2343
350 2542
350 3302
350 3387
350 3846
350 4559
350 4755
350 5016
350 5546
350 5851
351 125
351 573
351 1073
351 1290
351 1878
351 2464
351 2669
351 3144
351 3734
351 3936
351 4207
351 4961
351 5165
351 5684
351 6161
352 212
352 486
352 1170
352 1368
352 1824
352 2188
352 2890
352 3267
352 3606
352 3920
352 4531
352 4795
352 5366
352 5643
352 5992
353 332
353 524
353 1059
353 1304
353 1868
353 2457
353 2506
353 3287
353 3332
353 3765
353 4353
353 4949
353 5368
353 5649
353 5878
354 305
354 532
354 1133
354 1508
354 1908
354 2083
354 2672
354 3080
354 3626
354 3812
354 4395
354 4759
354 5063
354 5528
354 6168
355 201
355 738
355 1154
355 1591
355 1916
355 2374
355 2646
355 3265
355 3609
355 3922
355 4547
355 4668
355 5293
355 5651
355 6003
356 182
356 450
356 1144
356 1639
356 2050
356 2288
356 2873
356 2978
356 3577
356 3826
356 4220
356 4763
356 5185
356 5626
356 5928
357 222
357 778
357 1135
357 1438
357 1964
357 2207
357 2721
357 3164
357 3531
357 4120
357 4307
357 4646
357 5394
357 5554
357 6046
358 204
358 752
358 943
358 1350
358 1667
358 2216
358 2727
358 3066
358 3392
358 3749
358 4271
358 4730
358 5404
358 5477
358 6034
359 300
359 660
359 1226
359 1284
359 1767
359 2176
359 2617
359 2935
359 3622
359 3856
359 4400
359 4945
359 5124
359 5782
359 6072
360 173
360 702
360 1114
360 1547
360 1686
360 2338
360 2855
360 3040
360 3550
360 4113
360 4340
360 4725
360 5365
360 5448
360 6071
361 362
361 534
361 1044
361 1600
361 1787
361 2323
361 2832
361 3246
361 3486
361 4045
361 4178
361 4775
361 5142
361 5676
361 5988
362 18
362 478
362 1168
362 1425
362 1888
362 2164
362 2830
362 3288
362 3474
362 4019
362 4526
362 4629
362 5244
362 5472
362 5894
363 145
363 827
363 1208
363 1635
363 1926
363 2128
363 2760
363 3306
363 3594
363 4016
363 4292
363 4950
363 5297
363 5603
363 6070
364 228
364 455
364 904
364 1504
364 1791
364 2122
364 2729
364 3209
364 3670
364 3944
364 4571
364 4992
364 5145
364 5696
364 5863
365 24
365 533
365 881
365 1389
365 1684
365 2253
365 2877
365 3217
365 3627
365 3871
365 4188
365 4695
365 5152
365 5518
365 6126
366 106
366 514
366 1093
366 1382
366 1814
366 2375
366 2875
366 3221
366 3335
366 3779
366 4266
366 4953
366 5081
366 5492
366 5918
367 29
367 757
367 842
367 1645
367 1774
367 2291
367 2573
367 3102
367 3419
367 4090
367 4418
367 4737
367 5005
367 5660
367 6214
368 147
368 518
368 1169
368 1320
368 1804
368 2264
368 2731
368 3289
368 3566
368 3775
368 4472
368 4861
368 5133
368 5789
368 6117
369 178
369 436
369 1040
369 1384
369 1813
369 2111
369 2612
369 3216
369 3558
369 3952
369 4514
369 4881
369 5305
369 5810
369 5979
370 398
370 627
370 1221
370 1335
370 2025
370 2132
370 2605
370 3311
370 3608
370 4152
370 4524
370 4807
370 5141
370 5644
370 6009
371 81
371 805
371 941
371 1512
371 2003
371 2385
371 2847
371 3255
371 3635
371 4102
371 4387
371 4849
371 5335
371 5507
371 6224
372 293
372 461
372 1113
372 1380
372 1808
372 2284
372 2621
372 2919
372 3679
372 4047
372 4184
372 4774
372 5199
372 5615
372 5922
373 31
373 704
373 1145
373 1518
373 1918
373 2297
373 2831
373 3059
373 3473
373 3815
373 4227
373 4973
373 5362
373 5812
373 6092
374 354
374 678
374 979
374 1367
374 1691
374 2108
374 2755
374 3131
374 3454
374 3785
374 4423
374 4613
374 5012
374 5818
374 6218
375 202
375 523
375 839
375 1660
375 1708
375 2228
375 2662
375 3309
375 3701
375 4143
375 4368
375 4577
375 5334
375 5431
375 5869
376 185
376 536
376 1188
376 1539
376 2007
376 2090
376 2611
376 2973
376 3509
376 3902
376 4248
376 4642
376 5032
376 5652
376 5955
377 158
377 584
377 1089
377 1492
377 1769
377 2468
377 2677
377 3298
377 3499
377 3854
377 4469
377 4954
377 5018
377 5809
377 6136
378 67
378 422
378 1092
378 1435
378 1940
378 2218
378 2588
378 3099
378 3485
378 3988
378 4513
378 4813
378 5095
378 5466
378 5920
379 74
379 692
379 1118
379 1562
379 1672
379 2316
379 2627
379 3101
379 3603
379 3995
379 4290
379 4904
379 5042
379 5627
379 6112
380 330
380 792
380 978
380 1613
380 1892
380 2139
380 2666
380 3204
380 3551
380 4017
380 4183
380 4684
380 5406
380 5575
380 5956
381 115
381 639
381 1126
381 1402
381 1698
381 2483
381 2689
381 3296
381 3664
381 4136
381 4366
381 4839
381 5398
381 5709
381 6005
382 283
382 429
382 982
382 1440
382 1860
382 2166
382 2761
382 3233
382 3740
382 4083
382 4285
382 4770
382 5029
382 5565
382 5983
383 20
383 815
383 1123
383 1577
383 2080
383 2285
383 2619
383 3132
383 3497
383 3898
383 4448
383 4624
383 5286
383 5517
383 5899
384 66
384 749
384 1030
384 1274
384 1775
384 2113
384 2720
384 3038
384 3381
384 3786
384 4334
384 4612
384 5273
384 5653
384 5981
385 219
385 541
385 1095
385 1328
385 1682
385 2458
385 2791
385 3240
385 3643
385 3778
385 4419
385 4697
385 5146
385 5639
385 5936
386 234
386 591
386 864
386 1408
386 2000
386 2484
386 2511
386 2970
386 3439
386 3756
386 4381
386 4762
386 5243
386 5690
386 6139
387 215
387 441
387 975
387 1416
387 1857
387 2382
387 2813
387 3269
387 3467
387 3754
387 4279
387 4921
387 5041
387 5605
387 6137
388 1
388 676
388 856
388 1354
388 1807
388 2478
388 2770
388 2987
388 3537
388 4011
388 4525
388 4627
388 5119
388 5415
388 5895
389 154
389 750
389 1037
389 1462
389 1739
389 2495
389 2814
389 3077
389 3490
389 4005
389 4304
389 4617
389 5355
389 5560
389 6013
390 412
390 751
390 965
390 1374
390 1747
390 2258
390 2866
390 3157
390 3633
390 4036
390 4174
390 4942
390 5078
390 5699
390 5877
391 324
391 764
391 1163
391 1348
391 2013
391 2220
391 2665
391 3235
391 3648
391 3966
391 4175
391 4920
391 5187
391 5671
391 5957
392 359
392 543
392 1084
392 1601
392 1978
392 2473
392 2589
392 2944
392 3415
392 4048
392 4341
392 4912
392 5105
392 5775
392 5891
393 314
393 587
393 1104
393 1318
393 2056
393 2227
393 2522
393 3238
393 3385
393 3971
393 4263
393 4709
393 5216
393 5715
393 6175
394 279
394 554
394 981
394 1624
394 1715
394 2461
394 2681
394 3036
394 3614
394 3930
394 4224
394 4887
394 5138
394 5436
394 5940
395 227
395 756
395 995
395 1513
395 2059
395 2172
395 2885
395 2959
395 3685
395 3993
395 4517
395 4892
395 5104
395 5443
395 6227
396 209
396 431
396 1049
396 1651
396 2010
396 2305
396 2537
396 3134
396 3671
396 3870
396 4205
396 4734
396 5237
396 5628
396 5953
397 69
397 663
397 1161
397 1343
397 1914
397 2126
397 2871
397 2926
397 3495
397 4132
397 4555
397 4649
397 5079
397 5604
397 5836
398 28
398 567
398 968
398 1662
398 1825
398 2331
398 2909
398 3107
398 3710
398 3977
398 4187
398 4871
398 5386
398 5811
398 6149
399 276
399 582
399 946
399 1463
399 1765
399 2404
399 2747
399 2951
399 3442
399 3750
399 4204
399 4879
399 5039
399 5613
399 6105
400 402
400 635
400 893
400 1322
400 2035
400 2469
400 2513
400 3274
400 3705
400 3928
400 4482
400 4851
400 5296
400 5458
400 5903
401 216
401 477
401 1011
401 1258
401 1960
401 2250
401 2630
401 2961
401 3376
401 4046
401 4458
401 4626
401 5098
401 5745
401 6181
402 68
402 622
402 1183
402 1517
402 1932
402 2101
402 2810
402 3286
402 3337
402 3954
402 4367
402 4663
402 5160
402 5766
402 6207
403 365
403 748
403 888
403 1546
403 1704
403 2238
403 2715
403 3178
403 3674
403 3781
403 4215
403 4793
403 5261
403 5783
403 5904
404 296
404 504
404 1021
404 1300
404 2037
404 2198
404 2596
404 3124
404 3455
404 3776
404 4496
404 4638
404 5151
404 5544
404 5930
405 249
405 820
405 1177
405 1640
405 1923
405 2121
405 2845
405 3174
405 3728
405 3946
405 4498
405 4788
405 5336
405 5630
405 5865
406 236
406 629
406 1214
406 1457
406 1921
406 2452
406 2829
406 3082
406 3597
406 3874
406 4213
406 4939
406 5086
406 5555
406 5854
407 52
407 818
407 1196
407 1321
407 1828
407 2211
407 2518
407 3279
407 3460
407 4129
407 4440
407 4766
407 5346
407 5751
407 6093
408 57
408 686
408 1211
408 1549
408 2019
408 2456
408 2870
408 2914
408 3372
408 3799
408 4359
408 4623
408 5300
408 5600
408 5908
409 83
409 625
409 1216
409 1540
409 1851
409 2267
409 2766
409 3319
409 3433
409 3797
409 4253
409 4653
409 5319
409 5592
409 5872
410 243
410 440
410 1137
410 1364
410 1876
410 2317
410 2753
410 3044
410 3666
410 3926
410 4521
410 4975
410 5126
410 5486
410 6078
411 73
411 424
411 1034
411 1637
411 1734
411 2449
411 2650
411 3148
411 3440
411 4099
411 4390
411 4696
411 5164
411 5616
411 5830
412 367
412 471
412 1024
412 1330
412 1692
412 2208
412 2550
412 3270
412 3602
412 4002
412 4208
412 4867
412 5120
412 5722
412 6033
413 384
413 578
413 1192
413 1301
413 1721
413 2274
413 2771
413 2975
413 3345
413 3987
413 4502
413 4878
413 5092
413 5411
413 6010
414 217
414 733
414 1046
414 1478
414 1713
414 2303
414 2781
414 3227
414 3512
414 3790
414 4542
414 4583
414 5127
414 5821
414 6073
415 355
415 588
415 956
415 1315
415 1898
415 2454
415 2590
415 3120
415 3722
415 4095
415 4422
415 4641
415 5347
415 5807
415 6097
416 2
416 513
416 1191
416 1629
416 1941
416 2480
416 2874
416 3219
416 3659
416 3916
416 4540
416 4661
416 5361
416 5556
416 6140
1 6312
1 7592
1 8296
1 8743
1 9594
1 10821
1 11295
1 11866
2 6971
2 7490
2 8303
2 8894
2 9462
2 10441
2 11603
2 11873
3 6804
3 7515
3 7895
3 9148
3 10052
3 10686
3 11406
3 12133
4 6886
4 7489
4 8337
4 9164
4 10034
4 10882
4 11225
4 11750
5 6273
5 7069
5 8540
5 8645
5 9692
5 10375
5 11329
5 11835
6 6463
6 7147
6 7927
6 8862
6 9457
6 10616
6 11536
6 12359
7 6451
7 7534
7 8071
7 9041
7 9721
7 10370
7 11583
7 12282
8 6836
8 7618
8 7999
8 8633
8 10007
8 10295
8 11453
8 11836
9 6659
9 7035
9 7935
9 8937
9 9967
9 10916
9 11462
9 12205
10 6468
10 7359
10 8261
10 8610
10 9419
10 10885
10 11360
10 12271
11 6241
11 7725
11 8241
11 8946
11 10026
11 10913
11 11414
11 11723
12 6675
12 7759
12 7957
12 8926
12 9705
12 10561
12 11000
12 12467
13 6626
13 7636
13 7847
13 8710
13 10127
13 10342
13 11628
13 12089
14 6343
14 7047
14 8383
14 8693
14 9609
14 10321
14 11083
14 11731
15 6288
15 7463
15 8513
15 8986
15 9391
15 10404
15 11539
15 12248
16 6791
16 7203
16 7824
16 9106
16 10126
16 10780
16 11499
16 12255
17 6532
17 7040
17 8279
17 9254
17 9743
17 10399
17 11200
17 12361
18 6487
18 7431
18 7890
18 8696
18 9760
18 10574
18 11054
18 12331
19 6485
19 7107
19 8160
19 9033
19 9855
19 10920
19 11334
19 12063
20 6590
20 7733
20 7946
20 9010
20 9968
20 10544
20 11458
20 12116
21 6928
21 7216
21 8046
21 8934
21 9840
21 10892
21 11682
21 12295
22 6976
22 7737
22 8402
22 8924
22 10116
22 10468
22 11390
22 12019
23 6892
23 7043
23 8224
23 8956
23 9952
23 10683
23 11104
23 11771
24 6768
24 7087
24 8074
24 8962
24 9867
24 10543
24 11594
24 11979
25 6452
25 7346
25 8492
25 8845
25 10133
25 10705
25 11696
25 12003
26 6333
26 7254
26 7857
26 8670
26 9822
26 10838
26 10927
26 12092
27 6556
27 7138
27 8237
27 8622
27 9431
27 10247
27 11094
27 11880
28 6289
28 7331
28 8227
28 9079
28 10035
28 10776
28 10928
28 12392
29 6615
29 7491
29 8166
29 8895
29 9927
29 10805
29 11617
29 12327
30 6932
30 7164
30 8576
30 9166
30 9390
30 10595
30 10978
30 12305
31 6441
31 7688
31 8473
31 9059
31 9486
31 10558
31 11167
31 12128
32 6731
32 7355
32 8037
32 8774
32 9733
32 10152
32 11582
32 11834
33 6479
33 7785
33 8552
33 9292
33 9606
33 10211
33 11096
33 12233
34 6344
34 7294
34 8558
34 8847
34 9905
34 10271
34 10942
34 12399
35 6568
35 7559
35 8438
35 9061
35 9838
35 10596
35 11288
35 12309
36 6900
36 7641
36 8122
36 9329
36 9831
36 10393
36 11368
36 12307
37 6356
37 7420
37 8555
37 9074
37 10139
37 10291
37 11522
37 12056
38 6740
38 7049
38 8305
38 8764
38 9978
38 10865
38 10994
38 12129
39 6939
39 7782
39 8427
39 8755
39 10017
39 10159
39 11035
39 12427
40 6397
40 7286
40 8314
40 9047
40 9552
40 10631
40 11064
40 11747
41 6416
41 7639
41 7934
41 9049
41 9539
41 10700
41 11003
41 11832
42 6629
42 7702
42 8390
42 9339
42 9741
42 10650
42 11454
42 11941
43 6365
43 7546
43 8197
43 9028
43 9573
43 10688
43 10965
43 11981
44 6957
44 7290
44 8026
44 9231
44 9875
44 10869
44 11614
44 11977
45 6257
45 7425
45 8178
45 9078
45 9756
45 10227
45 11529
45 12304
46 6855
46 7257
46 7838
46 8872
46 9623
46 10717
46 11007
46 11986
47 6549
47 7794
47 8220
47 8661
47 9712
47 10208
47 11268
47 11796
48 6890
48 7201
48 8286
48 9237
48 9515
48 10787
48 10936
48 12470
49 6434
49 7357
49 7916
49 9152
49 9935
49 10896
49 11505
49 12024
50 6767
50 7097
50 7951
50 8766
50 9761
50 10276
50 11262
50 12158
51 6835
51 7026
51 8565
51 9201
51 9565
51 10889
51 11544
51 11874
52 6244
52 7617
52 8466
52 8620
52 9654
52 10384
52 11520
52 11792
53 6606
53 7674
53 8460
53 8770
53 9558
53 10313
53 11098
53 12320
54 6789
54 7795
54 8503
54 9257
54 9809
54 10870
54 11475
54 12117
55 6687
55 7474
55 8429
55 8982
55 9804
55 10299
55 11606
55 12369
56 6380
56 7642
56 8020
56 9155
56 9571
56 10327
56 11589
56 12220
57 6765
57 7518
57 8290
57 9193
57 10068
57 10578
57 11657
57 12069
58 6795
58 7718
58 8255
58 8943
58 10004
58 10475
58 11637
58 11842
59 6858
59 7348
59 7972
59 8727
59 9578
59 10658
59 11680
59 11950
60 6708
60 7181
60 7822
60 8587
60 9826
60 10167
60 11484
60 12336
61 6575
61 7729
61 8060
61 9024
61 9732
61 10866
61 11494
61 11775
62 6491
62 7157
62 8433
62 9197
62 9700
62 10394
62 11690
62 12235
63 6338
63 7686
63 7958
63 8914
63 9415
63 10819
63 11021
63 12297
64 6733
64 7582
64 8238
64 8871
64 9550
64 10464
64 11493
64 12291
65 6502
65 7184
65 7884
65 8950
65 9766
65 10848
65 11029
65 11770
66 6871
66 7249
66 8363
66 9273
66 9876
66 10531
66 11147
66 12082
67 6943
67 7719
67 7987
67 8966
67 9489
67 10278
67 11507
67 11910
68 6712
68 7252
68 8148
68 9110
68 10106
68 10355
68 11420
68 12422
69 6702
69 7182
69 8081
69 8865
69 9448
69 10163
69 10967
69 12012
70 6822
70 7699
70 7984
70 8699
70 10041
70 10833
70 11290
70 11991
71 6308
71 7741
71 8413
71 8933
71 10073
71 10664
71 10973
71 12400
72 6429
72 7772
72 7909
72 8685
72 9404
72 10634
72 11163
72 12078
73 6948
73 7238
73 8149
73 9306
73 9450
73 10739
73 11541
73 11711
74 7006
74 7225
74 8408
74 8893
74 9966
74 10462
74 11535
74 12207
75 6563
75 7692
75 8136
75 8824
75 9820
75 10779
75 11178
75 11906
76 6929
76 7373
76 7915
76 8919
76 9762
76 10273
76 11045
76 11823
77 6498
77 7492
77 8258
77 9104
77 9786
77 10374
77 11210
77 12342
78 6884
78 7455
78 8397
78 8768
78 9998
78 10242
78 10991
78 12423
79 6584
79 7061
79 7924
79 8674
79 10134
79 10678
79 11285
79 11726
80 6631
80 7160
80 8051
80 8604
80 9438
80 10429
80 11585
80 12222
81 6853
81 7607
81 8514
81 8757
81 9532
81 10587
81 11074
81 12432
82 6776
82 7684
82 8486
82 9304
82 9782
82 10413
82 11513
82 12111
83 6881
83 7074
83 7902
83 8944
83 9595
83 10827
83 11171
83 12057
84 6919
84 7358
84 8234
84 9032
84 9949
84 10736
84 11089
84 11978
85 6525
85 7258
85 8231
85 9182
85 9543
85 10340
85 11613
85 12371
86 6983
86 7631
86 7812
86 9065
86 9600
86 10803
86 11071
86 11845
87 6565
87 7564
87 8474
87 9042
87 9655
87 10482
87 11592
87 11933
88 6873
88 7610
88 8078
88 9116
88 10107
88 10571
88 11661
88 12038
89 6511
89 7115
89 8354
89 9176
89 9496
89 10786
89 11092
89 11821
90 6310
90 7119
90 8208
90 8980
90 10038
90 10379
90 11686
90 12387
91 6685
91 7402
91 7965
91 9297
91 10045
91 10852
91 11561
91 12236
92 6423
92 7154
92 8069
92 9039
92 9844
92 10858
92 11345
92 11820
93 6918
93 7514
93 7845
93 8634
93 9971
93 10856
93 10987
93 12281
94 6527
94 7103
94 7911
94 9056
94 9435
94 10481
94 11257
94 11850
95 6466
95 7716
95 8058
95 8716
95 9475
95 10240
95 11407
95 12420
96 6603
96 7774
96 8515
96 8672
96 9853
96 10207
96 11002
96 11816
97 6469
97 7070
97 8458
97 8838
97 9530
97 10638
97 11480
97 12414
98 6713
98 7457
98 8462
98 8629
98 9649
98 10573
98 11555
98 12171
99 6803
99 7511
99 7808
99 9305
99 10077
99 10639
99 11699
99 12264
100 6781
100 7314
100 8391
100 8739
100 9720
100 10661
100 11684
100 12373
101 6869
101 7703
101 8346
101 9029
101 9977
101 10569
101 11464
101 12368
102 6245
102 7771
102 8484
102 8821
102 9848
102 10841
102 11296
102 12187
103 6342
103 7726
103 8117
103 9077
103 9556
103 10246
103 11119
103 11888
104 6307
104 7685
104 8267
104 9260
104 10067
104 10443
104 11025
104 12182
105 6475
105 7707
105 7840
105 8759
105 9963
105 10835
105 11340
105 11916
106 6739
106 7536
106 7831
106 9014
106 9858
106 10232
106 11282
106 12119
107 6887
107 7499
107 8229
107 8618
107 9837
107 10297
107 11634
107 12161
108 6750
108 7575
108 7969
108 9060
108 9906
108 10588
108 11593
108 12367
109 6913
109 7278
109 8273
109 8642
109 9607
109 10849
109 11203
109 11900
110 6728
110 7071
110 8551
110 8760
110 9618
110 10148
110 11150
110 11958
111 6824
111 7209
111 8393
111 9282
111 9499
111 10828
111 11220
111 12196
112 6533
112 7565
112 8542
112 8903
112 9411
112 10860
112 11351
112 12125
113 6888
113 7189
113 8206
113 8658
113 10023
113 10314
113 11186
113 12285
114 6857
114 7322
114 8500
114 9275
114 9763
114 10895
114 11478
114 12008
115 6867
115 7237
115 8228
115 9208
115 9619
115 10798
115 11693
115 12145
116 6688
116 7574
116 7849
116 9035
116 9976
116 10878
116 11489
116 11902
117 6692
117 7510
117 7872
117 8715
117 9426
117 10644
117 11188
117 12183
118 6660
118 7427
118 8454
118 8989
118 9909
118 10826
118 11191
118 12267
119 6483
119 7578
119 8517
119 8814
119 9835
119 10734
119 11668
119 11868
120 6389
120 7683
120 8139
120 8763
120 9403
120 10387
120 10983
120 11909
121 6738
121 7752
121 8013
121 8605
121 9422
121 10818
121 11361
121 11704
122 6425
122 7567
122 8191
122 9240
122 9487
122 10575
122 11017
122 12106
123 6437
123 7037
123 7805
123 8906
123 9899
123 10744
123 11141
123 11848
124 6924
124 7353
124 8184
124 8619
124 9427
124 10800
124 11349
124 11865
125 6701
125 7313
125 8406
125 8689
125 9557
125 10155
125 10993
125 12274
126 6788
126 7609
126 8281
126 9162
126 9378
126 10472
126 11615
126 12425
127 6477
127 7178
127 8039
127 8590
127 9402
127 10720
127 11524
127 12184
128 6569
128 7531
128 7869
128 9050
128 9590
128 10748
128 11261
128 11975
129 6617
129 7075
129 7971
129 8718
129 9870
129 10444
129 11273
129 11819
130 6260
130 7764
130 7819
130 8854
130 9416
130 10567
130 11640
130 12433
131 6698
131 7135
131 8445
131 8679
131 9601
131 10310
131 11382
131 12168
132 6923
132 7194
132 8253
132 8907
132 9699
132 10660
132 11518
132 11973
133 6949
133 7233
133 8124
133 8772
133 9912
133 10364
133 11018
133 12434
134 6302
134 7144
134 8507
134 9277
134 9379
134 10589
134 11280
134 12375
135 6950
135 7038
135 7913
135 8781
135 9384
135 10874
135 11486
135 12283
136 6528
136 7588
136 7955
136 8800
136 9768
136 10687
136 11333
136 11713
137 6587
137 7539
137 8389
137 8797
137 9711
137 10646
137 11532
137 12154
138 6986
138 7783
138 8525
138 9183
138 9566
138 10320
138 11275
138 11951
139 7019
139 7483
139 8475
139 8713
139 9622
139 10206
139 11010
139 11725
140 6503
140 7327
140 8022
140 9067
140 10059
140 10788
140 11602
140 11858
141 6286
141 7387
141 8573
141 9270
141 9541
141 10193
141 11511
141 11739
142 6427
142 7753
142 8180
142 9069
142 9774
142 10825
142 11423
142 11757
143 6543
143 7676
143 8083
143 9163
143 9452
143 10740
143 11629
143 11765
144 7020
144 7081
144 8571
144 9019
144 9362
144 10727
144 11685
144 12138
145 6506
145 7429
145 8244
145 8848
145 9915
145 10337
145 11700
145 12244
146 6719
146 7613
146 8295
146 8785
146 10099
146 10158
146 11173
146 12362
147 6972
147 7033
147 7936
147 8837
147 9625
147 10189
147 11278
147 11970
148 6859
148 7245
148 7889
148 8616
148 9800
148 10711
148 11101
148 12440
149 6735
149 7527
149 7821
149 8703
149 9681
149 10147
149 11396
149 11931
150 6408
150 7293
150 8018
150 8669
150 9812
150 10344
150 10977
150 11714
151 6558
151 7307
151 8329
151 8660
151 10123
151 10343
151 11467
151 12365
152 6751
152 7790
152 8368
152 8840
152 9672
152 10367
152 10945
152 12458
153 6313
153 7079
153 8392
153 9355
153 9447
153 10764
153 11470
153 12287
154 6570
154 7616
154 8057
154 8835
154 9387
154 10884
154 11332
154 12335
155 6724
155 7185
155 8123
155 8583
155 9975
155 10530
155 11133
155 11901
156 6644
156 7769
156 7882
156 9058
156 9865
156 10598
156 11441
156 12395
157 6467
157 7127
157 8246
157 8904
157 9781
157 10572
157 11005
157 12035
158 6840
158 7622
158 7979
158 8920
158 9361
158 10726
158 10948
158 11857
159 6831
159 7714
159 8014
159 9123
159 10005
159 10281
159 11135
159 12163
160 6683
160 7480
160 8283
160 8841
160 9526
160 10190
160 11375
160 12152
161 6623
161 7204
161 8155
161 8960
161 10110
161 10463
161 11073
161 12476
162 6854
162 7689
162 8556
162 8939
162 9409
162 10855
162 11314
162 12358
163 6614
163 7076
163 8434
163 9190
163 9950
163 10401
163 11436
163 11763
164 6769
164 7109
164 8488
164 8863
164 9866
164 10151
164 11028
164 11881
165 6758
165 7525
165 8008
165 9357
165 9478
165 10640
165 11298
165 12401
166 6640
166 7175
166 8172
166 8879
166 9813
166 10365
166 11231
166 11952
167 6611
167 7663
167 8387
167 9219
167 10060
167 10768
167 11426
167 12340
168 6449
168 7195
168 8044
168 8827
168 9690
168 10911
168 11419
168 12311
169 6825
169 7796
169 8101
169 9080
169 9832
169 10435
169 11310
169 12333
170 6927
170 7557
170 7929
170 9145
170 9925
170 10851
170 10962
170 12027
171 6843
171 7528
171 8049
171 8880
171 9410
171 10542
171 11477
171 12348
172 6782
172 7220
172 8146
172 9013
172 9752
172 10837
172 11084
172 12170
173 6559
173 7231
173 8223
173 9139
173 9459
173 10663
173 11353
173 12406
174 6717
174 7222
174 7843
174 9226
174 9658
174 10585
174 11435
174 12162
175 6381
175 7301
175 8082
175 9347
175 9964
175 10724
175 10956
175 12216
176 6460
176 7800
176 7876
176 9115
176 9938
176 10697
176 11311
176 11964
177 6480
177 7223
177 8215
177 8624
177 9797
177 10917
177 11570
177 12058
178 6679
178 7628
178 8302
178 9134
178 10048
178 10267
178 11126
178 11767
179 6406
179 7443
179 7910
179 9290
179 9370
179 10410
179 11698
179 11782
180 6264
180 7177
180 8425
180 9271
180 10044
180 10402
180 11138
180 12444
181 6896
181 7538
181 8131
181 8592
181 9444
181 10594
181 11566
181 12318
182 6350
182 7378
182 8199
182 8623
182 9869
182 10737
182 11533
182 12464
183 6912
183 7342
183 8263
183 8640
183 9994
183 10603
183 11328
183 12091
184 6737
184 7649
184 8245
184 8961
184 9947
184 10433
184 11662
184 12364
185 6754
185 7466
185 8476
185 8947
185 9882
185 10653
185 11091
185 11751
186 6378
186 7476
186 7968
186 9281
186 9723
186 10261
186 11055
186 11826
187 6557
187 7778
187 8159
187 9321
187 9470
187 10303
187 11013
187 12103
188 6266
188 7505
188 7960
188 9220
188 9738
188 10334
188 11006
188 11733
189 6537
189 7066
189 8353
189 8683
189 9735
189 10831
189 11636
189 12363
190 6895
190 7124
190 8381
190 9053
190 9501
190 10157
190 11348
190 12328
191 6650
191 7129
191 7835
191 8752
191 9904
191 10703
191 11694
191 11791
192 6442
192 7672
192 8240
192 8985
192 10102
192 10223
192 10968
192 12118
193 7011
193 7590
193 8062
193 9276
193 9790
193 10458
193 11656
193 12455
194 6300
194 7548
194 7912
194 9124
194 9776
194 10900
194 11277
194 12081
195 6362
195 7173
195 7952
195 8953
195 9647
195 10762
195 11287
195 12055
196 6589
196 7108
196 8469
196 8949
196 9548
196 10318
196 11440
196 12072
197 6457
197 7775
197 8126
197 9173
197 9764
197 10859
197 11299
197 11847
198 6443
198 7776
198 7846
198 9140
198 9798
198 10336
198 11177
198 11876
199 6456
199 7497
199 7891
199 9153
199 9843
199 10178
199 11078
199 11828
200 6926
200 7117
200 8450
200 9227
200 9433
200 10522
200 11116
200 12262
201 6639
201 7760
201 8544
201 8884
201 9627
201 10412
201 11452
201 12172
202 6386
202 7698
202 8360
202 8808
202 9883
202 10662
202 11004
202 11936
203 6518
203 7089
203 7919
203 9212
203 9919
203 10362
203 11036
203 12384
204 6815
204 7125
204 8292
204 8826
204 9639
204 10383
204 11271
204 11788
205 6682
205 7090
205 8553
205 8709
205 9688
205 10492
205 11678
205 12120
206 6551
206 7055
206 7985
206 9221
206 10120
206 10282
206 11642
206 11932
207 6694
207 7700
207 8497
207 8654
207 9895
207 10417
207 11504
207 12181
208 6916
208 7661
208 8494
208 8855
208 10082
208 10241
208 11355
208 12198
209 6387
209 7589
209 8094
209 8822
209 9722
209 10665
209 11246
209 12021
210 6464
210 7549
210 8187
210 9169
210 9568
210 10899
210 11559
210 11883
211 6531
211 7603
211 7998
211 8651
211 10054
211 10400
211 11244
211 11988
212 6667
212 7048
212 8162
212 9342
212 9407
212 10380
212 11269
212 11814
213 6535
213 7330
213 8334
213 9317
213 9588
213 10300
213 11121
213 12077
214 6974
214 7059
214 8038
214 9267
214 9821
214 10197
214 11461
214 12136
215 6909
215 7393
215 8221
215 9214
215 10095
215 10770
215 11183
215 11781
216 6847
216 7339
216 8209
216 9185
216 9940
216 10164
216 11323
216 12208
217 6552
217 7446
217 8322
217 8581
217 9529
217 10864
217 11031
217 11997
218 6805
218 7724
218 7818
218 8929
218 10012
218 10751
218 11468
218 11961
219 6600
219 7473
219 8358
219 9109
219 9596
219 10622
219 11215
219 12155
220 6653
220 7261
220 8120
220 8627
220 9484
220 10411
220 11391
220 12234
221 6377
221 7612
221 7925
221 9234
221 9893
221 10420
221 11042
221 12165
222 6263
222 7677
222 7896
222 9196
222 9942
222 10774
222 11024
222 12241
223 6676
223 7717
223 7879
223 9291
223 9926
223 10829
223 11218
223 12159
224 6326
224 7479
224 8198
224 8816
224 9719
224 10545
224 11297
224 12457
225 6586
225 7311
225 8495
225 8918
225 9504
225 10513
225 11691
225 11862
226 6678
226 7647
226 8161
226 9157
226 9794
226 10317
226 11530
226 12131
227 6548
227 7512
227 7907
227 9248
227 10020
227 10732
227 11174
227 12065
228 6581
228 7706
228 8568
228 9103
228 9461
228 10504
228 11648
228 12353
229 6577
229 7576
229 7989
229 8741
229 9727
229 10566
229 11466
229 12059
230 6966
230 7690
230 8289
230 8692
230 9638
230 10716
230 11208
230 12254
231 6256
231 7696
231 8485
231 9144
231 9432
231 10256
231 11630
231 12398
232 6550
232 7742
232 8134
232 8897
232 9506
232 10175
232 11491
232 12224
233 6997
233 7281
233 7973
233 8697
233 9846
233 10243
233 11158
233 12475
234 6777
234 7442
234 8463
234 8719
234 9907
234 10280
234 11374
234 11798
235 7009
235 7421
235 8118
235 9274
235 9634
235 10839
235 11439
235 12275
236 6524
236 7654
236 7945
236 9046
236 9751
236 10538
236 11076
236 12232
237 6883
237 7361
237 7887
237 8810
237 9981
237 10583
237 11131
237 12143
238 6255
238 7291
238 8324
238 9008
238 9852
238 10699
238 10986
238 12437
239 6376
239 7770
239 8481
239 8998
239 9646
239 10685
239 11473
239 12064
240 6953
240 7436
240 8103
240 9239
240 9887
240 10451
240 11270
240 11755
241 6604
241 7234
241 8235
241 8970
241 10087
241 10672
241 11207
241 11741
242 6848
242 7656
242 7880
242 8887
242 10140
242 10614
242 11537
242 12356
243 6295
243 7083
243 8265
243 8864
243 9864
243 10188
243 10992
243 11748
244 6963
244 7670
244 8309
244 8909
244 9691
244 10448
244 11212
244 11800
245 6328
245 7092
245 7830
245 8598
245 9784
245 10489
245 11227
245 11859
246 6625
246 7493
246 8456
246 9020
246 9587
246 10591
246 11106
246 11779
247 6902
247 7496
247 8041
247 9296
247 9707
247 10792
247 11434
247 12240
248 6361
248 7349
248 7966
248 8729
248 9549
248 10806
248 11182
248 12112
249 6832
249 7229
249 8042
249 9241
249 9660
249 10912
249 11437
249 11855
250 6749
250 7198
250 8065
250 9168
250 10097
250 10559
250 11538
250 11774
251 6691
251 7736
251 8452
251 9003
251 9368
251 10502
251 11097
251 12389
252 6258
252 7386
252 8113
252 8820
252 9559
252 10426
252 11059
252 11966
253 6642
253 7260
253 8275
253 8857
253 9446
253 10284
253 11638
253 11732
254 6630
254 7149
254 7932
254 9230
254 9599
254 10679
254 11622
254 12266
255 6772
255 7414
255 7816
255 8717
255 9795
255 10814
255 11393
255 11896
256 6658
256 7058
256 7866
256 8701
256 9956
256 10649
256 11300
256 11897
257 6764
257 7120
257 7921
257 9213
257 10024
257 10505
257 11625
257 11840
258 6474
258 7762
258 8181
258 8784
258 9373
258 10681
258 11206
258 11718
259 6401
259 7100
259 7931
259 8678
259 9418
259 10755
259 11388
259 12394
260 6969
260 7486
260 8385
260 8765
260 10032
260 10288
260 11063
260 11934
261 6472
261 7435
261 8501
261 8913
261 9494
261 10628
261 11568
261 12017
262 6813
262 7271
262 8033
262 8614
262 9640
262 10888
262 11313
262 12347
263 6826
263 7140
263 8116
263 8690
263 9734
263 10723
263 10934
263 12454
264 6360
264 7460
264 8202
264 9294
264 10094
264 10738
264 11161
264 12066
265 6931
265 7096
265 8531
265 8786
265 9611
265 10637
265 11362
265 11987
266 6303
266 7727
266 8219
266 8621
266 9430
266 10581
266 10995
266 11942
267 6851
267 7415
267 8225
267 8769
267 9614
267 10409
267 11587
267 12042
268 6914
268 7213
268 8357
268 8747
268 9523
268 10887
268 10926
268 12044
269 6566
269 7329
269 8522
269 9259
269 10098
269 10910
269 11395
269 11962
270 7004
270 7721
270 8132
270 9064
270 9563
270 10824
270 11077
270 12338
271 6334
271 7174
271 8003
271 9265
271 9769
271 10847
271 11411
271 12115
272 6744
272 7640
272 8436
272 9018
272 9710
272 10196
272 11679
272 12142
273 6844
273 7190
273 8087
273 9084
273 9957
273 10854
273 11447
273 12452
274 6752
274 7171
274 8152
274 9068
274 9898
274 10165
274 11366
274 11793
275 6373
275 7385
275 8047
275 9353
275 9555
275 10550
275 11471
275 11812
276 6455
276 7411
276 8055
276 9154
276 10039
276 10466
276 11633
276 11976
277 6967
277 7165
277 8440
277 9001
277 9758
277 10332
277 10982
277 12144
278 6827
278 7332
278 8189
278 8652
278 9862
278 10361
278 11534
278 12124
279 6297
279 7675
279 7839
279 8594
279 10092
279 10262
279 11154
279 12468
280 6695
280 7183
280 8359
280 9009
280 10018
280 10263
280 11457
280 11783
281 6572
281 7056
281 8064
281 8829
281 9524
281 10875
281 11009
281 12404
282 6473
282 7756
282 8121
282 9295
282 10057
282 10257
282 11418
282 12011
283 6391
283 7422
283 8034
283 9137
283 9491
283 10750
283 11644
283 12083
284 6952
284 7295
284 8282
284 8866
284 9380
284 10268
284 11185
284 12141
285 6421
285 7232
285 8378
285 8602
285 9695
285 10586
285 11087
285 12213
286 6448
286 7337
286 8230
286 9346
286 9439
286 10693
286 10969
286 12298
287 6770
287 7246
287 8468
287 8844
287 9581
287 10210
287 11577
287 11861
288 6248
288 7537
288 8380
288 8732
288 9923
288 10601
288 11649
288 11877
289 7000
289 7734
289 8335
289 9243
289 9891
289 10226
289 11321
289 12377
290 6937
290 7495
290 8222
290 8612
290 9635
290 10354
290 11523
290 12447
291 6707
291 7199
291 8098
291 8659
291 9806
291 10811
291 11319
291 11712
292 6353
292 7678
292 8190
292 9315
292 10118
292 10706
292 11373
292 11949
293 6664
293 7558
293 8401
293 8700
293 10063
293 10517
293 10975
293 12192
294 6722
294 7648
294 8527
294 9293
294 10064
294 10769
294 11483
294 12135
295 6375
295 7600
295 8110
295 9198
295 9871
295 10537
295 11612
295 11924
296 6341
296 7449
296 8545
296 8636
296 9676
296 10507
296 11093
296 12346
297 6704
297 7697
297 8056
297 9128
297 9481
297 10181
297 11274
297 12239
298 6618
298 7731
298 7897
298 9112
298 9886
298 10648
298 11667
298 11745
299 6553
299 7382
299 8529
299 9135
299 9440
299 10471
299 11072
299 12093
300 6382
300 7597
300 8461
300 8601
300 9517
300 10363
300 11283
300 12212
301 6445
301 7485
301 7978
301 8836
301 10070
301 10549
301 11168
301 12306
302 6990
302 7243
302 8533
302 9251
302 10001
302 10671
302 11193
302 12031
303 6891
303 7751
303 8024
303 9301
303 10093
303 10274
303 11041
303 12032
304 6450
304 7111
304 7832
304 9093
304 10083
304 10236
304 11623
304 11927
305 6346
305 7504
305 8431
305 9098
305 9767
305 10176
305 11399
305 12332
306 6296
306 7408
306 8213
306 9016
306 9632
306 10743
306 10961
306 12402
307 6882
307 7645
307 8512
307 8675
307 9394
307 10534
307 10922
307 12289
308 6798
308 7542
308 8467
308 9286
308 9479
308 10239
308 11481
308 11856
309 6818
309 7067
309 8437
309 8595
309 9851
309 10715
309 11308
309 11967
310 6254
310 7646
310 8493
310 8695
310 9687
310 10307
310 11338
310 11923
311 6925
311 7417
311 7898
311 9054
311 9750
311 10498
311 11061
311 12188
312 6808
312 7326
312 8100
312 9037
312 9901
312 10434
312 11122
312 12094
313 6671
313 7584
313 7852
313 9320
313 10015
313 10659
313 11086
313 12413
314 6571
314 7247
314 7976
314 9269
314 9903
314 10326
314 11381
314 11724
315 6521
315 7236
315 8478
315 9040
315 9579
315 10382
315 11598
315 12150
316 6778
316 7023
316 8150
316 9334
316 9920
316 10298
316 11550
316 12379
317 6784
317 7248
317 7820
317 8688
317 9498
317 10359
317 11181
317 12175
318 6454
318 7745
318 8210
318 8773
318 9641
318 10285
318 11516
318 12018
319 6608
319 7458
319 8310
319 8917
319 9385
319 10225
319 11646
319 12169
320 6706
320 7276
320 8154
320 9015
320 9569
320 10180
320 10972
320 12345
321 6800
321 7166
321 8564
321 9359
321 9962
321 10195
321 11030
321 12360
322 6541
322 7235
322 8035
322 9318
322 9872
322 10590
322 11137
322 12479
323 6723
323 7695
323 7813
323 8930
323 9747
323 10691
323 11327
323 12408
324 6330
324 7344
324 8242
324 9210
324 9810
324 10360
324 11253
324 11971
325 7012
325 7172
325 8203
325 8952
325 10014
325 10521
325 11359
325 12341
326 6811
326 7227
326 8560
326 8861
326 9597
326 10907
326 11365
326 12431
327 6633
327 7524
327 7994
327 9195
327 9645
327 10570
327 11166
327 11801
328 6404
328 7399
328 8297
328 8885
328 9531
328 10741
328 11438
328 11960
329 6268
329 7593
329 8323
329 8787
329 9663
329 10673
329 11037
329 11839
330 6646
330 7781
330 8539
330 8867
330 9490
330 10219
330 11618
330 11989
331 6790
331 7728
331 8441
331 9177
331 9592
331 10909
331 11610
331 12370
332 6283
332 7722
332 8021
332 8830
332 9850
332 10857
332 11624
332 11898
333 6494
333 7275
333 7974
333 9076
333 9972
333 10563
333 11596
333 11920
334 6410
334 7319
334 8195
334 9082
334 9560
334 10713
334 11474
334 11994
335 6684
335 7533
335 7982
335 8806
335 9961
335 10555
335 11213
335 11743
336 6814
336 7577
336 8403
336 9264
336 9534
336 10547
336 11026
336 11953
337 6816
337 7325
337 8112
337 9108
337 9535
337 10249
337 11422
337 11914
338 6812
338 7383
338 8196
338 8647
338 9948
338 10416
338 11676
338 11756
339 6993
339 7509
339 8031
339 8707
339 9694
339 10721
339 11114
339 12173
340 6771
340 7284
340 8068
340 8630
340 9388
340 10237
340 11605
340 12249
341 6522
341 7652
341 8536
341 9043
341 10028
341 10600
341 11672
341 12009
342 6632
342 7309
342 7864
342 9205
342 9696
342 10501
342 11123
342 11853
343 6407
343 7150
343 7992
343 8873
343 9979
343 10353
343 11057
343 11907
344 6705
344 7186
344 8182
344 8954
344 9369
344 10487
344 11331
344 11867
345 6917
345 7556
345 8277
345 9091
345 9412
345 10480
345 11356
345 12005
346 6252
346 7441
346 7874
346 9298
346 10079
346 10525
346 10954
346 12108
347 6721
347 7350
347 8366
347 9120
347 9553
347 10773
347 11337
347 12121
348 6265
348 7599
348 8095
348 8740
348 9371
348 10169
348 11032
348 12229
349 6647
349 7439
349 8085
349 9203
349 9593
349 10795
349 11369
349 11998
350 6915
350 7502
350 8185
350 8691
350 9468
350 10199
350 11176
350 12026
351 6817
351 7167
351 8300
351 8832
351 9679
351 10765
351 11394
351 11729
352 6992
352 7188
352 8011
352 9161
352 9802
352 10915
352 10921
352 12194
353 6956
353 7406
353 7860
353 9302
353 9398
353 10541
353 11129
353 11959
354 6292
354 7472
354 8362
354 8978
354 9406
354 10170
354 11189
354 12250
355 6636
355 7657
355 8252
355 8637
355 9366
355 10695
355 10964
355 12258
356 6875
356 7629
356 7861
356 8968
356 9463
356 10749
356 11053
356 12068
357 6364
357 7660
357 8171
357 9044
357 9839
357 10286
357 11508
357 12480
358 6357
358 7114
358 8176
358 8794
358 9538
358 10623
358 11242
358 11890
359 6492
359 7318
359 7867
359 9007
359 9881
359 10292
359 11099
359 12466
360 6309
360 7419
360 8304
360 8750
360 9985
360 10381
360 11312
360 11805
361 6519
361 7450
361 8327
361 8783
361 9454
361 10914
361 11139
361 12096
362 6714
362 7621
362 8534
362 9188
362 10065
362 10290
362 11291
362 12079
363 6545
363 7624
363 8129
363 9141
363 9914
363 10880
363 11234
363 11995
364 6388
364 7063
364 8321
364 8815
364 9628
364 10264
364 11187
364 12428
365 6920
365 7077
365 8299
365 9206
365 9589
365 10200
365 11111
365 11990
366 6670
366 7297
366 8570
366 8900
366 9617
366 10312
366 11014
366 12074
367 6905
367 7635
367 8030
367 8582
367 10013
367 10372
367 10958
367 12334
368 6819
368 7560
368 8549
368 8971
368 9910
368 10516
368 10955
368 12060
369 6985
369 7573
369 8278
369 8792
369 10010
369 10540
369 11627
369 12109
370 6305
370 7240
370 7885
370 8639
370 9718
370 10564
370 11688
370 12028
371 6978
371 7615
371 8316
371 9122
371 9425
371 10214
371 11510
371 11811
372 6885
372 7302
372 8156
372 9358
372 9392
372 10460
372 11279
372 12456
373 6418
373 7732
373 8294
373 8834
373 10055
373 10216
373 11221
373 12061
374 6979
374 7530
374 8169
374 9323
374 9939
374 10185
374 11267
374 12010
375 6861
375 7193
375 7870
375 9238
375 10088
375 10577
375 11433
375 12157
376 6954
376 7626
376 8344
376 9360
376 9770
376 10772
376 11650
376 11703
377 6413
377 7470
377 8217
377 8883
377 9513
377 10657
377 11540
377 11919
378 6868
378 7169
378 8348
378 9057
378 9916
378 10680
378 11272
378 12421
379 6711
379 7529
379 8086
379 9207
379 9740
379 10171
379 11307
379 12288
380 6325
380 7098
380 8236
380 9096
380 10105
380 10861
380 11250
380 12253
381 6727
381 7451
381 8338
381 8603
381 9900
381 10863
381 11635
381 12300
382 6579
382 7598
382 8250
382 9000
382 9508
382 10669
382 11456
382 12376
383 6962
383 7091
383 7855
383 8931
383 10066
383 10560
383 11263
383 12270
384 6922
384 7394
384 8004
384 8981
384 9561
384 10624
384 10932
384 11957
385 6594
385 7459
385 7868
385 8704
385 9582
385 10514
385 11130
385 11983
386 6395
386 7739
386 7903
386 9335
386 9648
386 10836
386 10981
386 12209
387 6513
387 7541
387 7961
387 9332
387 9746
387 10500
387 11364
387 12045
388 6534
388 7265
388 8145
388 8722
388 9817
388 10883
388 11224
388 12260
389 6862
389 7503
389 7923
389 8995
389 9482
389 10357
389 10946
389 12097
390 6674
390 7050
390 8516
390 9011
390 9631
390 10279
390 11562
390 12396
391 6907
391 7784
391 8016
391 8705
391 10129
391 10350
391 11180
391 11719
392 7013
392 7230
392 8508
392 9303
392 9704
392 10816
392 11155
392 12085
393 6591
393 7799
393 7802
393 9126
393 9847
393 10539
393 11687
393 11708
394 7008
394 7467
394 8415
394 8635
394 9537
394 10608
394 11342
394 11892
395 6620
395 7424
395 8127
395 9025
395 9485
395 10145
395 11016
395 11809
396 6580
396 7519
396 8550
396 8902
396 9586
396 10347
396 11521
396 12350
397 6279
397 7206
397 7901
397 9284
397 9880
397 10552
397 11443
397 11911
398 6284
398 7156
398 7933
398 9125
398 9713
398 10568
398 11584
398 11813
399 6317
399 7498
399 7920
399 8677
399 10047
399 10328
399 11265
399 11797
400 6495
400 7705
400 8578
400 9236
400 9827
400 10758
400 11669
400 12167
401 6787
401 7625
401 7981
401 9344
401 10071
401 10341
401 11034
401 12450
402 6845
402 7374
402 7856
402 8680
402 9562
402 10918
402 10929
402 11818
403 6940
403 7662
403 8075
403 8823
403 9604
403 10789
403 11665
403 11940
404 6996
404 7708
404 8006
404 8979
404 9477
404 10735
404 11118
404 12426
405 6499
405 7086
405 7810
405 9200
405 9405
405 10348
405 11238
405 12351
406 6753
406 7094
406 8266
406 9167
406 9434
406 10254
406 10974
406 12429
407 6846
407 7132
407 8376
407 8901
407 10112
407 10428
407 11149
407 12378
408 6352
408 7226
408 8504
408 9149
408 9670
408 10306
408 10935
408 12449
409 6810
409 7650
409 8442
409 9174
409 9665
409 10469
409 11108
409 12473
410 6426
410 7310
410 7917
410 8588
410 10051
410 10431
410 11386
410 12029
411 6596
411 7242
411 8107
411 9036
411 10021
411 10718
411 11527
411 12132
412 6291
412 7586
412 7949
412 8735
412 9970
412 10497
412 11339
412 11722
413 6419
413 7404
413 7967
413 8698
413 10109
413 10677
413 11558
413 12231
414 6935
414 7545
414 8259
414 8744
414 10103
414 10244
414 11284
414 11744
415 6322
415 7162
415 8428
415 8782
415 9677
415 10173
415 11363
415 12202
416 6987
416 7099
416 8200
416 9345
416 9703
416 10527
416 11214
416 11974
417 6484
417 7633
417 8012
417 8899
417 10031
417 10557
417 11247
417 12380
418 6638
418 7264
418 8188
418 8767
418 9372
418 10617
418 11276
418 12326
419 6540
419 7104
419 7801
419 9136
419 9689
419 10253
419 11427
419 11758
420 6424
420 7255
420 7807
420 9092
420 9996
420 10351
420 11125
420 11937
421 6872
421 7747
421 7926
421 8851
421 9934
421 10316
421 11286
421 12329
422 6481
422 7562
422 8269
422 8745
422 10114
422 10810
422 11379
422 12393
423 6446
423 7396
423 8177
423 8874
423 9675
423 10733
423 10930
423 12251
424 6960
424 7540
424 8332
424 9045
424 9988
424 10201
424 11245
424 11702
425 6839
425 7338
425 8233
425 8611
425 9686
425 10799
425 11156
425 11846
426 6501
426 7710
426 8001
426 8842
426 9989
426 10452
426 11578
426 11737
427 6593
427 7523
427 8119
427 8987
427 10090
427 10215
427 11320
427 12443
428 6775
428 7440
428 8027
428 9233
428 10030
428 10491
428 11239
428 12323
429 6730
429 7032
429 7975
429 8731
429 9754
429 10652
429 11371
429 12463
430 6530
430 7292
430 7892
430 8959
430 10091
430 10377
430 11136
430 12286
431 6938
431 7143
431 7875
431 8812
431 9591
431 10636
431 10939
431 11878
432 6253
432 7328
432 8192
432 9319
432 9755
432 10187
432 11105
432 12148
433 6287
433 7191
433 8079
433 8798
433 9945
433 10707
433 11472
433 12105
434 6351
434 7116
434 8418
434 8972
434 10117
434 10731
434 10931
434 11753
435 6746
435 7478
435 8000
435 8942
435 9799
435 10403
435 11008
435 11830
436 6403
436 7287
436 8104
436 8615
436 9828
436 10615
436 11675
436 11889
437 6609
437 7381
437 8543
437 8976
437 10036
437 10613
437 11501
437 11965
438 6526
438 7487
438 8372
438 9021
438 9445
438 10562
438 11409
438 12180
439 6516
439 7513
439 8455
439 8589
439 9856
439 10901
439 11517
439 11884
440 6729
440 7128
440 8007
440 9004
440 9476
440 10465
440 10960
440 12372
441 6610
441 7591
441 8328
441 9017
441 9860
441 10602
441 11671
441 12200
442 6390
442 7430
442 8396
442 8882
442 9518
442 10269
442 11509
442 12301
443 6837
443 7192
443 8218
443 8754
443 9834
443 10714
443 11051
443 12451
444 6655
444 7207
444 8318
444 8631
444 9401
444 10794
444 11266
444 12243
445 6984
445 7141
445 7858
445 9258
445 10000
445 10192
445 11043
445 12226
446 6833
446 7522
446 7941
446 9114
446 10029
446 10757
446 10924
446 12312
447 6874
447 7197
447 8443
447 9272
447 9514
447 10689
447 10966
447 12417
448 6459
448 7057
448 8080
448 8988
448 9443
448 10903
448 11548
448 12386
449 6607
449 7595
449 8371
449 8585
449 10084
449 10526
449 11039
449 11968
450 6431
450 7029
450 7893
450 8597
450 9765
450 10790
450 11115
450 12195
451 6331
451 7773
451 7814
451 8878
451 9395
451 10311
451 11553
451 12123
452 6645
452 7113
452 8249
452 8600
452 9859
452 10867
452 11554
452 12225
453 6941
453 7283
453 8226
453 8708
453 9943
453 10868
453 11241
453 12206
454 6759
454 7761
454 8457
454 9348
454 9386
454 10259
454 11304
454 12462
455 6964
455 7452
455 8115
455 9102
455 9480
455 10873
455 11170
455 11869
456 6794
456 7136
456 8528
456 8852
456 10040
456 10421
456 11172
456 12303
457 6270
457 7570
457 8580
457 9113
457 9598
457 10234
457 11347
457 12397
458 6654
458 7758
458 8268
458 8625
458 9465
458 10397
458 11162
458 12189
459 6306
459 7763
459 8212
459 8807
459 9570
459 10694
459 10976
459 12102
460 6989
460 7021
460 8373
460 8758
460 9787
460 10392
460 11219
460 11948
461 6889
461 7426
461 8090
461 9247
461 9540
461 10850
461 11506
461 12214
462 6314
462 7305
462 8374
462 9131
462 9815
462 10496
462 11500
462 12151
463 6560
463 7743
463 8356
463 8638
463 10049
463 10270
463 11336
463 11710
464 6621
464 7746
464 7930
464 9215
464 9973
464 10510
464 11113
464 12164
465 6995
465 7282
465 8345
465 8974
465 9708
465 10395
465 11350
465 11806
466 6293
466 7594
466 7859
466 9081
466 10111
466 10684
466 11487
466 12049
467 6797
467 7384
467 8262
467 8649
467 9520
467 10503
467 11281
467 11736
468 6773
468 7453
468 8352
468 8746
468 9363
468 10515
468 11062
468 12230
469 6977
469 7797
469 8472
469 9225
469 9437
469 10809
469 11228
469 12002
470 6496
470 7735
470 7991
470 8912
470 9928
470 10445
470 11358
470 12325
471 6422
471 7765
471 8023
471 9199
471 9878
471 10579
471 11601
471 11734
472 6736
472 7221
472 8194
472 8932
472 9953
472 10437
472 11565
472 12046
473 6975
473 7343
473 8395
473 9229
473 9509
473 10478
473 11549
473 11922
474 6453
474 7379
474 8370
474 8761
474 9791
474 10356
474 11658
474 12354
475 6573
475 7563
475 7829
475 9006
475 9420
475 10473
475 11128
475 11707
476 6741
476 7263
476 7983
476 9072
476 9849
476 10565
476 11389
476 12036
477 6726
477 7723
477 8567
477 8721
477 9873
477 10174
477 11652
477 11715
478 6405
478 7418
478 8163
478 8892
478 10027
478 10625
478 11581
478 12436
479 6385
479 7614
479 8465
479 8940
479 10050
479 10763
479 11408
479 11764
480 6585
480 7105
480 8040
480 8858
480 9455
480 10486
480 11663
480 12278
481 6605
481 7118
481 8579
481 8819
481 9612
481 10442
481 11442
481 12041
482 6863
482 7713
482 8339
482 9263
482 9958
482 10422
482 11401
482 11803
483 6622
483 7410
483 8063
483 9192
483 9854
483 10553
483 11402
483 11749
484 6370
484 7163
484 8147
484 8664
484 9651
484 10725
484 11044
484 12322
485 6383
485 7444
485 8264
485 9255
485 9605
485 10474
485 11392
485 11701
486 6766
486 7364
486 7878
486 9310
486 9429
486 10339
486 11144
486 12176
487 6476
487 7526
487 8284
487 8724
487 9845
487 10807
487 11145
487 12050
488 6372
488 7121
488 8067
488 8668
488 9671
488 10667
488 11048
488 12053
489 6567
489 7304
489 8521
489 8671
489 9697
489 10793
489 11357
489 12284
490 7015
490 7744
490 8439
490 9223
490 10006
490 10376
490 11229
490 11785
491 6780
491 7788
491 8291
491 9235
491 9960
491 10229
491 11681
491 12147
492 6898
492 7462
492 8416
492 8737
492 9414
492 10184
492 11482
492 12460
493 6462
493 7740
493 8306
493 8599
493 9375
493 10204
493 11065
493 11929
494 6627
494 7323
494 8400
494 8817
494 9610
494 10523
494 11081
494 11938
495 6666
495 7214
495 7939
495 8876
495 9877
495 10258
495 11027
495 12272
496 6359
496 7084
496 8211
496 9307
496 9678
496 10676
496 11088
496 11790
497 6490
497 7296
497 8510
497 9172
497 9728
497 10619
497 11429
497 12245
498 6958
498 7300
498 8232
498 9191
498 9884
498 10584
498 11237
498 12246
499 6801
499 7153
499 8048
499 8748
499 9803
499 10293
499 10952
499 12445
500 6402
500 7738
500 7899
500 8833
500 9833
500 10754
500 11641
500 12186
501 6809
501 7308
501 8151
501 8726
501 9576
501 10283
501 11209
501 11904
502 7003
502 7244
502 8336
502 8775
502 9365
502 10447
502 11343
502 12191
503 6349
503 7798
503 8089
503 9132
503 9473
503 10702
503 11405
503 11993
504 6274
504 7093
504 8114
504 9071
504 9367
504 10335
504 11600
504 12382
505 6807
505 7488
505 7995
505 9256
505 10074
505 10450
505 11060
505 12321
506 6486
506 7241
506 8562
506 9224
506 10043
506 10467
506 11488
506 12343
507 6703
507 7335
507 8523
507 9246
507 10131
507 10494
507 11670
507 12441
508 6430
508 7481
508 7862
508 8965
508 9629
508 10454
508 11033
508 11786
509 6901
509 7454
509 7914
509 8996
509 9528
509 10760
509 11372
509 12062
510 6482
510 7555
510 8183
510 9341
510 9659
510 10862
510 11047
510 11746
511 6277
511 7340
511 8239
511 8694
511 9929
511 10149
511 11579
511 12016
512 6412
512 7471
512 7883
512 9349
512 9997
512 10202
512 11572
512 12308
513 6693
513 7126
513 8099
513 9324
513 10069
513 10719
513 11576
513 11831
514 6323
514 7131
514 8398
514 9186
514 9453
514 10879
514 11232
514 12179
515 6290
515 7371
515 8312
515 8734
515 9673
515 10633
515 11012
515 12316
516 6574
516 7477
516 7950
516 9005
516 9483
516 10419
516 10980
516 12319
517 6262
517 7432
517 8388
517 8928
517 9779
517 10345
517 11571
517 11740
518 6799
518 7375
518 8280
518 9322
518 9861
518 10745
518 11528
518 12211
519 6294
519 7130
519 8511
519 9337
519 9874
519 10551
519 10947
519 11875
520 6999
520 7376
520 8546
520 9350
520 9580
520 10834
520 10997
520 12237
521 6316
521 7072
521 8173
521 8886
521 9507
521 10546
521 11502
521 12268
522 6785
522 7298
522 7853
522 9143
522 9808
522 10479
522 11103
522 12039
523 6363
523 7122
523 8002
523 8818
523 9824
523 10778
523 10984
523 12381
524 6447
524 7428
524 8331
524 9117
524 9716
524 10407
524 10957
524 12088
525 6329
525 7448
525 7997
525 8667
525 9542
525 10675
525 11202
525 11985
526 6315
526 7134
526 8070
526 9129
526 10132
526 10533
526 10999
526 12385
527 7005
527 7101
527 8394
527 8776
527 10130
527 10813
527 11677
527 11799
528 6973
528 7365
528 8108
528 8608
528 9554
528 10386
528 11143
528 11882
529 6470
529 7025
529 8272
529 8891
529 9796
529 10690
529 11302
529 12095
530 6908
530 7748
530 8214
530 8938
530 9642
530 10333
530 11233
530 12104
531 6379
531 7062
531 8451
531 8613
531 9424
531 10815
531 11455
531 12269
532 6870
532 7168
532 8052
532 8736
532 9736
532 10647
532 11132
532 11946
533 6760
533 7506
533 8479
533 9356
533 9993
533 10438
533 11660
533 11885
534 6732
534 7360
534 7837
534 9130
534 10089
534 10233
534 11140
534 12073
535 6663
535 7179
535 8193
535 8856
535 9449
535 10592
535 11387
535 12442
536 6628
536 7651
536 8414
536 8632
536 9789
536 10641
536 11410
536 12190
537 6878
537 7766
537 7823
537 8911
537 9442
537 10315
537 10941
537 11939
538 6510
538 7196
538 7811
538 8723
538 9946
538 10872
538 11416
538 12391
539 7017
539 7148
539 8256
539 8789
539 9469
539 10610
539 11384
539 12040
540 6700
540 7572
540 8420
540 8790
540 9836
540 10756
540 11175
540 12474
541 6893
541 7351
541 8350
541 8853
541 9527
541 10203
541 11421
541 11871
542 6415
542 7620
542 8535
542 8656
542 10003
542 10742
542 11631
542 11825
543 6396
543 7433
543 8447
543 8951
543 9999
543 10430
543 11146
543 11794
544 6720
544 7187
544 7942
544 8905
544 9471
544 10532
544 11552
544 12051
545 6690
545 7152
545 7881
545 9127
545 9777
545 10902
545 11545
545 11926
546 6544
546 7369
546 8050
546 8936
546 10081
546 10520
546 11512
546 12004
547 6272
547 7218
547 8333
547 8791
547 9466
547 10908
547 11316
547 11899
548 6355
548 7447
548 8569
548 8799
548 9615
548 10305
548 11164
548 12256
549 6366
549 7671
549 8575
549 9338
549 9657
549 10621
549 11450
549 12193
550 6981
550 7274
550 8482
550 9313
550 9467
550 10518
550 11514
550 11872
551 6911
551 7251
551 8538
551 9289
551 10100
551 10191
551 11557
551 12218
552 6561
552 7666
552 8164
552 8984
552 9626
552 10844
552 11664
552 11854
553 6588
553 7780
553 8066
553 9119
553 9644
553 10436
553 11590
553 11824
554 6335
554 7312
554 7908
554 9052
554 9987
554 10160
554 11424
554 11784
555 6852
555 7587
555 7850
555 8896
555 9492
555 10607
555 11046
555 12137
556 7014
556 7516
556 8499
556 8653
556 9757
556 10781
556 11597
556 11807
557 6834
557 7403
557 7815
557 8684
557 10124
557 10352
557 11205
557 12099
558 6970
558 7398
558 8430
558 9280
558 9918
558 10373
558 11197
558 12177
559 6944
559 7027
559 8043
559 9184
559 10086
559 10153
559 11654
559 11773
560 6988
560 7142
560 8009
560 9328
560 9829
560 10390
560 11567
560 12315
561 6500
561 7754
561 8073
561 9202
561 9715
561 10322
561 11621
561 11768
562 6673
562 7550
562 8502
562 8948
562 9546
562 10252
562 11109
562 12357
563 6505
563 7581
563 8490
563 8778
563 9902
563 10511
563 11256
563 12390
564 6643
564 7401
564 8036
564 8657
564 10025
564 10338
564 11120
564 11721
565 6894
565 7500
565 7937
565 8846
565 9602
565 10499
565 11058
565 12052
566 6742
566 7520
566 8505
566 8999
566 9417
566 10593
566 11192
566 11804
567 6538
567 7215
567 8424
567 9111
567 9664
567 10396
567 11124
567 12023
568 6651
568 7151
568 8319
568 9325
568 9783
568 10508
568 11190
568 12076
569 6965
569 7547
569 8271
569 8890
569 9533
569 10325
569 11100
569 12098
570 6860
570 7611
570 8061
570 9287
570 9995
570 10666
570 11380
570 12276
571 6354
571 7289
571 7877
571 8648
571 9936
571 10485
571 11417
571 12122
572 6866
572 7219
572 7906
572 8804
572 9512
572 10477
572 10949
572 12388
573 6298
573 7224
573 7894
573 9242
573 9608
573 10506
573 11260
573 12113
574 6980
574 7757
574 8072
574 8983
574 9505
574 10580
574 11620
574 12459
575 6542
575 7354
575 7803
575 9147
575 9911
575 10161
575 11608
575 11943
576 6536
576 7517
576 8133
576 9105
576 9830
576 10891
576 11151
576 12087
577 6865
577 7273
577 8453
577 8720
577 9748
577 10722
577 11318
577 11738
578 6394
578 7456
578 8386
578 9262
578 10104
578 10405
578 11556
578 11917
579 6856
579 7543
579 8574
579 9354
579 9577
579 10183
579 11195
579 12185
580 6275
580 7145
580 8563
580 9268
580 9584
580 10905
580 11110
580 12048
581 6517
581 7494
581 8509
581 8796
581 9894
581 10369
581 10971
581 12324
582 6761
582 7673
582 8307
582 8925
582 9984
582 10177
582 11049
582 12201
583 6968
583 7366
583 8341
583 9209
583 9818
583 10645
583 11609
583 11895
584 6779
584 7389
584 7959
584 8762
584 9932
584 10218
584 11666
584 12279
585 6246
585 7437
585 7863
585 9026
585 9428
585 10493
585 11301
585 11778
586 6951
586 7065
586 8459
586 9352
586 9917
586 10144
586 11165
586 11947
587 6710
587 7362
587 8405
587 8655
587 9613
587 10784
587 11303
587 11759
588 6399
588 7270
588 8077
588 8964
588 9408
588 10449
588 11432
588 12410
589 6762
589 7664
589 8093
589 8958
589 9931
589 10767
589 11692
589 12015
590 6369
590 7566
590 7988
590 9179
590 9536
590 10182
590 11599
590 12415
591 6823
591 7161
591 8382
591 9327
591 9667
591 10509
591 11653
591 12310
592 6635
592 7561
592 7873
592 8915
592 9652
592 10512
592 11383
592 12448
593 7007
593 7709
593 7888
593 8869
593 9650
593 10235
593 11575
593 12261
594 6796
594 7680
594 8554
594 8641
594 9908
594 10275
594 11249
594 11808
595 6842
595 7306
595 8330
595 8712
595 10008
595 10674
595 10925
595 11843
596 6509
596 7391
596 7954
596 8779
596 9364
596 10224
596 11354
596 12296
597 6478
597 7334
597 8532
597 8673
597 9377
597 10752
597 10951
597 12174
598 6400
598 7262
598 8158
598 9075
598 9436
598 10630
598 11463
598 11944
599 6933
599 7669
599 8480
599 8935
599 9516
599 10289
599 11632
599 11766
600 6783
600 7667
600 8186
600 9150
600 9717
600 10172
600 11445
600 11780
601 6774
601 7569
601 8404
601 8875
601 9982
601 10146
601 11157
601 11772
602 6398
602 7279
602 8137
602 8839
602 10009
602 10612
602 11697
602 12409
603 6493
603 7409
603 8417
603 8963
603 10016
603 10871
603 11403
603 11720
604 6681
604 7792
604 7865
604 8714
604 10033
604 10919
604 11415
604 12435
605 6321
605 7482
605 8471
605 8973
605 9503
605 10457
605 11498
605 12330
606 6904
606 7585
606 8298
606 9244
606 9456
606 10418
606 11569
606 12302
607 6247
607 7777
607 8496
607 8957
607 9944
607 10476
607 11248
607 12001
608 6367
608 7095
608 8444
608 8682
608 9823
608 10455
608 11607
608 12292
609 6347
609 7507
609 8270
609 8738
609 9547
609 10853
609 10989
609 12471
610 6755
610 7137
610 8167
610 9314
610 9493
610 10704
610 10944
610 11841
611 6281
611 7643
611 8084
611 9178
611 9400
611 10296
611 11492
611 11913
612 6821
612 7468
612 8379
612 9012
612 9376
612 10886
612 10996
612 12203
613 6743
613 7268
613 8572
613 8802
613 9819
613 10708
613 10950
613 12313
614 6280
614 7146
614 8518
614 9088
614 9729
614 10424
614 11240
614 11930
615 6271
615 7623
615 8105
615 9073
615 9892
615 10904
615 11485
615 11777
616 6637
616 7211
616 8520
616 8586
616 9575
616 10894
616 11309
616 12469
617 6332
617 7634
617 8088
617 8706
617 9502
617 10783
617 11251
617 12259
618 6903
618 7413
618 8537
618 9187
618 9709
618 10730
618 11199
618 12439
619 6947
619 7259
619 7986
619 8795
619 9399
619 10248
619 11659
619 11915
620 6715
620 7370
620 8015
620 9083
620 9974
620 10747
620 11079
620 12242
621 6428
621 7039
621 8248
621 8908
621 9811
621 10150
621 11204
621 12247
622 6304
622 7022
622 8017
622 8663
622 9937
622 10535
622 11066
622 12273
623 6802
623 7405
623 7943
623 8749
623 9990
623 10729
623 11019
623 12317
624 6634
624 7552
624 8313
624 9181
624 9992
624 10797
624 11184
624 11727
625 6337
625 7501
625 8019
625 9151
625 10121
625 10141
625 11560
625 11844
626 6599
626 7730
626 8138
626 9086
626 9500
626 10231
626 11289
626 11879
627 6619
627 7755
627 7977
627 9165
627 10062
627 10358
627 11639
627 12204
628 6841
628 7377
628 8423
628 9142
628 9521
628 10605
628 11142
628 11984
629 6756
629 7316
629 7828
629 9211
629 10061
629 10554
629 11413
629 12374
630 6444
630 7619
630 7980
630 8584
630 10019
630 10618
630 11294
630 12000
631 7018
631 7060
631 8201
631 8702
631 9397
631 10308
631 11159
631 11822
632 6554
632 7044
632 8243
632 9118
632 9464
632 10635
632 11476
632 12277
633 6555
633 7239
633 7964
633 9090
633 10136
633 10371
633 11397
633 12465
634 6276
634 7638
634 8005
634 9156
634 9857
634 10423
634 11341
634 11905
635 6601
635 7644
635 7900
635 8888
635 9624
635 10143
635 11404
635 12156
636 6991
636 7212
636 8547
636 8870
636 10108
636 10453
636 11001
636 12472
637 6578
637 7571
637 8355
637 8825
637 9683
637 10626
637 11651
637 12344
638 6488
638 7682
638 8464
638 9252
638 9922
638 10766
638 11230
638 11849
639 6982
639 7046
639 8165
639 8725
639 9888
639 10877
639 11117
639 12293
640 6514
640 7787
640 7809
640 8628
640 9805
640 10230
640 11525
640 12453
641 6583
641 7363
641 8561
641 9261
641 9698
641 10277
641 10940
641 12166
642 6436
642 7202
642 8274
642 9309
642 10096
642 10406
642 10937
642 12110
643 6897
643 7749
643 8448
643 8969
643 9519
643 10302
643 11292
643 12430
644 6414
644 7123
644 8325
644 9340
644 9488
644 10331
644 11023
644 12101
645 6420
645 7659
645 8343
645 8805
645 9913
645 10812
645 11095
645 11810
646 6504
646 7078
646 7827
646 8646
646 9583
646 10484
646 10979
646 12424
647 6955
647 7779
647 8254
647 8801
647 9685
647 10898
647 11611
647 12217
648 6371
648 7269
648 8491
648 8828
648 10056
648 10456
648 11655
648 11886
649 6384
649 7508
649 7804
649 8666
649 9621
649 10228
649 11082
649 12197
650 6829
650 7372
650 8577
650 8955
650 9383
650 10804
650 10990
650 12047
651 6539
651 7655
651 8175
651 8881
651 9825
651 10245
651 11546
651 12263
652 6602
652 7052
652 8029
652 9171
652 9680
652 10606
652 11067
652 11760
653 6546
653 7630
653 7904
653 9038
653 9472
653 10597
653 11196
653 12100
654 6564
654 7445
654 8308
654 9062
654 9668
654 10427
654 11465
654 11837
655 6433
655 7028
655 8559
655 9170
655 10053
655 10609
655 11674
655 12070
656 6649
656 7535
656 8317
656 9331
656 9749
656 10906
656 11425
656 12034
657 7001
657 7367
657 7834
657 9217
657 9511
657 10528
657 11070
657 12127
658 7010
658 7102
658 8109
658 8877
658 9941
658 10576
658 11305
658 12178
659 6612
659 7687
659 8053
659 9204
659 10042
659 10220
659 11258
659 11870
660 6339
660 7380
660 8157
660 9285
660 9633
660 10846
660 11495
660 12090
661 6562
661 7465
661 8326
661 9218
661 9522
661 10217
661 11580
661 11827
662 6320
662 7395
662 8470
662 9095
662 9572
662 10186
662 11112
662 12314
663 6994
663 7653
663 8032
663 9027
663 10046
663 10266
663 11412
663 12020
664 6748
664 7133
664 7938
664 8910
664 9701
664 10698
664 11335
664 11863
665 6411
665 7789
665 8489
665 9288
665 10128
665 10771
665 11591
665 11754
666 6945
666 7176
666 8342
666 8644
666 9510
666 10162
666 11148
666 12149
667 6641
667 7704
667 8483
667 9107
667 9951
667 10893
667 11503
667 11787
668 6672
668 7139
668 8315
668 9216
668 9693
668 10753
668 11069
668 11969
669 6652
669 7347
669 8141
669 9279
669 9745
669 10221
669 11330
669 11838
670 6507
670 7767
670 7990
670 9160
670 9637
670 10304
670 11573
670 12007
671 6734
671 7786
671 8143
671 9228
671 9885
671 10524
671 11222
671 11802
672 6529
672 7200
672 8375
672 8850
672 9724
672 10655
672 11547
672 11925
673 6936
673 7073
673 8111
673 9336
673 9396
673 10366
673 11322
673 12349
674 6301
674 7285
674 7854
674 9253
674 9793
674 10548
674 11040
674 11851
675 6820
675 7336
675 8170
675 8756
675 9495
675 10408
675 11216
675 11956
676 6877
676 7484
676 8412
676 8606
676 9759
676 10323
676 11448
676 11706
677 6616
677 7045
677 8179
677 8626
677 9636
677 10222
677 11344
677 11833
678 6471
678 7356
678 8054
678 8859
678 9585
678 10536
678 11090
678 12146
679 6311
679 7253
679 8351
679 8607
679 9969
679 10440
679 11075
679 12418
680 6849
680 7608
680 8045
680 9070
680 9497
680 10495
680 11259
680 12037
681 6745
681 7341
681 8216
681 8780
681 9413
681 10777
681 11317
681 12299
682 6336
682 7368
682 8367
682 9100
682 10037
682 10459
682 11645
682 11972
683 6828
683 7345
683 7817
683 8927
683 9959
683 10759
683 11198
683 12228
684 6668
684 7272
684 8205
684 9232
684 9674
684 10519
684 11085
684 12215
685 6409
685 7606
685 8369
685 9146
685 9921
685 10801
685 11551
685 11908
686 6697
686 7475
686 7993
686 8793
686 9780
686 10611
686 11370
686 12075
687 6793
687 7024
687 7826
687 8922
687 10078
687 10775
687 11588
687 12022
688 6942
688 7637
688 8207
688 9051
688 10080
688 10842
688 11619
688 12006
689 7016
689 7299
689 7806
689 8811
689 9662
689 10470
689 11451
689 12461
690 6497
690 7579
690 8498
690 9063
690 10137
690 10388
690 11052
690 11996
691 6998
691 7315
691 7842
691 8733
691 9983
691 10897
691 10959
691 11963
692 6613
692 7658
692 8432
692 9034
692 9567
692 10209
692 11449
692 11829
693 6792
693 7469
693 8247
693 8991
693 9778
693 10439
693 11160
693 12419
694 6946
694 7031
694 7825
694 9089
694 10122
694 10830
694 11430
694 12086
695 6661
695 7159
695 8340
695 9048
695 9725
695 10265
695 11134
695 12054
696 6435
696 7554
696 8419
696 9250
696 9726
696 10415
696 11179
696 11776
697 6345
697 7553
697 8144
697 8788
697 9702
697 10668
697 11531
697 12107
698 6656
698 7532
698 7851
698 9031
698 10115
698 10890
698 10988
698 11730
699 6595
699 7679
699 8422
699 9311
699 10075
699 10255
699 11683
699 11945
700 6598
700 7324
700 7944
700 9175
700 9393
700 10556
700 11038
700 12067
701 6438
701 7288
701 8025
701 8994
701 9924
701 10346
701 11616
701 11752
702 6725
702 7720
702 8251
702 9222
702 9682
702 10349
702 11376
702 11709
703 6465
703 7352
703 8487
703 8617
703 9807
703 10692
703 11324
703 11864
704 6838
704 7551
704 8135
704 8992
704 9744
704 10696
704 11367
704 11860
705 6665
705 7210
705 8076
705 8676
705 9544
705 10822
705 11604
705 12140
706 6278
706 7180
706 7956
706 9022
706 9666
706 10629
706 11022
706 12223
707 6392
707 7205
707 7922
707 9266
707 9451
707 10808
707 11460
707 12478
708 6959
708 7668
708 8204
708 8687
708 9739
708 10582
708 11574
708 12139
709 6696
709 7583
709 8028
709 9333
709 9889
709 10385
709 11446
709 12210
710 6348
710 7400
710 8347
710 8868
710 9897
710 10205
710 11346
710 12411
711 6876
711 7082
711 7962
711 8997
711 9620
711 10785
711 11102
711 11817
712 6251
712 7051
712 8566
712 9002
712 9525
712 10142
712 11015
712 12265
713 7002
713 7627
713 7844
713 8975
713 9890
713 10432
713 11127
713 11815
714 6512
714 7228
714 8477
714 9055
714 9965
714 10166
714 11595
714 12352
715 6921
715 7267
715 7905
715 8993
715 9868
715 10670
715 11497
715 12294
716 6267
716 7596
716 7848
716 9097
716 9842
716 10832
716 10985
716 12153
717 6374
717 7768
717 7833
717 9101
717 9753
717 10881
717 10938
717 11716
718 6864
718 7521
718 7996
718 8889
718 9955
718 10446
718 11398
718 12383
719 6680
719 7604
719 8361
719 9351
719 9630
719 10642
719 10953
719 11935
720 6689
720 7317
720 8287
720 9030
720 9737
720 10251
720 11194
720 11982
721 6319
721 7080
721 7841
721 8742
721 9731
721 10391
721 10943
721 12033
722 6461
722 7320
722 8426
722 9300
722 9801
722 10398
722 11519
722 11852
723 6657
723 7390
723 7947
723 9343
723 9714
723 10461
723 11254
723 11887
724 6249
724 7388
724 8130
724 9158
724 10058
724 10319
724 11011
724 11954
725 6440
725 7036
725 8091
725 9085
725 9730
725 10643
725 11563
725 12416
726 6327
726 7277
726 8106
726 8751
726 9441
726 10287
726 11543
726 11728
727 6961
727 7088
727 8096
727 8849
727 9841
727 10156
727 11377
727 12030
728 6899
728 7712
728 8557
728 9283
728 9603
728 10301
728 11428
728 12337
729 6747
729 7632
729 8411
729 8650
729 9653
729 10845
729 11378
729 12130
730 6763
730 7544
730 8435
730 9299
730 9381
730 10701
730 11689
730 12080
731 6243
731 7793
731 8548
731 8662
731 9551
731 10802
731 11080
731 11761
732 6830
732 7217
732 7940
732 8898
732 9706
732 10272
732 11201
732 11980
733 6547
733 7691
733 7918
733 8843
733 9374
733 10710
733 11315
733 12126
734 6648
734 7602
734 7970
734 8860
734 9423
734 10682
734 11626
734 11705
735 6757
735 7601
735 8526
735 8728
735 10138
735 10488
735 11695
735 12014
736 6393
736 7715
736 8320
736 8643
736 9773
736 10260
736 11444
736 11795
737 6576
737 7711
737 8102
737 9194
737 9574
737 10627
737 10923
737 12013
738 6930
738 7321
738 8349
738 8609
738 9930
738 10651
738 10933
738 12071
739 6324
739 7701
739 8377
739 8967
739 10101
739 10712
739 11459
739 11717
740 6906
740 7665
740 8010
740 8771
740 9643
740 10604
740 11469
740 11742
741 6358
741 7266
741 7871
741 9087
741 9933
741 10820
741 11586
741 12252
742 6520
742 7580
742 8449
742 9308
742 9896
742 10179
742 11236
742 11894
743 6669
743 7208
743 7963
743 8916
743 9785
743 10746
743 11306
743 12405
744 6368
744 7791
744 8125
744 8941
744 10002
744 10154
744 11243
744 11789
745 6592
745 7064
745 8301
745 9066
745 9460
745 10529
745 11226
745 12221
746 6850
746 7681
746 8384
746 8923
746 10135
746 10817
746 11515
746 12339
747 6686
747 7416
747 8128
747 9121
747 9954
747 10378
747 11020
747 11891
748 6259
748 7461
748 8288
748 8803
748 9564
748 10599
748 11252
748 11735
749 6318
749 7438
749 8519
749 9133
749 9458
749 10620
749 11643
749 12084
750 6269
750 7750
750 7886
750 9138
750 10113
750 10168
750 11235
750 12412
751 6597
751 7303
751 7928
751 9249
751 10072
751 10761
751 11153
751 12043
752 6786
752 7041
752 8541
752 9159
752 9421
752 10490
752 11169
752 12025
753 6282
753 7423
753 8399
753 9189
753 9389
753 10843
753 11496
753 12403
754 6458
754 7030
754 8530
754 8945
754 9616
754 10238
754 11352
754 11928
755 6582
755 7605
755 8168
755 8977
755 9669
755 10728
755 10998
755 11903
756 6662
756 7042
756 8276
756 8711
756 10076
756 10654
756 11152
756 12407
757 6508
757 7280
757 8311
757 9316
757 9814
757 10483
757 11564
757 12477
758 6439
758 7053
758 8174
758 8809
758 9792
758 10309
758 11673
758 12438
759 6417
759 7464
759 8365
759 8591
759 9991
759 10876
759 11490
759 12219
760 6624
760 7155
760 7836
760 8813
760 9474
760 10414
760 11326
760 12290
761 6523
761 7054
761 8293
761 8831
761 9788
761 10368
761 11526
761 12134
762 6250
762 7256
762 8142
762 8686
762 9775
762 10389
762 11400
762 11918
763 6489
763 7250
763 7953
763 8593
763 9816
763 10250
763 11255
763 12446
764 6285
764 7158
764 8059
764 9245
764 9879
764 10823
764 11211
764 11762
765 6699
765 7170
765 8097
765 9278
765 9661
765 10213
765 11325
765 11912
766 6261
766 7434
766 8446
766 9312
766 10125
766 10194
766 11647
766 12366
767 6299
767 7392
767 8524
767 8990
767 9684
767 10324
767 11293
767 12280
768 6716
768 7568
768 8257
768 8921
768 9656
768 10709
768 11056
768 11769
769 6934
769 7106
769 8285
769 9180
769 9772
769 10840
769 11068
769 11999
770 6718
770 7693
770 8407
770 8730
770 10119
770 10425
770 11217
770 11921
771 6880
771 7333
771 8421
771 8753
771 9986
771 10294
771 11223
771 12114
772 6709
772 7085
772 8153
772 9099
772 10011
772 10212
772 11542
772 12355
773 6910
773 7068
773 7948
773 9326
773 10085
773 10656
773 11264
773 12160
774 6806
774 7034
774 8260
774 8596
774 9771
774 10632
774 11050
774 12238
775 6677
775 7397
775 8092
775 8681
775 9382
775 10330
775 11479
775 11992
776 6340
776 7110
776 8506
776 8777
776 9863
776 10796
776 11385
776 11893
777 6242
777 7112
777 8364
777 9330
777 9980
777 10329
777 11107
777 12227
778 6432
778 7407
778 8409
778 9094
778 9742
778 10782
778 10970
778 12199
779 6879
779 7412
779 8410
779 9023
779 10022
779 10198
779 11431
779 11955
780 6515
780 7694
780 8140
780 8665
780 9545
780 10791
780 10963
780 12257
